[2026-03-10 02:09:58] Webhook hit. Token=8164448894:AAFbloa8DU6DxN8Jjo0nMYnP6bL33DzcBu4 Bookie=1
[2026-03-10 02:09:58] Input: {"update_id":896250643,
"message":{"message_id":3,"from":{"id":8596579399,"is_bot":false,"first_name":"Goga","last_name":"Lokhande","username":"Goga1708","language_code":"en"},"chat":{"id":8596579399,"first_name":"Goga","last_name":"Lokhande","username":"Goga1708","type":"private"},"date":1773108598,"text":"/start","entities":[{"offset":0,"length":6,"type":"bot_command"}]}}
[2026-03-10 02:19:21] Webhook hit. Token=8164448894:AAFbloa8DU6DxN8Jjo0nMYnP6bL33DzcBu4 Bookie=1
[2026-03-10 02:19:21] Input: {"update_id":896250643,"message":{"message_id":3,"from":{"id":8596579399,"first_name":"Goga"},"chat":{"id":8596579399,"first_name":"Goga"},"text":"\/start"}}
[2026-03-10 02:19:21] Routing to handleMessage
[2026-03-10 02:19:21] Processing handleMessage loop, text: /start
[2026-03-10 02:19:21] Exception: SQLSTATE[42S22]: Column not found: 1054 Unknown column 'temp_payload' in 'field list'
#0 C:\MAMP\htdocs\telegram\app\Modules\Telegram\Repositories\PlayerRepository.php(59): PDO->prepare('\r\n            U...')
#1 C:\MAMP\htdocs\telegram\app\Modules\Telegram\Controllers\TelegramWebhookController.php(71): App\Modules\Telegram\Repositories\PlayerRepository->setState(1, 1, 'MAIN_MENU')
#2 C:\MAMP\htdocs\telegram\app\Modules\Telegram\Controllers\TelegramWebhookController.php(42): App\Modules\Telegram\Controllers\TelegramWebhookController->handleMessage(Array, Object(App\Modules\Telegram\Services\TelegramService), Object(App\Modules\Telegram\Repositories\PlayerRepository), 1)
#3 C:\MAMP\htdocs\telegram\app\Core\Router.php(41): App\Modules\Telegram\Controllers\TelegramWebhookController->handle(Array)
#4 C:\MAMP\htdocs\telegram\index.php(48): App\Core\Router->dispatch()
#5 {main}
[2026-03-10 02:31:01] Webhook hit. Token=8164448894:AAFbloa8DU6DxN8Jjo0nMYnP6bL33DzcBu4 Bookie=1
[2026-03-10 02:31:01] Input: {"update_id":896250643,"message":{"message_id":3,"from":{"id":8596579399,"first_name":"Goga"},"chat":{"id":8596579399,"first_name":"Goga"},"text":"\/start"}}
[2026-03-10 02:31:01] Routing to handleMessage
[2026-03-10 02:31:01] Processing handleMessage loop, text: /start
[2026-03-10 02:31:02] Telegram response: 
[2026-03-10 02:35:08] Webhook hit. Token=8164448894:AAFbloa8DU6DxN8Jjo0nMYnP6bL33DzcBu4 Bookie=1
[2026-03-10 02:35:08] Input: {"update_id":896250644,
"message":{"message_id":4,"from":{"id":8596579399,"is_bot":false,"first_name":"Goga","last_name":"Lokhande","username":"Goga1708","language_code":"en"},"chat":{"id":8596579399,"first_name":"Goga","last_name":"Lokhande","username":"Goga1708","type":"private"},"date":1773110109,"text":"/start","entities":[{"offset":0,"length":6,"type":"bot_command"}]}}
[2026-03-10 02:35:08] Routing to handleMessage
[2026-03-10 02:35:08] Processing handleMessage loop, text: /start
[2026-03-10 02:35:08] Telegram response: 
[2026-03-10 02:42:07] Webhook hit. Token=8164448894:AAFbloa8DU6DxN8Jjo0nMYnP6bL33DzcBu4 Bookie=1
[2026-03-10 02:42:07] Input: {"update_id":896250643,"message":{"message_id":3,"from":{"id":8596579399,"first_name":"Goga"},"chat":{"id":8596579399,"first_name":"Goga"},"text":"\/start"}}
[2026-03-10 02:42:07] Routing to handleMessage
[2026-03-10 02:42:07] Processing handleMessage loop, text: /start
[2026-03-10 02:42:08] Telegram response: Array
[2026-03-10 02:42:56] Webhook hit. Token=8164448894:AAFbloa8DU6DxN8Jjo0nMYnP6bL33DzcBu4 Bookie=1
[2026-03-10 02:42:56] Input: {"update_id":896250645,
"callback_query":{"id":"28539231034816849","from":{"id":8596579399,"is_bot":false,"first_name":"Goga","last_name":"Lokhande","username":"Goga1708","language_code":"en"},"message":{"message_id":5,"from":{"id":8164448894,"is_bot":true,"first_name":"Lbbot_01","username":"Gamerlb01bot"},"chat":{"id":8596579399,"first_name":"Goga","last_name":"Lokhande","username":"Goga1708","type":"private"},"date":1773110528,"text":"Welcome to Goga's bookie bot!","entities":[{"offset":11,"length":4,"type":"bold"}],"reply_markup":{"inline_keyboard":[[{"text":"\ud83d\udcb0 Deposit","callback_data":"DEPOSIT"}],[{"text":"\ud83c\udfe7 Withdraw","callback_data":"WITHDRAW"}]]}},"chat_instance":"2599249049092060590","data":"DEPOSIT"}}
[2026-03-10 02:42:56] Routing to handleCallback
[2026-03-10 02:43:08] Webhook hit. Token=8164448894:AAFbloa8DU6DxN8Jjo0nMYnP6bL33DzcBu4 Bookie=1
[2026-03-10 02:43:08] Input: {"update_id":896250646,
"message":{"message_id":7,"from":{"id":8596579399,"is_bot":false,"first_name":"Goga","last_name":"Lokhande","username":"Goga1708","language_code":"en"},"chat":{"id":8596579399,"first_name":"Goga","last_name":"Lokhande","username":"Goga1708","type":"private"},"date":1773110589,"text":"500"}}
[2026-03-10 02:43:08] Routing to handleMessage
[2026-03-10 02:43:08] Processing handleMessage loop, text: 500
[2026-03-10 02:43:19] Webhook hit. Token=8164448894:AAFbloa8DU6DxN8Jjo0nMYnP6bL33DzcBu4 Bookie=1
[2026-03-10 02:43:19] Input: {"update_id":896250647,
"callback_query":{"id":"28539231446382724","from":{"id":8596579399,"is_bot":false,"first_name":"Goga","last_name":"Lokhande","username":"Goga1708","language_code":"en"},"message":{"message_id":8,"from":{"id":8164448894,"is_bot":true,"first_name":"Lbbot_01","username":"Gamerlb01bot"},"chat":{"id":8596579399,"first_name":"Goga","last_name":"Lokhande","username":"Goga1708","type":"private"},"date":1773110590,"text":"Great! You want to deposit $500. How would you like to pay?","reply_markup":{"inline_keyboard":[[{"text":"venmo","callback_data":"GATEWAY_1"}],[{"text":"paypal","callback_data":"GATEWAY_2"}]]}},"chat_instance":"2599249049092060590","data":"GATEWAY_1"}}
[2026-03-10 02:43:19] Routing to handleCallback
[2026-03-10 02:45:48] Webhook hit. Token=8164448894:AAFbloa8DU6DxN8Jjo0nMYnP6bL33DzcBu4 Bookie=1
[2026-03-10 02:45:48] Input: {"update_id":896250648,
"message":{"message_id":10,"from":{"id":8596579399,"is_bot":false,"first_name":"Goga","last_name":"Lokhande","username":"Goga1708","language_code":"en"},"chat":{"id":8596579399,"first_name":"Goga","last_name":"Lokhande","username":"Goga1708","type":"private"},"date":1773110749,"photo":[{"file_id":"AgACAgUAAxkBAAMKaa-F3EnX0hAe4M69PX5F-NC0PysAAqgRaxsEcXhVDoJfjr5-A-8BAAMCAANzAAM6BA","file_unique_id":"AQADqBFrGwRxeFV4","file_size":1324,"width":60,"height":90},{"file_id":"AgACAgUAAxkBAAMKaa-F3EnX0hAe4M69PX5F-NC0PysAAqgRaxsEcXhVDoJfjr5-A-8BAAMCAANtAAM6BA","file_unique_id":"AQADqBFrGwRxeFVy","file_size":12685,"width":213,"height":320},{"file_id":"AgACAgUAAxkBAAMKaa-F3EnX0hAe4M69PX5F-NC0PysAAqgRaxsEcXhVDoJfjr5-A-8BAAMCAAN4AAM6BA","file_unique_id":"AQADqBFrGwRxeFV9","file_size":45828,"width":533,"height":800},{"file_id":"AgACAgUAAxkBAAMKaa-F3EnX0hAe4M69PX5F-NC0PysAAqgRaxsEcXhVDoJfjr5-A-8BAAMCAAN5AAM6BA","file_unique_id":"AQADqBFrGwRxeFV-","file_size":88642,"width":853,"height":1280},{"file_id":"AgACAgUAAxkBAAMKaa-F3EnX0hAe4M69PX5F-NC0PysAAqgRaxsEcXhVDoJfjr5-A-8BAAMCAAN3AAM6BA","file_unique_id":"AQADqBFrGwRxeFV8","file_size":109486,"width":1024,"height":1536}]}}
[2026-03-10 02:45:48] Routing to handleMessage
[2026-03-10 02:45:48] Processing handleMessage loop, text: 
[2026-03-10 02:45:49] Fatal Error: Call to undefined method App\Modules\Telegram\Services\TelegramService::sendPhoto()
#0 C:\MAMP\htdocs\telegram\app\Modules\Telegram\Controllers\TelegramWebhookController.php(165): App\Modules\Telegram\Services\NotificationService->notifyBookie(1, '\xF0\x9F\x9A\xA8 <b>New Dep...', 'AgACAgUAAxkBAAM...', Array)
#1 C:\MAMP\htdocs\telegram\app\Modules\Telegram\Controllers\TelegramWebhookController.php(42): App\Modules\Telegram\Controllers\TelegramWebhookController->handleMessage(Array, Object(App\Modules\Telegram\Services\TelegramService), Object(App\Modules\Telegram\Repositories\PlayerRepository), 1)
#2 C:\MAMP\htdocs\telegram\app\Core\Router.php(41): App\Modules\Telegram\Controllers\TelegramWebhookController->handle(Array)
#3 C:\MAMP\htdocs\telegram\index.php(48): App\Core\Router->dispatch()
#4 {main}
[2026-03-10 03:44:55] Webhook hit. Token=8164448894:AAFbloa8DU6DxN8Jjo0nMYnP6bL33DzcBu4 Bookie=1
[2026-03-10 03:44:55] Input: {"update_id":896250649,
"message":{"message_id":12,"from":{"id":8204776787,"is_bot":false,"first_name":"Rajani","language_code":"en"},"chat":{"id":8204776787,"first_name":"Rajani","type":"private"},"date":1773114295,"text":"/start","entities":[{"offset":0,"length":6,"type":"bot_command"}]}}
[2026-03-10 03:44:55] Routing to handleMessage
[2026-03-10 03:44:55] Processing handleMessage loop, text: /start
[2026-03-10 03:44:56] Telegram response: Array
[2026-03-10 03:45:02] Webhook hit. Token=8164448894:AAFbloa8DU6DxN8Jjo0nMYnP6bL33DzcBu4 Bookie=1
[2026-03-10 03:45:02] Input: {"update_id":896250650,
"callback_query":{"id":"7569131862833414806","from":{"id":8204776787,"is_bot":false,"first_name":"Rajani","language_code":"en"},"message":{"message_id":13,"from":{"id":8164448894,"is_bot":true,"first_name":"Lbbot_01","username":"Gamerlb01bot"},"chat":{"id":8204776787,"first_name":"Rajani","type":"private"},"date":1773114296,"text":"Welcome to Rajani's bookie bot!","entities":[{"offset":11,"length":6,"type":"bold"}],"reply_markup":{"inline_keyboard":[[{"text":"\ud83d\udcb0 Deposit","callback_data":"DEPOSIT"}],[{"text":"\ud83c\udfe7 Withdraw","callback_data":"WITHDRAW"}]]}},"chat_instance":"6698031621898929507","data":"DEPOSIT"}}
[2026-03-10 03:45:02] Routing to handleCallback
[2026-03-10 03:45:11] Webhook hit. Token=8164448894:AAFbloa8DU6DxN8Jjo0nMYnP6bL33DzcBu4 Bookie=1
[2026-03-10 03:45:11] Input: {"update_id":896250651,
"message":{"message_id":15,"from":{"id":8204776787,"is_bot":false,"first_name":"Rajani","language_code":"en"},"chat":{"id":8204776787,"first_name":"Rajani","type":"private"},"date":1773114311,"text":"500"}}
[2026-03-10 03:45:11] Routing to handleMessage
[2026-03-10 03:45:11] Processing handleMessage loop, text: 500
[2026-03-10 03:45:16] Webhook hit. Token=8164448894:AAFbloa8DU6DxN8Jjo0nMYnP6bL33DzcBu4 Bookie=1
[2026-03-10 03:45:16] Input: {"update_id":896250652,
"callback_query":{"id":"7569131863182706071","from":{"id":8204776787,"is_bot":false,"first_name":"Rajani","language_code":"en"},"message":{"message_id":16,"from":{"id":8164448894,"is_bot":true,"first_name":"Lbbot_01","username":"Gamerlb01bot"},"chat":{"id":8204776787,"first_name":"Rajani","type":"private"},"date":1773114312,"text":"Great! You want to deposit $500. How would you like to pay?","reply_markup":{"inline_keyboard":[[{"text":"venmo","callback_data":"GATEWAY_1"}],[{"text":"paypal","callback_data":"GATEWAY_2"}]]}},"chat_instance":"6698031621898929507","data":"GATEWAY_1"}}
[2026-03-10 03:45:16] Routing to handleCallback
[2026-03-10 03:45:58] Webhook hit. Token=8164448894:AAFbloa8DU6DxN8Jjo0nMYnP6bL33DzcBu4 Bookie=1
[2026-03-10 03:45:58] Input: {"update_id":896250653,
"message":{"message_id":18,"from":{"id":8204776787,"is_bot":false,"first_name":"Rajani","language_code":"en"},"chat":{"id":8204776787,"first_name":"Rajani","type":"private"},"date":1773114359,"photo":[{"file_id":"AgACAgUAAxkBAAMSaa-T97Flk92ND2KUgNcS13MC5lwAAsANaxsojXhVrXAdteeXvksBAAMCAANzAAM6BA","file_unique_id":"AQADwA1rGyiNeFV4","file_size":920,"width":40,"height":90},{"file_id":"AgACAgUAAxkBAAMSaa-T97Flk92ND2KUgNcS13MC5lwAAsANaxsojXhVrXAdteeXvksBAAMCAANtAAM6BA","file_unique_id":"AQADwA1rGyiNeFVy","file_size":6831,"width":144,"height":320},{"file_id":"AgACAgUAAxkBAAMSaa-T97Flk92ND2KUgNcS13MC5lwAAsANaxsojXhVrXAdteeXvksBAAMCAAN4AAM6BA","file_unique_id":"AQADwA1rGyiNeFV9","file_size":21168,"width":359,"height":800},{"file_id":"AgACAgUAAxkBAAMSaa-T97Flk92ND2KUgNcS13MC5lwAAsANaxsojXhVrXAdteeXvksBAAMCAAN5AAM6BA","file_unique_id":"AQADwA1rGyiNeFV-","file_size":34531,"width":574,"height":1280}]}}
[2026-03-10 03:45:58] Routing to handleMessage
[2026-03-10 03:45:58] Processing handleMessage loop, text: 
[2026-03-10 03:45:59] Fatal Error: Call to undefined method App\Modules\Telegram\Services\TelegramService::sendPhoto()
#0 C:\MAMP\htdocs\telegram\app\Modules\Telegram\Controllers\TelegramWebhookController.php(165): App\Modules\Telegram\Services\NotificationService->notifyBookie(1, '\xF0\x9F\x9A\xA8 <b>New Dep...', 'AgACAgUAAxkBAAM...', Array)
#1 C:\MAMP\htdocs\telegram\app\Modules\Telegram\Controllers\TelegramWebhookController.php(42): App\Modules\Telegram\Controllers\TelegramWebhookController->handleMessage(Array, Object(App\Modules\Telegram\Services\TelegramService), Object(App\Modules\Telegram\Repositories\PlayerRepository), 1)
#2 C:\MAMP\htdocs\telegram\app\Core\Router.php(41): App\Modules\Telegram\Controllers\TelegramWebhookController->handle(Array)
#3 C:\MAMP\htdocs\telegram\index.php(48): App\Core\Router->dispatch()
#4 {main}
[2026-03-10 04:03:04] Webhook hit. Token=8164448894:AAFbloa8DU6DxN8Jjo0nMYnP6bL33DzcBu4 Bookie=1
[2026-03-10 04:03:04] Input: {"update_id":896250654,
"callback_query":{"id":"7569131863169367691","from":{"id":8204776787,"is_bot":false,"first_name":"Rajani","language_code":"en"},"message":{"message_id":19,"from":{"id":8164448894,"is_bot":true,"first_name":"Lbbot_01","username":"Gamerlb01bot"},"chat":{"id":8204776787,"first_name":"Rajani","type":"private"},"date":1773114360,"text":"\u2705 Receipt uploaded successfully! The Bookie will review it shortly.","reply_markup":{"inline_keyboard":[[{"text":"Back to Menu","callback_data":"MAIN_MENU"}]]}},"chat_instance":"6698031621898929507","data":"MAIN_MENU"}}
[2026-03-10 04:03:04] Routing to handleCallback
[2026-03-10 04:03:09] Webhook hit. Token=8164448894:AAFbloa8DU6DxN8Jjo0nMYnP6bL33DzcBu4 Bookie=1
[2026-03-10 04:03:09] Input: {"update_id":896250655,
"callback_query":{"id":"7569131863919470355","from":{"id":8204776787,"is_bot":false,"first_name":"Rajani","language_code":"en"},"message":{"message_id":19,"from":{"id":8164448894,"is_bot":true,"first_name":"Lbbot_01","username":"Gamerlb01bot"},"chat":{"id":8204776787,"first_name":"Rajani","type":"private"},"date":1773114360,"text":"\u2705 Receipt uploaded successfully! The Bookie will review it shortly.","reply_markup":{"inline_keyboard":[[{"text":"Back to Menu","callback_data":"MAIN_MENU"}]]}},"chat_instance":"6698031621898929507","data":"MAIN_MENU"}}
[2026-03-10 04:03:09] Routing to handleCallback
[2026-03-10 04:03:18] Webhook hit. Token=8164448894:AAFbloa8DU6DxN8Jjo0nMYnP6bL33DzcBu4 Bookie=1
[2026-03-10 04:03:18] Input: {"update_id":896250656,
"message":{"message_id":20,"from":{"id":8204776787,"is_bot":false,"first_name":"Rajani","language_code":"en"},"chat":{"id":8204776787,"first_name":"Rajani","type":"private"},"date":1773115399,"text":"/start","entities":[{"offset":0,"length":6,"type":"bot_command"}]}}
[2026-03-10 04:03:18] Routing to handleMessage
[2026-03-10 04:03:18] Processing handleMessage loop, text: /start
[2026-03-10 04:03:19] Telegram response: Array
[2026-03-10 04:03:21] Webhook hit. Token=8164448894:AAFbloa8DU6DxN8Jjo0nMYnP6bL33DzcBu4 Bookie=1
[2026-03-10 04:03:21] Input: {"update_id":896250657,
"callback_query":{"id":"7569131864410299671","from":{"id":8204776787,"is_bot":false,"first_name":"Rajani","language_code":"en"},"message":{"message_id":21,"from":{"id":8164448894,"is_bot":true,"first_name":"Lbbot_01","username":"Gamerlb01bot"},"chat":{"id":8204776787,"first_name":"Rajani","type":"private"},"date":1773115400,"text":"Welcome to Rajani's bookie bot!","entities":[{"offset":11,"length":6,"type":"bold"}],"reply_markup":{"inline_keyboard":[[{"text":"\ud83d\udcb0 Deposit","callback_data":"DEPOSIT"}],[{"text":"\ud83c\udfe7 Withdraw","callback_data":"WITHDRAW"}]]}},"chat_instance":"6698031621898929507","data":"DEPOSIT"}}
[2026-03-10 04:03:21] Routing to handleCallback
[2026-03-10 04:03:28] Webhook hit. Token=8164448894:AAFbloa8DU6DxN8Jjo0nMYnP6bL33DzcBu4 Bookie=1
[2026-03-10 04:03:28] Input: {"update_id":896250658,
"message":{"message_id":23,"from":{"id":8204776787,"is_bot":false,"first_name":"Rajani","language_code":"en"},"chat":{"id":8204776787,"first_name":"Rajani","type":"private"},"date":1773115408,"text":"300"}}
[2026-03-10 04:03:28] Routing to handleMessage
[2026-03-10 04:03:28] Processing handleMessage loop, text: 300
[2026-03-10 04:03:30] Webhook hit. Token=8164448894:AAFbloa8DU6DxN8Jjo0nMYnP6bL33DzcBu4 Bookie=1
[2026-03-10 04:03:30] Input: {"update_id":896250659,
"callback_query":{"id":"7569131861660518404","from":{"id":8204776787,"is_bot":false,"first_name":"Rajani","language_code":"en"},"message":{"message_id":24,"from":{"id":8164448894,"is_bot":true,"first_name":"Lbbot_01","username":"Gamerlb01bot"},"chat":{"id":8204776787,"first_name":"Rajani","type":"private"},"date":1773115409,"text":"Great! You want to deposit $300. How would you like to pay?","reply_markup":{"inline_keyboard":[[{"text":"venmo","callback_data":"GATEWAY_1"}],[{"text":"paypal","callback_data":"GATEWAY_2"}]]}},"chat_instance":"6698031621898929507","data":"GATEWAY_1"}}
[2026-03-10 04:03:30] Routing to handleCallback
[2026-03-10 04:03:46] Webhook hit. Token=8164448894:AAFbloa8DU6DxN8Jjo0nMYnP6bL33DzcBu4 Bookie=1
[2026-03-10 04:03:46] Input: {"update_id":896250660,
"message":{"message_id":26,"from":{"id":8204776787,"is_bot":false,"first_name":"Rajani","language_code":"en"},"chat":{"id":8204776787,"first_name":"Rajani","type":"private"},"date":1773115426,"photo":[{"file_id":"AgACAgUAAxkBAAMaaa-YIiwapAR_NIgdZel_h-6sc3YAAk4OaxuzcXlVI658nStIlUoBAAMCAANzAAM6BA","file_unique_id":"AQADTg5rG7NxeVV4","file_size":1109,"width":40,"height":90},{"file_id":"AgACAgUAAxkBAAMaaa-YIiwapAR_NIgdZel_h-6sc3YAAk4OaxuzcXlVI658nStIlUoBAAMCAANtAAM6BA","file_unique_id":"AQADTg5rG7NxeVVy","file_size":14134,"width":144,"height":320},{"file_id":"AgACAgUAAxkBAAMaaa-YIiwapAR_NIgdZel_h-6sc3YAAk4OaxuzcXlVI658nStIlUoBAAMCAAN4AAM6BA","file_unique_id":"AQADTg5rG7NxeVV9","file_size":58518,"width":359,"height":800},{"file_id":"AgACAgUAAxkBAAMaaa-YIiwapAR_NIgdZel_h-6sc3YAAk4OaxuzcXlVI658nStIlUoBAAMCAAN5AAM6BA","file_unique_id":"AQADTg5rG7NxeVV-","file_size":104695,"width":574,"height":1280}]}}
[2026-03-10 04:03:46] Routing to handleMessage
[2026-03-10 04:03:46] Processing handleMessage loop, text: 
[2026-03-10 04:51:58] Webhook hit. Token=8164448894:AAFbloa8DU6DxN8Jjo0nMYnP6bL33DzcBu4 Bookie=1
[2026-03-10 04:51:58] Input: {"update_id":896250661,
"message":{"message_id":31,"from":{"id":8596579399,"is_bot":false,"first_name":"Goga","last_name":"Lokhande","username":"Goga1708","language_code":"en"},"chat":{"id":8596579399,"first_name":"Goga","last_name":"Lokhande","username":"Goga1708","type":"private"},"date":1773118318,"text":"/start","entities":[{"offset":0,"length":6,"type":"bot_command"}]}}
[2026-03-10 04:51:58] Routing to handleMessage
[2026-03-10 04:51:58] Processing handleMessage loop, text: /start
[2026-03-10 04:51:58] Telegram response: Array
[2026-03-10 04:53:08] Webhook hit. Token=8164448894:AAFbloa8DU6DxN8Jjo0nMYnP6bL33DzcBu4 Bookie=1
[2026-03-10 04:53:08] Input: {"update_id":896250662,
"message":{"message_id":33,"from":{"id":8596579399,"is_bot":false,"first_name":"Goga","last_name":"Lokhande","username":"Goga1708","language_code":"en"},"chat":{"id":8596579399,"first_name":"Goga","last_name":"Lokhande","username":"Goga1708","type":"private"},"date":1773118388,"text":"/start","entities":[{"offset":0,"length":6,"type":"bot_command"}]}}
[2026-03-10 04:53:08] Routing to handleMessage
[2026-03-10 04:53:08] Processing handleMessage loop, text: /start
[2026-03-10 04:53:09] Telegram response: Array
[2026-03-10 06:13:45] Webhook hit. Token=8164448894:AAFbloa8DU6DxN8Jjo0nMYnP6bL33DzcBu4 Bookie=NOT_FOUND
[2026-03-10 06:28:00] Webhook hit. Token=8164448894:AAFbloa8DU6DxN8Jjo0nMYnP6bL33DzcBu4 Bookie=1
[2026-03-10 06:28:00] Input: {"update_id":896250663,
"message":{"message_id":35,"from":{"id":8596579399,"is_bot":false,"first_name":"Goga","last_name":"Lokhande","username":"Goga1708","language_code":"en"},"chat":{"id":8596579399,"first_name":"Goga","last_name":"Lokhande","username":"Goga1708","type":"private"},"date":1773124081,"text":"151638"}}
[2026-03-10 06:28:00] Routing to handleMessage
[2026-03-10 06:28:00] Processing handleMessage loop, text: 151638
[2026-03-10 06:28:58] Webhook hit. Token=8164448894:AAFbloa8DU6DxN8Jjo0nMYnP6bL33DzcBu4 Bookie=1
[2026-03-10 06:28:58] Input: {"update_id":896250664,
"message":{"message_id":37,"from":{"id":8204776787,"is_bot":false,"first_name":"Rajani","username":"Rajani1708","language_code":"en"},"chat":{"id":8204776787,"first_name":"Rajani","username":"Rajani1708","type":"private"},"date":1773124139,"text":"/start","entities":[{"offset":0,"length":6,"type":"bot_command"}]}}
[2026-03-10 06:28:58] Routing to handleMessage
[2026-03-10 06:28:58] Processing handleMessage loop, text: /start
[2026-03-10 06:28:59] Telegram response: Array
[2026-03-10 06:29:03] Webhook hit. Token=8164448894:AAFbloa8DU6DxN8Jjo0nMYnP6bL33DzcBu4 Bookie=1
[2026-03-10 06:29:03] Input: {"update_id":896250665,
"callback_query":{"id":"7569131862453986162","from":{"id":8204776787,"is_bot":false,"first_name":"Rajani","username":"Rajani1708","language_code":"en"},"message":{"message_id":38,"from":{"id":8164448894,"is_bot":true,"first_name":"Lbbot_01","username":"Gamerlb01bot"},"chat":{"id":8204776787,"first_name":"Rajani","username":"Rajani1708","type":"private"},"date":1773124140,"text":"Welcome to Rajani's bookie bot!","entities":[{"offset":11,"length":6,"type":"bold"}],"reply_markup":{"inline_keyboard":[[{"text":"\ud83d\udcb0 Deposit","callback_data":"DEPOSIT"}],[{"text":"\ud83c\udfe7 Withdraw","callback_data":"WITHDRAW"}]]}},"chat_instance":"6698031621898929507","data":"DEPOSIT"}}
[2026-03-10 06:29:03] Routing to handleCallback
[2026-03-10 06:29:12] Webhook hit. Token=8164448894:AAFbloa8DU6DxN8Jjo0nMYnP6bL33DzcBu4 Bookie=1
[2026-03-10 06:29:12] Input: {"update_id":896250666,
"message":{"message_id":40,"from":{"id":8204776787,"is_bot":false,"first_name":"Rajani","username":"Rajani1708","language_code":"en"},"chat":{"id":8204776787,"first_name":"Rajani","username":"Rajani1708","type":"private"},"date":1773124153,"text":"50"}}
[2026-03-10 06:29:12] Routing to handleMessage
[2026-03-10 06:29:12] Processing handleMessage loop, text: 50
[2026-03-10 06:29:15] Webhook hit. Token=8164448894:AAFbloa8DU6DxN8Jjo0nMYnP6bL33DzcBu4 Bookie=1
[2026-03-10 06:29:15] Input: {"update_id":896250667,
"callback_query":{"id":"7569131864070519322","from":{"id":8204776787,"is_bot":false,"first_name":"Rajani","username":"Rajani1708","language_code":"en"},"message":{"message_id":41,"from":{"id":8164448894,"is_bot":true,"first_name":"Lbbot_01","username":"Gamerlb01bot"},"chat":{"id":8204776787,"first_name":"Rajani","username":"Rajani1708","type":"private"},"date":1773124154,"text":"Great! You want to deposit $50. How would you like to pay?","reply_markup":{"inline_keyboard":[[{"text":"venmo","callback_data":"GATEWAY_1"}],[{"text":"paypal","callback_data":"GATEWAY_2"}]]}},"chat_instance":"6698031621898929507","data":"GATEWAY_1"}}
[2026-03-10 06:29:15] Routing to handleCallback
[2026-03-10 06:29:33] Webhook hit. Token=8164448894:AAFbloa8DU6DxN8Jjo0nMYnP6bL33DzcBu4 Bookie=1
[2026-03-10 06:29:33] Input: {"update_id":896250668,
"message":{"message_id":43,"from":{"id":8204776787,"is_bot":false,"first_name":"Rajani","username":"Rajani1708","language_code":"en"},"chat":{"id":8204776787,"first_name":"Rajani","username":"Rajani1708","type":"private"},"date":1773124174,"photo":[{"file_id":"AgACAgUAAxkBAAMraa-6Tl22zguSqitOTcMXROV-rnIAAsMOaxuzcXlV2STCWLq5vJUBAAMCAANzAAM6BA","file_unique_id":"AQADww5rG7NxeVV4","file_size":1095,"width":40,"height":90},{"file_id":"AgACAgUAAxkBAAMraa-6Tl22zguSqitOTcMXROV-rnIAAsMOaxuzcXlV2STCWLq5vJUBAAMCAANtAAM6BA","file_unique_id":"AQADww5rG7NxeVVy","file_size":14638,"width":144,"height":320},{"file_id":"AgACAgUAAxkBAAMraa-6Tl22zguSqitOTcMXROV-rnIAAsMOaxuzcXlV2STCWLq5vJUBAAMCAAN4AAM6BA","file_unique_id":"AQADww5rG7NxeVV9","file_size":67538,"width":359,"height":800},{"file_id":"AgACAgUAAxkBAAMraa-6Tl22zguSqitOTcMXROV-rnIAAsMOaxuzcXlV2STCWLq5vJUBAAMCAAN5AAM6BA","file_unique_id":"AQADww5rG7NxeVV-","file_size":128724,"width":574,"height":1280}]}}
[2026-03-10 06:29:33] Routing to handleMessage
[2026-03-10 06:29:33] Processing handleMessage loop, text: 
[2026-03-10 06:29:48] Webhook hit. Token=8164448894:AAFbloa8DU6DxN8Jjo0nMYnP6bL33DzcBu4 Bookie=1
[2026-03-10 06:29:48] Input: {"update_id":896250669,
"callback_query":{"id":"28539229404239879","from":{"id":8596579399,"is_bot":false,"first_name":"Goga","last_name":"Lokhande","username":"Goga1708","language_code":"en"},"message":{"message_id":45,"from":{"id":8164448894,"is_bot":true,"first_name":"Lbbot_01","username":"Gamerlb01bot"},"chat":{"id":8596579399,"first_name":"Goga","last_name":"Lokhande","username":"Goga1708","type":"private"},"date":1773124176,"photo":[{"file_id":"AgACAgUAAxkBAAMraa-6Tl22zguSqitOTcMXROV-rnIAAsMOaxuzcXlV2STCWLq5vJUBAAMCAANzAAM6BA","file_unique_id":"AQADww5rG7NxeVV4","file_size":1095,"width":40,"height":90},{"file_id":"AgACAgUAAxkBAAMraa-6Tl22zguSqitOTcMXROV-rnIAAsMOaxuzcXlV2STCWLq5vJUBAAMCAANtAAM6BA","file_unique_id":"AQADww5rG7NxeVVy","file_size":14638,"width":144,"height":320},{"file_id":"AgACAgUAAxkBAAMraa-6Tl22zguSqitOTcMXROV-rnIAAsMOaxuzcXlV2STCWLq5vJUBAAMCAAN4AAM6BA","file_unique_id":"AQADww5rG7NxeVV9","file_size":67538,"width":359,"height":800},{"file_id":"AgACAgUAAxkBAAMraa-6Tl22zguSqitOTcMXROV-rnIAAsMOaxuzcXlV2STCWLq5vJUBAAMCAAN5AAM6BA","file_unique_id":"AQADww5rG7NxeVV-","file_size":128724,"width":574,"height":1280}],"caption":"\ud83d\udea8 New Deposit Request\n\nPlayer: Rajani (@Rajani1708)\nAmount: $50.00","caption_entities":[{"offset":3,"length":19,"type":"bold"},{"offset":32,"length":6,"type":"bold"},{"offset":40,"length":11,"type":"mention"},{"offset":61,"length":6,"type":"bold"}],"reply_markup":{"inline_keyboard":[[{"text":"\u2705 Approve","callback_data":"APPROVE_DEPOSIT_1"},{"text":"\u274c Reject","callback_data":"REJECT_DEPOSIT_1"}]]}},"chat_instance":"2599249049092060590","data":"APPROVE_DEPOSIT_1"}}
[2026-03-10 06:29:48] Routing to handleCallback
[2026-03-10 06:29:49] Fatal Error: Call to undefined method App\Modules\Telegram\Services\TelegramService::editMessageCaption()
#0 C:\MAMP\htdocs\telegram\app\Modules\Telegram\Controllers\TelegramWebhookController.php(45): App\Modules\Telegram\Controllers\TelegramWebhookController->handleCallback(Array, Object(App\Modules\Telegram\Services\TelegramService), Object(App\Modules\Telegram\Repositories\PlayerRepository), 1)
#1 C:\MAMP\htdocs\telegram\app\Core\Router.php(41): App\Modules\Telegram\Controllers\TelegramWebhookController->handle(Array)
#2 C:\MAMP\htdocs\telegram\index.php(48): App\Core\Router->dispatch()
#3 {main}
[2026-03-10 06:30:02] Webhook hit. Token=8164448894:AAFbloa8DU6DxN8Jjo0nMYnP6bL33DzcBu4 Bookie=1
[2026-03-10 06:30:02] Input: {"update_id":896250670,
"callback_query":{"id":"28539229147458343","from":{"id":8596579399,"is_bot":false,"first_name":"Goga","last_name":"Lokhande","username":"Goga1708","language_code":"en"},"message":{"message_id":45,"from":{"id":8164448894,"is_bot":true,"first_name":"Lbbot_01","username":"Gamerlb01bot"},"chat":{"id":8596579399,"first_name":"Goga","last_name":"Lokhande","username":"Goga1708","type":"private"},"date":1773124176,"photo":[{"file_id":"AgACAgUAAxkBAAMraa-6Tl22zguSqitOTcMXROV-rnIAAsMOaxuzcXlV2STCWLq5vJUBAAMCAANzAAM6BA","file_unique_id":"AQADww5rG7NxeVV4","file_size":1095,"width":40,"height":90},{"file_id":"AgACAgUAAxkBAAMraa-6Tl22zguSqitOTcMXROV-rnIAAsMOaxuzcXlV2STCWLq5vJUBAAMCAANtAAM6BA","file_unique_id":"AQADww5rG7NxeVVy","file_size":14638,"width":144,"height":320},{"file_id":"AgACAgUAAxkBAAMraa-6Tl22zguSqitOTcMXROV-rnIAAsMOaxuzcXlV2STCWLq5vJUBAAMCAAN4AAM6BA","file_unique_id":"AQADww5rG7NxeVV9","file_size":67538,"width":359,"height":800},{"file_id":"AgACAgUAAxkBAAMraa-6Tl22zguSqitOTcMXROV-rnIAAsMOaxuzcXlV2STCWLq5vJUBAAMCAAN5AAM6BA","file_unique_id":"AQADww5rG7NxeVV-","file_size":128724,"width":574,"height":1280}],"caption":"\ud83d\udea8 New Deposit Request\n\nPlayer: Rajani (@Rajani1708)\nAmount: $50.00","caption_entities":[{"offset":3,"length":19,"type":"bold"},{"offset":32,"length":6,"type":"bold"},{"offset":40,"length":11,"type":"mention"},{"offset":61,"length":6,"type":"bold"}],"reply_markup":{"inline_keyboard":[[{"text":"\u2705 Approve","callback_data":"APPROVE_DEPOSIT_1"},{"text":"\u274c Reject","callback_data":"REJECT_DEPOSIT_1"}]]}},"chat_instance":"2599249049092060590","data":"APPROVE_DEPOSIT_1"}}
[2026-03-10 06:30:02] Routing to handleCallback
[2026-03-10 06:44:28] Webhook hit. Token=8164448894:AAFbloa8DU6DxN8Jjo0nMYnP6bL33DzcBu4 Bookie=1
[2026-03-10 06:44:28] Input: {"update_id":896250671,
"message":{"message_id":46,"from":{"id":8204776787,"is_bot":false,"first_name":"Rajani","username":"Rajani1708","language_code":"en"},"chat":{"id":8204776787,"first_name":"Rajani","username":"Rajani1708","type":"private"},"date":1773125068,"text":"/start","entities":[{"offset":0,"length":6,"type":"bot_command"}]}}
[2026-03-10 06:44:28] Routing to handleMessage
[2026-03-10 06:44:28] Processing handleMessage loop, text: /start
[2026-03-10 06:44:29] Telegram response: Array
[2026-03-10 06:44:30] Webhook hit. Token=8164448894:AAFbloa8DU6DxN8Jjo0nMYnP6bL33DzcBu4 Bookie=1
[2026-03-10 06:44:30] Input: {"update_id":896250672,
"callback_query":{"id":"7569131862390079507","from":{"id":8204776787,"is_bot":false,"first_name":"Rajani","username":"Rajani1708","language_code":"en"},"message":{"message_id":47,"from":{"id":8164448894,"is_bot":true,"first_name":"Lbbot_01","username":"Gamerlb01bot"},"chat":{"id":8204776787,"first_name":"Rajani","username":"Rajani1708","type":"private"},"date":1773125069,"text":"Welcome to Rajani's bookie bot!","entities":[{"offset":11,"length":6,"type":"bold"}],"reply_markup":{"inline_keyboard":[[{"text":"\ud83d\udcb0 Deposit","callback_data":"DEPOSIT"}],[{"text":"\ud83c\udfe7 Withdraw","callback_data":"WITHDRAW"}]]}},"chat_instance":"6698031621898929507","data":"DEPOSIT"}}
[2026-03-10 06:44:30] Routing to handleCallback
[2026-03-10 06:44:36] Webhook hit. Token=8164448894:AAFbloa8DU6DxN8Jjo0nMYnP6bL33DzcBu4 Bookie=1
[2026-03-10 06:44:36] Input: {"update_id":896250673,
"message":{"message_id":49,"from":{"id":8204776787,"is_bot":false,"first_name":"Rajani","username":"Rajani1708","language_code":"en"},"chat":{"id":8204776787,"first_name":"Rajani","username":"Rajani1708","type":"private"},"date":1773125077,"text":"60"}}
[2026-03-10 06:44:36] Routing to handleMessage
[2026-03-10 06:44:36] Processing handleMessage loop, text: 60
[2026-03-10 06:44:38] Webhook hit. Token=8164448894:AAFbloa8DU6DxN8Jjo0nMYnP6bL33DzcBu4 Bookie=1
[2026-03-10 06:44:38] Input: {"update_id":896250674,
"callback_query":{"id":"7569131861248270865","from":{"id":8204776787,"is_bot":false,"first_name":"Rajani","username":"Rajani1708","language_code":"en"},"message":{"message_id":50,"from":{"id":8164448894,"is_bot":true,"first_name":"Lbbot_01","username":"Gamerlb01bot"},"chat":{"id":8204776787,"first_name":"Rajani","username":"Rajani1708","type":"private"},"date":1773125078,"text":"Great! You want to deposit $60. How would you like to pay?","reply_markup":{"inline_keyboard":[[{"text":"venmo","callback_data":"GATEWAY_1"}],[{"text":"paypal","callback_data":"GATEWAY_2"}]]}},"chat_instance":"6698031621898929507","data":"GATEWAY_1"}}
[2026-03-10 06:44:38] Routing to handleCallback
[2026-03-10 06:44:51] Webhook hit. Token=8164448894:AAFbloa8DU6DxN8Jjo0nMYnP6bL33DzcBu4 Bookie=1
[2026-03-10 06:44:51] Input: {"update_id":896250675,
"message":{"message_id":52,"from":{"id":8204776787,"is_bot":false,"first_name":"Rajani","username":"Rajani1708","language_code":"en"},"chat":{"id":8204776787,"first_name":"Rajani","username":"Rajani1708","type":"private"},"date":1773125091,"photo":[{"file_id":"AgACAgUAAxkBAAM0aa-94yRdcvzgzHCvqCzgbpJTvDcAAtAOaxuzcXlVW4NOrrX29_cBAAMCAANzAAM6BA","file_unique_id":"AQAD0A5rG7NxeVV4","file_size":1057,"width":40,"height":90},{"file_id":"AgACAgUAAxkBAAM0aa-94yRdcvzgzHCvqCzgbpJTvDcAAtAOaxuzcXlVW4NOrrX29_cBAAMCAANtAAM6BA","file_unique_id":"AQAD0A5rG7NxeVVy","file_size":14790,"width":144,"height":320},{"file_id":"AgACAgUAAxkBAAM0aa-94yRdcvzgzHCvqCzgbpJTvDcAAtAOaxuzcXlVW4NOrrX29_cBAAMCAAN4AAM6BA","file_unique_id":"AQAD0A5rG7NxeVV9","file_size":57628,"width":359,"height":800},{"file_id":"AgACAgUAAxkBAAM0aa-94yRdcvzgzHCvqCzgbpJTvDcAAtAOaxuzcXlVW4NOrrX29_cBAAMCAAN5AAM6BA","file_unique_id":"AQAD0A5rG7NxeVV-","file_size":96194,"width":574,"height":1280}]}}
[2026-03-10 06:44:51] Routing to handleMessage
[2026-03-10 06:44:51] Processing handleMessage loop, text: 
[2026-03-10 06:44:59] Webhook hit. Token=8164448894:AAFbloa8DU6DxN8Jjo0nMYnP6bL33DzcBu4 Bookie=1
[2026-03-10 06:44:59] Input: {"update_id":896250676,
"callback_query":{"id":"28539228890402245","from":{"id":8596579399,"is_bot":false,"first_name":"Goga","last_name":"Lokhande","username":"Goga1708","language_code":"en"},"message":{"message_id":54,"from":{"id":8164448894,"is_bot":true,"first_name":"Lbbot_01","username":"Gamerlb01bot"},"chat":{"id":8596579399,"first_name":"Goga","last_name":"Lokhande","username":"Goga1708","type":"private"},"date":1773125093,"photo":[{"file_id":"AgACAgUAAxkBAAM0aa-94yRdcvzgzHCvqCzgbpJTvDcAAtAOaxuzcXlVW4NOrrX29_cBAAMCAANzAAM6BA","file_unique_id":"AQAD0A5rG7NxeVV4","file_size":1057,"width":40,"height":90},{"file_id":"AgACAgUAAxkBAAM0aa-94yRdcvzgzHCvqCzgbpJTvDcAAtAOaxuzcXlVW4NOrrX29_cBAAMCAANtAAM6BA","file_unique_id":"AQAD0A5rG7NxeVVy","file_size":14790,"width":144,"height":320},{"file_id":"AgACAgUAAxkBAAM0aa-94yRdcvzgzHCvqCzgbpJTvDcAAtAOaxuzcXlVW4NOrrX29_cBAAMCAAN4AAM6BA","file_unique_id":"AQAD0A5rG7NxeVV9","file_size":57628,"width":359,"height":800},{"file_id":"AgACAgUAAxkBAAM0aa-94yRdcvzgzHCvqCzgbpJTvDcAAtAOaxuzcXlVW4NOrrX29_cBAAMCAAN5AAM6BA","file_unique_id":"AQAD0A5rG7NxeVV-","file_size":96194,"width":574,"height":1280}],"caption":"\ud83d\udea8 New Deposit Request\n\nPlayer: Rajani (@Rajani1708)\nAmount: $60.00","caption_entities":[{"offset":3,"length":19,"type":"bold"},{"offset":32,"length":6,"type":"bold"},{"offset":40,"length":11,"type":"mention"},{"offset":61,"length":6,"type":"bold"}],"reply_markup":{"inline_keyboard":[[{"text":"\u2705 Approve","callback_data":"APPROVE_DEPOSIT_2"},{"text":"\u274c Reject","callback_data":"REJECT_DEPOSIT_2"}]]}},"chat_instance":"2599249049092060590","data":"APPROVE_DEPOSIT_2"}}
[2026-03-10 06:44:59] Routing to handleCallback
[2026-03-10 06:55:20] Webhook hit. Token=8164448894:AAFbloa8DU6DxN8Jjo0nMYnP6bL33DzcBu4 Bookie=1
[2026-03-10 06:55:20] Input: {"update_id":896250677,
"message":{"message_id":56,"from":{"id":8596579399,"is_bot":false,"first_name":"Goga","last_name":"Lokhande","username":"Goga1708","language_code":"en"},"chat":{"id":8596579399,"first_name":"Goga","last_name":"Lokhande","username":"Goga1708","type":"private"},"date":1773125720,"text":"883236"}}
[2026-03-10 06:55:20] Routing to handleMessage
[2026-03-10 06:55:20] Processing handleMessage loop, text: 883236
[2026-03-10 06:57:06] Webhook hit. Token=8164448894:AAFbloa8DU6DxN8Jjo0nMYnP6bL33DzcBu4 Bookie=1
[2026-03-10 06:57:06] Input: {"update_id":896250678,
"message":{"message_id":58,"from":{"id":6876259231,"is_bot":false,"first_name":"Big Rob - $KIMCHI on Doge","username":"capetillorob","language_code":"en"},"chat":{"id":6876259231,"first_name":"Big Rob - $KIMCHI on Doge","username":"capetillorob","type":"private"},"date":1773125827,"text":"/start","entities":[{"offset":0,"length":6,"type":"bot_command"}]}}
[2026-03-10 06:57:06] Routing to handleMessage
[2026-03-10 06:57:06] Processing handleMessage loop, text: /start
[2026-03-10 06:57:07] Telegram response: Array
[2026-03-10 06:57:15] Webhook hit. Token=8164448894:AAFbloa8DU6DxN8Jjo0nMYnP6bL33DzcBu4 Bookie=1
[2026-03-10 06:57:15] Input: {"update_id":896250679,
"callback_query":{"id":"1863192409086388940","from":{"id":6876259231,"is_bot":false,"first_name":"Big Rob - $KIMCHI on Doge","username":"capetillorob","language_code":"en"},"message":{"message_id":59,"from":{"id":8164448894,"is_bot":true,"first_name":"Lbbot_01","username":"Gamerlb01bot"},"chat":{"id":6876259231,"first_name":"Big Rob - $KIMCHI on Doge","username":"capetillorob","type":"private"},"date":1773125828,"text":"Welcome to Big Rob - $KIMCHI on Doge's bookie bot!","entities":[{"offset":11,"length":10,"type":"bold"},{"offset":21,"length":7,"type":"cashtag"},{"offset":21,"length":7,"type":"bold"},{"offset":28,"length":8,"type":"bold"}],"reply_markup":{"inline_keyboard":[[{"text":"\ud83d\udcb0 Deposit","callback_data":"DEPOSIT"}],[{"text":"\ud83c\udfe7 Withdraw","callback_data":"WITHDRAW"}]]}},"chat_instance":"501308030367703006","data":"DEPOSIT"}}
[2026-03-10 06:57:15] Routing to handleCallback
[2026-03-10 06:57:21] Webhook hit. Token=8164448894:AAFbloa8DU6DxN8Jjo0nMYnP6bL33DzcBu4 Bookie=1
[2026-03-10 06:57:21] Input: {"update_id":896250680,
"message":{"message_id":61,"from":{"id":6876259231,"is_bot":false,"first_name":"Big Rob - $KIMCHI on Doge","username":"capetillorob","language_code":"en"},"chat":{"id":6876259231,"first_name":"Big Rob - $KIMCHI on Doge","username":"capetillorob","type":"private"},"date":1773125842,"text":"500"}}
[2026-03-10 06:57:21] Routing to handleMessage
[2026-03-10 06:57:21] Processing handleMessage loop, text: 500
[2026-03-10 06:57:26] Webhook hit. Token=8164448894:AAFbloa8DU6DxN8Jjo0nMYnP6bL33DzcBu4 Bookie=1
[2026-03-10 06:57:26] Input: {"update_id":896250681,
"callback_query":{"id":"1863192408532533420","from":{"id":6876259231,"is_bot":false,"first_name":"Big Rob - $KIMCHI on Doge","username":"capetillorob","language_code":"en"},"message":{"message_id":62,"from":{"id":8164448894,"is_bot":true,"first_name":"Lbbot_01","username":"Gamerlb01bot"},"chat":{"id":6876259231,"first_name":"Big Rob - $KIMCHI on Doge","username":"capetillorob","type":"private"},"date":1773125842,"text":"Great! You want to deposit $500. How would you like to pay?","reply_markup":{"inline_keyboard":[[{"text":"venmo","callback_data":"GATEWAY_1"}],[{"text":"paypal","callback_data":"GATEWAY_2"}]]}},"chat_instance":"501308030367703006","data":"GATEWAY_1"}}
[2026-03-10 06:57:26] Routing to handleCallback
[2026-03-10 06:57:57] Webhook hit. Token=8164448894:AAFbloa8DU6DxN8Jjo0nMYnP6bL33DzcBu4 Bookie=1
[2026-03-10 06:57:57] Input: {"update_id":896250682,
"message":{"message_id":64,"from":{"id":6876259231,"is_bot":false,"first_name":"Big Rob - $KIMCHI on Doge","username":"capetillorob","language_code":"en"},"chat":{"id":6876259231,"first_name":"Big Rob - $KIMCHI on Doge","username":"capetillorob","type":"private"},"date":1773125877,"photo":[{"file_id":"AgACAgEAAxkBAANAaa_A9SbLBeUWPvLPh-IcZk3-WooAApILaxvEk3hFXf80RoZlr38BAAMCAANzAAM6BA","file_unique_id":"AQADkgtrG8STeEV4","file_size":770,"width":51,"height":90},{"file_id":"AgACAgEAAxkBAANAaa_A9SbLBeUWPvLPh-IcZk3-WooAApILaxvEk3hFXf80RoZlr38BAAMCAANtAAM6BA","file_unique_id":"AQADkgtrG8STeEVy","file_size":6755,"width":180,"height":320},{"file_id":"AgACAgEAAxkBAANAaa_A9SbLBeUWPvLPh-IcZk3-WooAApILaxvEk3hFXf80RoZlr38BAAMCAAN4AAM6BA","file_unique_id":"AQADkgtrG8STeEV9","file_size":22369,"width":450,"height":800},{"file_id":"AgACAgEAAxkBAANAaa_A9SbLBeUWPvLPh-IcZk3-WooAApILaxvEk3hFXf80RoZlr38BAAMCAAN5AAM6BA","file_unique_id":"AQADkgtrG8STeEV-","file_size":36501,"width":720,"height":1280}]}}
[2026-03-10 06:57:57] Routing to handleMessage
[2026-03-10 06:57:57] Processing handleMessage loop, text: 
[2026-03-10 06:58:06] Webhook hit. Token=8164448894:AAFbloa8DU6DxN8Jjo0nMYnP6bL33DzcBu4 Bookie=1
[2026-03-10 06:58:06] Input: {"update_id":896250683,
"callback_query":{"id":"1863192408746588411","from":{"id":6876259231,"is_bot":false,"first_name":"Big Rob - $KIMCHI on Doge","username":"capetillorob","language_code":"en"},"message":{"message_id":65,"from":{"id":8164448894,"is_bot":true,"first_name":"Lbbot_01","username":"Gamerlb01bot"},"chat":{"id":6876259231,"first_name":"Big Rob - $KIMCHI on Doge","username":"capetillorob","type":"private"},"date":1773125879,"text":"\u2705 Receipt uploaded successfully! The Bookie will review it shortly.","reply_markup":{"inline_keyboard":[[{"text":"Back to Menu","callback_data":"MAIN_MENU"}]]}},"chat_instance":"501308030367703006","data":"MAIN_MENU"}}
[2026-03-10 06:58:06] Routing to handleCallback
[2026-03-10 06:58:10] Webhook hit. Token=8164448894:AAFbloa8DU6DxN8Jjo0nMYnP6bL33DzcBu4 Bookie=1
[2026-03-10 06:58:10] Input: {"update_id":896250684,
"callback_query":{"id":"1863192408712707841","from":{"id":6876259231,"is_bot":false,"first_name":"Big Rob - $KIMCHI on Doge","username":"capetillorob","language_code":"en"},"message":{"message_id":65,"from":{"id":8164448894,"is_bot":true,"first_name":"Lbbot_01","username":"Gamerlb01bot"},"chat":{"id":6876259231,"first_name":"Big Rob - $KIMCHI on Doge","username":"capetillorob","type":"private"},"date":1773125879,"text":"\u2705 Receipt uploaded successfully! The Bookie will review it shortly.","reply_markup":{"inline_keyboard":[[{"text":"Back to Menu","callback_data":"MAIN_MENU"}]]}},"chat_instance":"501308030367703006","data":"MAIN_MENU"}}
[2026-03-10 06:58:10] Routing to handleCallback
[2026-03-10 06:58:12] Webhook hit. Token=8164448894:AAFbloa8DU6DxN8Jjo0nMYnP6bL33DzcBu4 Bookie=1
[2026-03-10 06:58:12] Input: {"update_id":896250685,
"callback_query":{"id":"1863192407656720137","from":{"id":6876259231,"is_bot":false,"first_name":"Big Rob - $KIMCHI on Doge","username":"capetillorob","language_code":"en"},"message":{"message_id":65,"from":{"id":8164448894,"is_bot":true,"first_name":"Lbbot_01","username":"Gamerlb01bot"},"chat":{"id":6876259231,"first_name":"Big Rob - $KIMCHI on Doge","username":"capetillorob","type":"private"},"date":1773125879,"text":"\u2705 Receipt uploaded successfully! The Bookie will review it shortly.","reply_markup":{"inline_keyboard":[[{"text":"Back to Menu","callback_data":"MAIN_MENU"}]]}},"chat_instance":"501308030367703006","data":"MAIN_MENU"}}
[2026-03-10 06:58:12] Routing to handleCallback
[2026-03-10 06:59:03] Webhook hit. Token=8164448894:AAFbloa8DU6DxN8Jjo0nMYnP6bL33DzcBu4 Bookie=1
[2026-03-10 06:59:03] Input: {"update_id":896250686,
"callback_query":{"id":"28539232816952188","from":{"id":8596579399,"is_bot":false,"first_name":"Goga","last_name":"Lokhande","username":"Goga1708","language_code":"en"},"message":{"message_id":66,"from":{"id":8164448894,"is_bot":true,"first_name":"Lbbot_01","username":"Gamerlb01bot"},"chat":{"id":8596579399,"first_name":"Goga","last_name":"Lokhande","username":"Goga1708","type":"private"},"date":1773125879,"photo":[{"file_id":"AgACAgEAAxkBAANAaa_A9SbLBeUWPvLPh-IcZk3-WooAApILaxvEk3hFXf80RoZlr38BAAMCAANzAAM6BA","file_unique_id":"AQADkgtrG8STeEV4","file_size":770,"width":51,"height":90},{"file_id":"AgACAgEAAxkBAANAaa_A9SbLBeUWPvLPh-IcZk3-WooAApILaxvEk3hFXf80RoZlr38BAAMCAANtAAM6BA","file_unique_id":"AQADkgtrG8STeEVy","file_size":6755,"width":180,"height":320},{"file_id":"AgACAgEAAxkBAANAaa_A9SbLBeUWPvLPh-IcZk3-WooAApILaxvEk3hFXf80RoZlr38BAAMCAAN4AAM6BA","file_unique_id":"AQADkgtrG8STeEV9","file_size":22369,"width":450,"height":800},{"file_id":"AgACAgEAAxkBAANAaa_A9SbLBeUWPvLPh-IcZk3-WooAApILaxvEk3hFXf80RoZlr38BAAMCAAN5AAM6BA","file_unique_id":"AQADkgtrG8STeEV-","file_size":36501,"width":720,"height":1280}],"caption":"\ud83d\udea8 New Deposit Request\n\nPlayer: Big Rob - $KIMCHI on Doge (@capetillorob)\nAmount: $500.00","caption_entities":[{"offset":3,"length":19,"type":"bold"},{"offset":32,"length":10,"type":"bold"},{"offset":42,"length":7,"type":"cashtag"},{"offset":42,"length":7,"type":"bold"},{"offset":49,"length":8,"type":"bold"},{"offset":59,"length":13,"type":"mention"},{"offset":82,"length":7,"type":"bold"}],"reply_markup":{"inline_keyboard":[[{"text":"\u2705 Approve","callback_data":"APPROVE_DEPOSIT_1"},{"text":"\u274c Reject","callback_data":"REJECT_DEPOSIT_1"}]]}},"chat_instance":"2599249049092060590","data":"APPROVE_DEPOSIT_1"}}
[2026-03-10 06:59:03] Routing to handleCallback
[2026-03-10 07:14:07] Webhook hit. Token=8164448894:AAFbloa8DU6DxN8Jjo0nMYnP6bL33DzcBu4 Bookie=1
[2026-03-10 07:14:07] Input: {"update_id":896250687,
"message":{"message_id":68,"from":{"id":8596579399,"is_bot":false,"first_name":"Goga","last_name":"Lokhande","username":"Goga1708","language_code":"en"},"chat":{"id":8596579399,"first_name":"Goga","last_name":"Lokhande","username":"Goga1708","type":"private"},"date":1773126847,"text":"206779"}}
[2026-03-10 07:14:07] Routing to handleMessage
[2026-03-10 07:14:07] Processing handleMessage loop, text: 206779
[2026-03-10 07:15:11] Webhook hit. Token=8164448894:AAFbloa8DU6DxN8Jjo0nMYnP6bL33DzcBu4 Bookie=1
[2026-03-10 07:15:11] Input: {"update_id":896250688,
"message":{"message_id":70,"from":{"id":6335658356,"is_bot":false,"first_name":"Alejandra","last_name":"Rosales","language_code":"en"},"chat":{"id":6335658356,"first_name":"Alejandra","last_name":"Rosales","type":"private"},"date":1773126912,"text":"/start","entities":[{"offset":0,"length":6,"type":"bot_command"}]}}
[2026-03-10 07:15:11] Routing to handleMessage
[2026-03-10 07:15:11] Processing handleMessage loop, text: /start
[2026-03-10 07:15:12] Telegram response: Array
[2026-03-10 07:15:13] Webhook hit. Token=8164448894:AAFbloa8DU6DxN8Jjo0nMYnP6bL33DzcBu4 Bookie=1
[2026-03-10 07:15:13] Input: {"update_id":896250689,
"message":{"message_id":72,"from":{"id":6335658356,"is_bot":false,"first_name":"Alejandra","last_name":"Rosales","language_code":"en"},"chat":{"id":6335658356,"first_name":"Alejandra","last_name":"Rosales","type":"private"},"date":1773126913,"text":"/start","entities":[{"offset":0,"length":6,"type":"bot_command"}]}}
[2026-03-10 07:15:13] Routing to handleMessage
[2026-03-10 07:15:13] Processing handleMessage loop, text: /start
[2026-03-10 07:15:13] Telegram response: Array
[2026-03-10 07:15:16] Webhook hit. Token=8164448894:AAFbloa8DU6DxN8Jjo0nMYnP6bL33DzcBu4 Bookie=1
[2026-03-10 07:15:16] Input: {"update_id":896250690,
"callback_query":{"id":"8764701366637771413","from":{"id":6335658356,"is_bot":false,"first_name":"Alejandra","last_name":"Rosales","language_code":"en"},"message":{"message_id":71,"from":{"id":8164448894,"is_bot":true,"first_name":"Lbbot_01","username":"Gamerlb01bot"},"chat":{"id":6335658356,"first_name":"Alejandra","last_name":"Rosales","type":"private"},"date":1773126913,"text":"Welcome to Alejandra's bookie bot!","entities":[{"offset":11,"length":9,"type":"bold"}],"reply_markup":{"inline_keyboard":[[{"text":"\ud83d\udcb0 Deposit","callback_data":"DEPOSIT"}],[{"text":"\ud83c\udfe7 Withdraw","callback_data":"WITHDRAW"}]]}},"chat_instance":"4082085802790994207","data":"DEPOSIT"}}
[2026-03-10 07:15:16] Routing to handleCallback
[2026-03-10 07:15:21] Webhook hit. Token=8164448894:AAFbloa8DU6DxN8Jjo0nMYnP6bL33DzcBu4 Bookie=1
[2026-03-10 07:15:21] Input: {"update_id":896250691,
"message":{"message_id":75,"from":{"id":6335658356,"is_bot":false,"first_name":"Alejandra","last_name":"Rosales","language_code":"en"},"chat":{"id":6335658356,"first_name":"Alejandra","last_name":"Rosales","type":"private"},"date":1773126922,"text":"100"}}
[2026-03-10 07:15:21] Routing to handleMessage
[2026-03-10 07:15:21] Processing handleMessage loop, text: 100
[2026-03-10 07:15:25] Webhook hit. Token=8164448894:AAFbloa8DU6DxN8Jjo0nMYnP6bL33DzcBu4 Bookie=1
[2026-03-10 07:15:25] Input: {"update_id":896250692,
"callback_query":{"id":"8764701366927741211","from":{"id":6335658356,"is_bot":false,"first_name":"Alejandra","last_name":"Rosales","language_code":"en"},"message":{"message_id":76,"from":{"id":8164448894,"is_bot":true,"first_name":"Lbbot_01","username":"Gamerlb01bot"},"chat":{"id":6335658356,"first_name":"Alejandra","last_name":"Rosales","type":"private"},"date":1773126923,"text":"Great! You want to deposit $100. How would you like to pay?","reply_markup":{"inline_keyboard":[[{"text":"venmo","callback_data":"GATEWAY_1"}],[{"text":"paypal","callback_data":"GATEWAY_2"}]]}},"chat_instance":"4082085802790994207","data":"GATEWAY_1"}}
[2026-03-10 07:15:25] Routing to handleCallback
[2026-03-10 07:16:29] Webhook hit. Token=8164448894:AAFbloa8DU6DxN8Jjo0nMYnP6bL33DzcBu4 Bookie=1
[2026-03-10 07:16:29] Input: {"update_id":896250693,
"message":{"message_id":78,"from":{"id":6335658356,"is_bot":false,"first_name":"Alejandra","last_name":"Rosales","language_code":"en"},"chat":{"id":6335658356,"first_name":"Alejandra","last_name":"Rosales","type":"private"},"date":1773126989,"photo":[{"file_id":"AgACAgEAAxkBAANOaa_FTTTAxpKKTEJZwmKt_ghxyCMAArkOaxt_6HlFmUQjUK_uaB8BAAMCAANzAAM6BA","file_unique_id":"AQADuQ5rG3_oeUV4","file_size":753,"width":90,"height":24},{"file_id":"AgACAgEAAxkBAANOaa_FTTTAxpKKTEJZwmKt_ghxyCMAArkOaxt_6HlFmUQjUK_uaB8BAAMCAANtAAM6BA","file_unique_id":"AQADuQ5rG3_oeUVy","file_size":7763,"width":320,"height":85},{"file_id":"AgACAgEAAxkBAANOaa_FTTTAxpKKTEJZwmKt_ghxyCMAArkOaxt_6HlFmUQjUK_uaB8BAAMCAAN4AAM6BA","file_unique_id":"AQADuQ5rG3_oeUV9","file_size":24959,"width":800,"height":212},{"file_id":"AgACAgEAAxkBAANOaa_FTTTAxpKKTEJZwmKt_ghxyCMAArkOaxt_6HlFmUQjUK_uaB8BAAMCAAN5AAM6BA","file_unique_id":"AQADuQ5rG3_oeUV-","file_size":31334,"width":1280,"height":339}]}}
[2026-03-10 07:16:29] Routing to handleMessage
[2026-03-10 07:16:29] Processing handleMessage loop, text: 
[2026-03-10 07:16:57] Webhook hit. Token=8164448894:AAFbloa8DU6DxN8Jjo0nMYnP6bL33DzcBu4 Bookie=1
[2026-03-10 07:16:57] Input: {"update_id":896250694,
"callback_query":{"id":"28539231659624559","from":{"id":8596579399,"is_bot":false,"first_name":"Goga","last_name":"Lokhande","username":"Goga1708","language_code":"en"},"message":{"message_id":80,"from":{"id":8164448894,"is_bot":true,"first_name":"Lbbot_01","username":"Gamerlb01bot"},"chat":{"id":8596579399,"first_name":"Goga","last_name":"Lokhande","username":"Goga1708","type":"private"},"date":1773126991,"photo":[{"file_id":"AgACAgEAAxkBAANOaa_FTTTAxpKKTEJZwmKt_ghxyCMAArkOaxt_6HlFmUQjUK_uaB8BAAMCAANzAAM6BA","file_unique_id":"AQADuQ5rG3_oeUV4","file_size":753,"width":90,"height":24},{"file_id":"AgACAgEAAxkBAANOaa_FTTTAxpKKTEJZwmKt_ghxyCMAArkOaxt_6HlFmUQjUK_uaB8BAAMCAANtAAM6BA","file_unique_id":"AQADuQ5rG3_oeUVy","file_size":7763,"width":320,"height":85},{"file_id":"AgACAgEAAxkBAANOaa_FTTTAxpKKTEJZwmKt_ghxyCMAArkOaxt_6HlFmUQjUK_uaB8BAAMCAAN4AAM6BA","file_unique_id":"AQADuQ5rG3_oeUV9","file_size":24959,"width":800,"height":212},{"file_id":"AgACAgEAAxkBAANOaa_FTTTAxpKKTEJZwmKt_ghxyCMAArkOaxt_6HlFmUQjUK_uaB8BAAMCAAN5AAM6BA","file_unique_id":"AQADuQ5rG3_oeUV-","file_size":31334,"width":1280,"height":339}],"caption":"\ud83d\udea8 New Deposit Request\n\nPlayer: Alejandra (@)\nAmount: $100.00","caption_entities":[{"offset":3,"length":19,"type":"bold"},{"offset":32,"length":9,"type":"bold"},{"offset":54,"length":7,"type":"bold"}],"reply_markup":{"inline_keyboard":[[{"text":"\u2705 Approve","callback_data":"APPROVE_DEPOSIT_1"},{"text":"\u274c Reject","callback_data":"REJECT_DEPOSIT_1"}]]}},"chat_instance":"2599249049092060590","data":"APPROVE_DEPOSIT_1"}}
[2026-03-10 07:16:57] Routing to handleCallback
[2026-03-10 07:29:09] Webhook hit. Token=8164448894:AAFbloa8DU6DxN8Jjo0nMYnP6bL33DzcBu4 Bookie=1
[2026-03-10 07:29:09] Input: {"update_id":896250695,
"callback_query":{"id":"8764701366446301355","from":{"id":6335658356,"is_bot":false,"first_name":"Alejandra","last_name":"Rosales","language_code":"en"},"message":{"message_id":79,"from":{"id":8164448894,"is_bot":true,"first_name":"Lbbot_01","username":"Gamerlb01bot"},"chat":{"id":6335658356,"first_name":"Alejandra","last_name":"Rosales","type":"private"},"date":1773126990,"text":"\u2705 Receipt uploaded successfully! The Bookie will review it shortly.","reply_markup":{"inline_keyboard":[[{"text":"Back to Menu","callback_data":"MAIN_MENU"}]]}},"chat_instance":"4082085802790994207","data":"MAIN_MENU"}}
[2026-03-10 07:29:09] Routing to handleCallback
[2026-03-10 07:29:13] Webhook hit. Token=8164448894:AAFbloa8DU6DxN8Jjo0nMYnP6bL33DzcBu4 Bookie=1
[2026-03-10 07:29:13] Input: {"update_id":896250696,
"callback_query":{"id":"8764701368056448898","from":{"id":6335658356,"is_bot":false,"first_name":"Alejandra","last_name":"Rosales","language_code":"en"},"message":{"message_id":79,"from":{"id":8164448894,"is_bot":true,"first_name":"Lbbot_01","username":"Gamerlb01bot"},"chat":{"id":6335658356,"first_name":"Alejandra","last_name":"Rosales","type":"private"},"date":1773126990,"text":"\u2705 Receipt uploaded successfully! The Bookie will review it shortly.","reply_markup":{"inline_keyboard":[[{"text":"Back to Menu","callback_data":"MAIN_MENU"}]]}},"chat_instance":"4082085802790994207","data":"MAIN_MENU"}}
[2026-03-10 07:29:13] Routing to handleCallback
[2026-03-10 07:29:18] Webhook hit. Token=8164448894:AAFbloa8DU6DxN8Jjo0nMYnP6bL33DzcBu4 Bookie=1
[2026-03-10 07:29:18] Input: {"update_id":896250697,
"message":{"message_id":82,"from":{"id":6335658356,"is_bot":false,"first_name":"Alejandra","last_name":"Rosales","language_code":"en"},"chat":{"id":6335658356,"first_name":"Alejandra","last_name":"Rosales","type":"private"},"date":1773127759,"text":"Start"}}
[2026-03-10 07:29:18] Routing to handleMessage
[2026-03-10 07:29:18] Processing handleMessage loop, text: Start
[2026-03-10 07:29:22] Webhook hit. Token=8164448894:AAFbloa8DU6DxN8Jjo0nMYnP6bL33DzcBu4 Bookie=1
[2026-03-10 07:29:22] Input: {"update_id":896250698,
"callback_query":{"id":"8764701365816254324","from":{"id":6335658356,"is_bot":false,"first_name":"Alejandra","last_name":"Rosales","language_code":"en"},"message":{"message_id":79,"from":{"id":8164448894,"is_bot":true,"first_name":"Lbbot_01","username":"Gamerlb01bot"},"chat":{"id":6335658356,"first_name":"Alejandra","last_name":"Rosales","type":"private"},"date":1773126990,"text":"\u2705 Receipt uploaded successfully! The Bookie will review it shortly.","reply_markup":{"inline_keyboard":[[{"text":"Back to Menu","callback_data":"MAIN_MENU"}]]}},"chat_instance":"4082085802790994207","data":"MAIN_MENU"}}
[2026-03-10 07:29:22] Routing to handleCallback
[2026-03-10 07:29:28] Webhook hit. Token=8164448894:AAFbloa8DU6DxN8Jjo0nMYnP6bL33DzcBu4 Bookie=1
[2026-03-10 07:29:28] Input: {"update_id":896250699,
"callback_query":{"id":"8764701364515491064","from":{"id":6335658356,"is_bot":false,"first_name":"Alejandra","last_name":"Rosales","language_code":"en"},"message":{"message_id":73,"from":{"id":8164448894,"is_bot":true,"first_name":"Lbbot_01","username":"Gamerlb01bot"},"chat":{"id":6335658356,"first_name":"Alejandra","last_name":"Rosales","type":"private"},"date":1773126914,"text":"Welcome to Alejandra's bookie bot!","entities":[{"offset":11,"length":9,"type":"bold"}],"reply_markup":{"inline_keyboard":[[{"text":"\ud83d\udcb0 Deposit","callback_data":"DEPOSIT"}],[{"text":"\ud83c\udfe7 Withdraw","callback_data":"WITHDRAW"}]]}},"chat_instance":"4082085802790994207","data":"DEPOSIT"}}
[2026-03-10 07:29:28] Routing to handleCallback
[2026-03-10 07:55:06] Webhook hit. Token=8164448894:AAFbloa8DU6DxN8Jjo0nMYnP6bL33DzcBu4 Bookie=1
[2026-03-10 07:55:06] Input: {"update_id":896250700,
"message":{"message_id":84,"from":{"id":8204776787,"is_bot":false,"first_name":"Rajani","username":"Rajani1708","language_code":"en"},"chat":{"id":8204776787,"first_name":"Rajani","username":"Rajani1708","type":"private"},"date":1773129306,"text":"/start","entities":[{"offset":0,"length":6,"type":"bot_command"}]}}
[2026-03-10 07:55:06] Routing to handleMessage
[2026-03-10 07:55:06] Processing handleMessage loop, text: /start
[2026-03-10 07:55:07] Telegram response: Array
[2026-03-10 07:55:08] Webhook hit. Token=8164448894:AAFbloa8DU6DxN8Jjo0nMYnP6bL33DzcBu4 Bookie=1
[2026-03-10 07:55:08] Input: {"update_id":896250701,
"callback_query":{"id":"7569131864355070006","from":{"id":8204776787,"is_bot":false,"first_name":"Rajani","username":"Rajani1708","language_code":"en"},"message":{"message_id":85,"from":{"id":8164448894,"is_bot":true,"first_name":"Lbbot_01","username":"Gamerlb01bot"},"chat":{"id":8204776787,"first_name":"Rajani","username":"Rajani1708","type":"private"},"date":1773129308,"text":"Welcome to Rajani's bookie bot!","entities":[{"offset":11,"length":6,"type":"bold"}],"reply_markup":{"inline_keyboard":[[{"text":"\ud83d\udcb0 Deposit","callback_data":"DEPOSIT"}],[{"text":"\ud83c\udfe7 Withdraw","callback_data":"WITHDRAW"}]]}},"chat_instance":"6698031621898929507","data":"DEPOSIT"}}
[2026-03-10 07:55:08] Routing to handleCallback
[2026-03-10 07:55:14] Webhook hit. Token=8164448894:AAFbloa8DU6DxN8Jjo0nMYnP6bL33DzcBu4 Bookie=1
[2026-03-10 07:55:14] Input: {"update_id":896250702,
"callback_query":{"id":"7569131864217945700","from":{"id":8204776787,"is_bot":false,"first_name":"Rajani","username":"Rajani1708","language_code":"en"},"message":{"message_id":85,"from":{"id":8164448894,"is_bot":true,"first_name":"Lbbot_01","username":"Gamerlb01bot"},"chat":{"id":8204776787,"first_name":"Rajani","username":"Rajani1708","type":"private"},"date":1773129308,"text":"Welcome to Rajani's bookie bot!","entities":[{"offset":11,"length":6,"type":"bold"}],"reply_markup":{"inline_keyboard":[[{"text":"\ud83d\udcb0 Deposit","callback_data":"DEPOSIT"}],[{"text":"\ud83c\udfe7 Withdraw","callback_data":"WITHDRAW"}]]}},"chat_instance":"6698031621898929507","data":"DEPOSIT"}}
[2026-03-10 07:55:14] Routing to handleCallback
[2026-03-10 07:55:28] Webhook hit. Token=8164448894:AAFbloa8DU6DxN8Jjo0nMYnP6bL33DzcBu4 Bookie=1
[2026-03-10 07:55:28] Input: {"update_id":896250703,
"message":{"message_id":88,"from":{"id":8204776787,"is_bot":false,"first_name":"Rajani","username":"Rajani1708","language_code":"en"},"chat":{"id":8204776787,"first_name":"Rajani","username":"Rajani1708","type":"private"},"date":1773129328,"text":"60"}}
[2026-03-10 07:55:28] Routing to handleMessage
[2026-03-10 07:55:28] Processing handleMessage loop, text: 60
[2026-03-10 07:55:31] Webhook hit. Token=8164448894:AAFbloa8DU6DxN8Jjo0nMYnP6bL33DzcBu4 Bookie=1
[2026-03-10 07:55:31] Input: {"update_id":896250704,
"callback_query":{"id":"7569131863347129001","from":{"id":8204776787,"is_bot":false,"first_name":"Rajani","username":"Rajani1708","language_code":"en"},"message":{"message_id":89,"from":{"id":8164448894,"is_bot":true,"first_name":"Lbbot_01","username":"Gamerlb01bot"},"chat":{"id":8204776787,"first_name":"Rajani","username":"Rajani1708","type":"private"},"date":1773129329,"text":"Great! You want to deposit $60. How would you like to pay?","reply_markup":{"inline_keyboard":[[{"text":"venmo","callback_data":"GATEWAY_1"}],[{"text":"paypal","callback_data":"GATEWAY_2"}]]}},"chat_instance":"6698031621898929507","data":"GATEWAY_1"}}
[2026-03-10 07:55:31] Routing to handleCallback
[2026-03-10 07:55:54] Webhook hit. Token=8164448894:AAFbloa8DU6DxN8Jjo0nMYnP6bL33DzcBu4 Bookie=1
[2026-03-10 07:55:54] Input: {"update_id":896250705,
"message":{"message_id":91,"from":{"id":8204776787,"is_bot":false,"first_name":"Rajani","username":"Rajani1708","language_code":"en"},"chat":{"id":8204776787,"first_name":"Rajani","username":"Rajani1708","type":"private"},"date":1773129354,"photo":[{"file_id":"AgACAgUAAxkBAANbaa_OikMWWMnQ_sSQCJnA9LgDyqcAAiAPaxuzcXlVdso14drvjlQBAAMCAANzAAM6BA","file_unique_id":"AQADIA9rG7NxeVV4","file_size":803,"width":40,"height":90},{"file_id":"AgACAgUAAxkBAANbaa_OikMWWMnQ_sSQCJnA9LgDyqcAAiAPaxuzcXlVdso14drvjlQBAAMCAANtAAM6BA","file_unique_id":"AQADIA9rG7NxeVVy","file_size":8592,"width":144,"height":320},{"file_id":"AgACAgUAAxkBAANbaa_OikMWWMnQ_sSQCJnA9LgDyqcAAiAPaxuzcXlVdso14drvjlQBAAMCAAN4AAM6BA","file_unique_id":"AQADIA9rG7NxeVV9","file_size":38317,"width":360,"height":800},{"file_id":"AgACAgUAAxkBAANbaa_OikMWWMnQ_sSQCJnA9LgDyqcAAiAPaxuzcXlVdso14drvjlQBAAMCAAN5AAM6BA","file_unique_id":"AQADIA9rG7NxeVV-","file_size":73462,"width":576,"height":1280}]}}
[2026-03-10 07:55:54] Routing to handleMessage
[2026-03-10 07:55:54] Processing handleMessage loop, text: 
[2026-03-10 07:56:07] Webhook hit. Token=8164448894:AAFbloa8DU6DxN8Jjo0nMYnP6bL33DzcBu4 Bookie=1
[2026-03-10 07:56:07] Input: {"update_id":896250706,
"callback_query":{"id":"28539229714402919","from":{"id":8596579399,"is_bot":false,"first_name":"Goga","last_name":"Lokhande","username":"Goga1708","language_code":"en"},"message":{"message_id":93,"from":{"id":8164448894,"is_bot":true,"first_name":"Lbbot_01","username":"Gamerlb01bot"},"chat":{"id":8596579399,"first_name":"Goga","last_name":"Lokhande","username":"Goga1708","type":"private"},"date":1773129356,"photo":[{"file_id":"AgACAgUAAxkBAANbaa_OikMWWMnQ_sSQCJnA9LgDyqcAAiAPaxuzcXlVdso14drvjlQBAAMCAANzAAM6BA","file_unique_id":"AQADIA9rG7NxeVV4","file_size":803,"width":40,"height":90},{"file_id":"AgACAgUAAxkBAANbaa_OikMWWMnQ_sSQCJnA9LgDyqcAAiAPaxuzcXlVdso14drvjlQBAAMCAANtAAM6BA","file_unique_id":"AQADIA9rG7NxeVVy","file_size":8592,"width":144,"height":320},{"file_id":"AgACAgUAAxkBAANbaa_OikMWWMnQ_sSQCJnA9LgDyqcAAiAPaxuzcXlVdso14drvjlQBAAMCAAN4AAM6BA","file_unique_id":"AQADIA9rG7NxeVV9","file_size":38317,"width":360,"height":800},{"file_id":"AgACAgUAAxkBAANbaa_OikMWWMnQ_sSQCJnA9LgDyqcAAiAPaxuzcXlVdso14drvjlQBAAMCAAN5AAM6BA","file_unique_id":"AQADIA9rG7NxeVV-","file_size":73462,"width":576,"height":1280}],"caption":"\ud83d\udea8 New Deposit Request\n\nPlayer: Rajani (@Rajani1708)\nAmount: $60.00","caption_entities":[{"offset":3,"length":19,"type":"bold"},{"offset":32,"length":6,"type":"bold"},{"offset":40,"length":11,"type":"mention"},{"offset":61,"length":6,"type":"bold"}],"reply_markup":{"inline_keyboard":[[{"text":"\u2705 Approve","callback_data":"APPROVE_DEPOSIT_2"},{"text":"\u274c Reject","callback_data":"REJECT_DEPOSIT_2"}]]}},"chat_instance":"2599249049092060590","data":"APPROVE_DEPOSIT_2"}}
[2026-03-10 07:56:07] Routing to handleCallback
[2026-03-10 07:56:47] Webhook hit. Token=8164448894:AAFbloa8DU6DxN8Jjo0nMYnP6bL33DzcBu4 Bookie=1
[2026-03-10 07:56:47] Input: {"update_id":896250707,
"message":{"message_id":95,"from":{"id":8204776787,"is_bot":false,"first_name":"Rajani","username":"Rajani1708","language_code":"en"},"chat":{"id":8204776787,"first_name":"Rajani","username":"Rajani1708","type":"private"},"date":1773129407,"text":"/start","entities":[{"offset":0,"length":6,"type":"bot_command"}]}}
[2026-03-10 07:56:47] Routing to handleMessage
[2026-03-10 07:56:47] Processing handleMessage loop, text: /start
[2026-03-10 07:56:48] Telegram response: Array
[2026-03-10 07:56:49] Webhook hit. Token=8164448894:AAFbloa8DU6DxN8Jjo0nMYnP6bL33DzcBu4 Bookie=1
[2026-03-10 07:56:49] Input: {"update_id":896250708,
"callback_query":{"id":"7569131864463309049","from":{"id":8204776787,"is_bot":false,"first_name":"Rajani","username":"Rajani1708","language_code":"en"},"message":{"message_id":96,"from":{"id":8164448894,"is_bot":true,"first_name":"Lbbot_01","username":"Gamerlb01bot"},"chat":{"id":8204776787,"first_name":"Rajani","username":"Rajani1708","type":"private"},"date":1773129408,"text":"Welcome to Rajani's bookie bot!","entities":[{"offset":11,"length":6,"type":"bold"}],"reply_markup":{"inline_keyboard":[[{"text":"\ud83d\udcb0 Deposit","callback_data":"DEPOSIT"}],[{"text":"\ud83c\udfe7 Withdraw","callback_data":"WITHDRAW"}]]}},"chat_instance":"6698031621898929507","data":"WITHDRAW"}}
[2026-03-10 07:56:49] Routing to handleCallback
[2026-03-10 07:56:58] Webhook hit. Token=8164448894:AAFbloa8DU6DxN8Jjo0nMYnP6bL33DzcBu4 Bookie=1
[2026-03-10 07:56:58] Input: {"update_id":896250709,
"message":{"message_id":98,"from":{"id":8204776787,"is_bot":false,"first_name":"Rajani","username":"Rajani1708","language_code":"en"},"chat":{"id":8204776787,"first_name":"Rajani","username":"Rajani1708","type":"private"},"date":1773129419,"text":"20"}}
[2026-03-10 07:56:58] Routing to handleMessage
[2026-03-10 07:56:58] Processing handleMessage loop, text: 20
[2026-03-10 07:57:06] Webhook hit. Token=8164448894:AAFbloa8DU6DxN8Jjo0nMYnP6bL33DzcBu4 Bookie=1
[2026-03-10 07:57:06] Input: {"update_id":896250710,
"callback_query":{"id":"7569131863646222509","from":{"id":8204776787,"is_bot":false,"first_name":"Rajani","username":"Rajani1708","language_code":"en"},"message":{"message_id":99,"from":{"id":8164448894,"is_bot":true,"first_name":"Lbbot_01","username":"Gamerlb01bot"},"chat":{"id":8204776787,"first_name":"Rajani","username":"Rajani1708","type":"private"},"date":1773129420,"text":"Please select a payout method to receive your $20:","reply_markup":{"inline_keyboard":[[{"text":"\u2795 Add New Method","callback_data":"ADD_PAYOUT_METHOD"}]]}},"chat_instance":"6698031621898929507","data":"ADD_PAYOUT_METHOD"}}
[2026-03-10 07:57:06] Routing to handleCallback
[2026-03-10 07:57:31] Webhook hit. Token=8164448894:AAFbloa8DU6DxN8Jjo0nMYnP6bL33DzcBu4 Bookie=1
[2026-03-10 07:57:31] Input: {"update_id":896250711,
"message":{"message_id":101,"from":{"id":8204776787,"is_bot":false,"first_name":"Rajani","username":"Rajani1708","language_code":"en"},"chat":{"id":8204776787,"first_name":"Rajani","username":"Rajani1708","type":"private"},"date":1773129451,"text":"Venmo"}}
[2026-03-10 07:57:31] Routing to handleMessage
[2026-03-10 07:57:31] Processing handleMessage loop, text: Venmo
[2026-03-10 07:57:48] Webhook hit. Token=8164448894:AAFbloa8DU6DxN8Jjo0nMYnP6bL33DzcBu4 Bookie=1
[2026-03-10 07:57:48] Input: {"update_id":896250712,
"message":{"message_id":103,"from":{"id":8204776787,"is_bot":false,"first_name":"Rajani","username":"Rajani1708","language_code":"en"},"chat":{"id":8204776787,"first_name":"Rajani","username":"Rajani1708","type":"private"},"date":1773129468,"text":"$rajani"}}
[2026-03-10 07:57:48] Routing to handleMessage
[2026-03-10 07:57:48] Processing handleMessage loop, text: $rajani
[2026-03-10 08:02:58] Webhook hit. Token=8164448894:AAFbloa8DU6DxN8Jjo0nMYnP6bL33DzcBu4 Bookie=1
[2026-03-10 08:02:58] Input: {"update_id":896250713,
"callback_query":{"id":"8764701364730628337","from":{"id":6335658356,"is_bot":false,"first_name":"Alejandra","last_name":"Rosales","language_code":"en"},"message":{"message_id":71,"from":{"id":8164448894,"is_bot":true,"first_name":"Lbbot_01","username":"Gamerlb01bot"},"chat":{"id":6335658356,"first_name":"Alejandra","last_name":"Rosales","type":"private"},"date":1773126913,"text":"Welcome to Alejandra's bookie bot!","entities":[{"offset":11,"length":9,"type":"bold"}],"reply_markup":{"inline_keyboard":[[{"text":"\ud83d\udcb0 Deposit","callback_data":"DEPOSIT"}],[{"text":"\ud83c\udfe7 Withdraw","callback_data":"WITHDRAW"}]]}},"chat_instance":"4082085802790994207","data":"DEPOSIT"}}
[2026-03-10 08:02:58] Routing to handleCallback
[2026-03-10 08:03:08] Webhook hit. Token=8164448894:AAFbloa8DU6DxN8Jjo0nMYnP6bL33DzcBu4 Bookie=1
[2026-03-10 08:03:08] Input: {"update_id":896250714,
"message":{"message_id":106,"from":{"id":6335658356,"is_bot":false,"first_name":"Alejandra","last_name":"Rosales","language_code":"en"},"chat":{"id":6335658356,"first_name":"Alejandra","last_name":"Rosales","type":"private"},"date":1773129789,"text":"100"}}
[2026-03-10 08:03:08] Routing to handleMessage
[2026-03-10 08:03:08] Processing handleMessage loop, text: 100
[2026-03-10 08:03:13] Webhook hit. Token=8164448894:AAFbloa8DU6DxN8Jjo0nMYnP6bL33DzcBu4 Bookie=1
[2026-03-10 08:03:13] Input: {"update_id":896250715,
"callback_query":{"id":"8764701366907111808","from":{"id":6335658356,"is_bot":false,"first_name":"Alejandra","last_name":"Rosales","language_code":"en"},"message":{"message_id":107,"from":{"id":8164448894,"is_bot":true,"first_name":"Lbbot_01","username":"Gamerlb01bot"},"chat":{"id":6335658356,"first_name":"Alejandra","last_name":"Rosales","type":"private"},"date":1773129790,"text":"Great! You want to deposit $100. How would you like to pay?","reply_markup":{"inline_keyboard":[[{"text":"venmo","callback_data":"GATEWAY_1"}],[{"text":"paypal","callback_data":"GATEWAY_2"}]]}},"chat_instance":"4082085802790994207","data":"GATEWAY_1"}}
[2026-03-10 08:03:13] Routing to handleCallback
[2026-03-10 08:22:38] Webhook hit. Token=8164448894:AAFbloa8DU6DxN8Jjo0nMYnP6bL33DzcBu4 Bookie=1
[2026-03-10 08:22:38] Input: {"update_id":896250716,
"message":{"message_id":109,"from":{"id":8204776787,"is_bot":false,"first_name":"Rajani","username":"Rajani1708","language_code":"en"},"chat":{"id":8204776787,"first_name":"Rajani","username":"Rajani1708","type":"private"},"date":1773130959,"text":"/start","entities":[{"offset":0,"length":6,"type":"bot_command"}]}}
[2026-03-10 08:22:38] Routing to handleMessage
[2026-03-10 08:22:38] Processing handleMessage loop, text: /start
[2026-03-10 08:22:39] Telegram response: Array
[2026-03-10 08:22:40] Webhook hit. Token=8164448894:AAFbloa8DU6DxN8Jjo0nMYnP6bL33DzcBu4 Bookie=1
[2026-03-10 08:22:40] Input: {"update_id":896250717,
"callback_query":{"id":"7569131863201210071","from":{"id":8204776787,"is_bot":false,"first_name":"Rajani","username":"Rajani1708","language_code":"en"},"message":{"message_id":110,"from":{"id":8164448894,"is_bot":true,"first_name":"Lbbot_01","username":"Gamerlb01bot"},"chat":{"id":8204776787,"first_name":"Rajani","username":"Rajani1708","type":"private"},"date":1773130960,"text":"Welcome to Rajani's bookie bot!","entities":[{"offset":11,"length":6,"type":"bold"}],"reply_markup":{"inline_keyboard":[[{"text":"\ud83d\udcb0 Deposit","callback_data":"DEPOSIT"}],[{"text":"\ud83c\udfe7 Withdraw","callback_data":"WITHDRAW"}]]}},"chat_instance":"6698031621898929507","data":"WITHDRAW"}}
[2026-03-10 08:22:40] Routing to handleCallback
[2026-03-10 08:22:47] Webhook hit. Token=8164448894:AAFbloa8DU6DxN8Jjo0nMYnP6bL33DzcBu4 Bookie=1
[2026-03-10 08:22:47] Input: {"update_id":896250718,
"message":{"message_id":112,"from":{"id":8204776787,"is_bot":false,"first_name":"Rajani","username":"Rajani1708","language_code":"en"},"chat":{"id":8204776787,"first_name":"Rajani","username":"Rajani1708","type":"private"},"date":1773130968,"text":"20"}}
[2026-03-10 08:22:47] Routing to handleMessage
[2026-03-10 08:22:47] Processing handleMessage loop, text: 20
[2026-03-10 08:23:00] Webhook hit. Token=8164448894:AAFbloa8DU6DxN8Jjo0nMYnP6bL33DzcBu4 Bookie=1
[2026-03-10 08:23:00] Input: {"update_id":896250719,
"callback_query":{"id":"7569131864469046207","from":{"id":8204776787,"is_bot":false,"first_name":"Rajani","username":"Rajani1708","language_code":"en"},"message":{"message_id":113,"from":{"id":8164448894,"is_bot":true,"first_name":"Lbbot_01","username":"Gamerlb01bot"},"chat":{"id":8204776787,"first_name":"Rajani","username":"Rajani1708","type":"private"},"date":1773130969,"text":"Please select a payout method to receive your $20:","reply_markup":{"inline_keyboard":[[{"text":"Venmo ($rajani)","callback_data":"WITHDRAW_METHOD_1"}],[{"text":"\u2795 Add New Method","callback_data":"ADD_PAYOUT_METHOD"}]]}},"chat_instance":"6698031621898929507","data":"ADD_PAYOUT_METHOD"}}
[2026-03-10 08:23:00] Routing to handleCallback
[2026-03-10 08:23:13] Webhook hit. Token=8164448894:AAFbloa8DU6DxN8Jjo0nMYnP6bL33DzcBu4 Bookie=1
[2026-03-10 08:23:13] Input: {"update_id":896250720,
"callback_query":{"id":"7569131864693828387","from":{"id":8204776787,"is_bot":false,"first_name":"Rajani","username":"Rajani1708","language_code":"en"},"message":{"message_id":114,"from":{"id":8164448894,"is_bot":true,"first_name":"Lbbot_01","username":"Gamerlb01bot"},"chat":{"id":8204776787,"first_name":"Rajani","username":"Rajani1708","type":"private"},"date":1773130982,"text":"What kind of payout method is this?","reply_markup":{"inline_keyboard":[[{"text":"CashApp","callback_data":"SET_METHOD_NAME_CashApp"},{"text":"Venmo","callback_data":"SET_METHOD_NAME_Venmo"}],[{"text":"Zelle","callback_data":"SET_METHOD_NAME_Zelle"},{"text":"PayPal","callback_data":"SET_METHOD_NAME_PayPal"}],[{"text":"Crypto (BTC/ETH)","callback_data":"SET_METHOD_NAME_Crypto"},{"text":"Bank Transfer","callback_data":"SET_METHOD_NAME_Bank"}]]}},"chat_instance":"6698031621898929507","data":"SET_METHOD_NAME_Venmo"}}
[2026-03-10 08:23:13] Routing to handleCallback
[2026-03-10 08:23:32] Webhook hit. Token=8164448894:AAFbloa8DU6DxN8Jjo0nMYnP6bL33DzcBu4 Bookie=1
[2026-03-10 08:23:32] Input: {"update_id":896250721,
"message":{"message_id":116,"from":{"id":8204776787,"is_bot":false,"first_name":"Rajani","username":"Rajani1708","language_code":"en"},"chat":{"id":8204776787,"first_name":"Rajani","username":"Rajani1708","type":"private"},"date":1773131013,"text":"$rajani"}}
[2026-03-10 08:23:32] Routing to handleMessage
[2026-03-10 08:23:32] Processing handleMessage loop, text: $rajani
[2026-03-10 08:23:32] Exception: SQLSTATE[01000]: Warning: 1265 Data truncated for column 'status' at row 1
#0 C:\MAMP\htdocs\telegram\app\Modules\Wallet\Repositories\WithdrawalRepository.php(20): PDOStatement->execute(Array)
#1 C:\MAMP\htdocs\telegram\app\Modules\Telegram\Controllers\TelegramWebhookController.php(228): App\Modules\Wallet\Repositories\WithdrawalRepository->createWithdrawal(1, 3, 20, '2')
#2 C:\MAMP\htdocs\telegram\app\Modules\Telegram\Controllers\TelegramWebhookController.php(42): App\Modules\Telegram\Controllers\TelegramWebhookController->handleMessage(Array, Object(App\Modules\Telegram\Services\TelegramService), Object(App\Modules\Telegram\Repositories\PlayerRepository), 1)
#3 C:\MAMP\htdocs\telegram\app\Core\Router.php(41): App\Modules\Telegram\Controllers\TelegramWebhookController->handle(Array)
#4 C:\MAMP\htdocs\telegram\index.php(48): App\Core\Router->dispatch()
#5 {main}
[2026-03-10 08:28:36] Webhook hit. Token=8164448894:AAFbloa8DU6DxN8Jjo0nMYnP6bL33DzcBu4 Bookie=1
[2026-03-10 08:28:36] Input: {"update_id":896250722,
"callback_query":{"id":"8764701365576047774","from":{"id":6335658356,"is_bot":false,"first_name":"Alejandra","last_name":"Rosales","language_code":"en"},"message":{"message_id":79,"from":{"id":8164448894,"is_bot":true,"first_name":"Lbbot_01","username":"Gamerlb01bot"},"chat":{"id":6335658356,"first_name":"Alejandra","last_name":"Rosales","type":"private"},"date":1773126990,"text":"\u2705 Receipt uploaded successfully! The Bookie will review it shortly.","reply_markup":{"inline_keyboard":[[{"text":"Back to Menu","callback_data":"MAIN_MENU"}]]}},"chat_instance":"4082085802790994207","data":"MAIN_MENU"}}
[2026-03-10 08:28:36] Routing to handleCallback
[2026-03-10 16:02:58] Webhook hit. Token=8164448894:AAFbloa8DU6DxN8Jjo0nMYnP6bL33DzcBu4 Bookie=1
[2026-03-10 16:02:58] Input: {"update_id":896250723,
"message":{"message_id":117,"from":{"id":8204776787,"is_bot":false,"first_name":"Rajani","username":"Rajani1708","language_code":"en"},"chat":{"id":8204776787,"first_name":"Rajani","username":"Rajani1708","type":"private"},"date":1773158579,"text":"/start","entities":[{"offset":0,"length":6,"type":"bot_command"}]}}
[2026-03-10 16:02:58] Routing to handleMessage
[2026-03-10 16:02:58] Processing handleMessage loop, text: /start
[2026-03-10 16:03:00] Telegram response: Array
[2026-03-10 16:03:01] Webhook hit. Token=8164448894:AAFbloa8DU6DxN8Jjo0nMYnP6bL33DzcBu4 Bookie=1
[2026-03-10 16:03:01] Input: {"update_id":896250724,
"callback_query":{"id":"7569131861721589715","from":{"id":8204776787,"is_bot":false,"first_name":"Rajani","username":"Rajani1708","language_code":"en"},"message":{"message_id":118,"from":{"id":8164448894,"is_bot":true,"first_name":"Lbbot_01","username":"Gamerlb01bot"},"chat":{"id":8204776787,"first_name":"Rajani","username":"Rajani1708","type":"private"},"date":1773158580,"text":"Welcome to Rajani's bookie bot!","entities":[{"offset":11,"length":6,"type":"bold"}],"reply_markup":{"inline_keyboard":[[{"text":"\ud83d\udcb0 Deposit","callback_data":"DEPOSIT"}],[{"text":"\ud83c\udfe7 Withdraw","callback_data":"WITHDRAW"}]]}},"chat_instance":"6698031621898929507","data":"WITHDRAW"}}
[2026-03-10 16:03:01] Routing to handleCallback
[2026-03-10 16:03:17] Webhook hit. Token=8164448894:AAFbloa8DU6DxN8Jjo0nMYnP6bL33DzcBu4 Bookie=1
[2026-03-10 16:03:17] Input: {"update_id":896250725,
"message":{"message_id":120,"from":{"id":8204776787,"is_bot":false,"first_name":"Rajani","username":"Rajani1708","language_code":"en"},"chat":{"id":8204776787,"first_name":"Rajani","username":"Rajani1708","type":"private"},"date":1773158597,"text":"20"}}
[2026-03-10 16:03:17] Routing to handleMessage
[2026-03-10 16:03:17] Processing handleMessage loop, text: 20
[2026-03-10 16:03:21] Webhook hit. Token=8164448894:AAFbloa8DU6DxN8Jjo0nMYnP6bL33DzcBu4 Bookie=1
[2026-03-10 16:03:21] Input: {"update_id":896250726,
"callback_query":{"id":"7569131861973843426","from":{"id":8204776787,"is_bot":false,"first_name":"Rajani","username":"Rajani1708","language_code":"en"},"message":{"message_id":121,"from":{"id":8164448894,"is_bot":true,"first_name":"Lbbot_01","username":"Gamerlb01bot"},"chat":{"id":8204776787,"first_name":"Rajani","username":"Rajani1708","type":"private"},"date":1773158599,"text":"Please select a payout method to receive your $20:","reply_markup":{"inline_keyboard":[[{"text":"Venmo ($rajani)","callback_data":"WITHDRAW_METHOD_1"}],[{"text":"Venmo ($rajani)","callback_data":"WITHDRAW_METHOD_2"}],[{"text":"\u2795 Add New Method","callback_data":"ADD_PAYOUT_METHOD"}]]}},"chat_instance":"6698031621898929507","data":"WITHDRAW_METHOD_1"}}
[2026-03-10 16:03:21] Routing to handleCallback
[2026-03-10 16:03:22] Fatal Error: Call to undefined method App\Modules\Wallet\Repositories\WithdrawalRepository::getMethodById()
#0 C:\MAMP\htdocs\telegram\app\Modules\Telegram\Controllers\TelegramWebhookController.php(45): App\Modules\Telegram\Controllers\TelegramWebhookController->handleCallback(Array, Object(App\Modules\Telegram\Services\TelegramService), Object(App\Modules\Telegram\Repositories\PlayerRepository), 1)
#1 C:\MAMP\htdocs\telegram\app\Core\Router.php(41): App\Modules\Telegram\Controllers\TelegramWebhookController->handle(Array)
#2 C:\MAMP\htdocs\telegram\index.php(48): App\Core\Router->dispatch()
#3 {main}
[2026-03-10 16:04:07] Webhook hit. Token=8164448894:AAFbloa8DU6DxN8Jjo0nMYnP6bL33DzcBu4 Bookie=1
[2026-03-10 16:04:07] Input: {"update_id":896250727,
"callback_query":{"id":"7569131863115127910","from":{"id":8204776787,"is_bot":false,"first_name":"Rajani","username":"Rajani1708","language_code":"en"},"message":{"message_id":121,"from":{"id":8164448894,"is_bot":true,"first_name":"Lbbot_01","username":"Gamerlb01bot"},"chat":{"id":8204776787,"first_name":"Rajani","username":"Rajani1708","type":"private"},"date":1773158599,"text":"Please select a payout method to receive your $20:","reply_markup":{"inline_keyboard":[[{"text":"Venmo ($rajani)","callback_data":"WITHDRAW_METHOD_1"}],[{"text":"Venmo ($rajani)","callback_data":"WITHDRAW_METHOD_2"}],[{"text":"\u2795 Add New Method","callback_data":"ADD_PAYOUT_METHOD"}]]}},"chat_instance":"6698031621898929507","data":"WITHDRAW_METHOD_1"}}
[2026-03-10 16:04:07] Routing to handleCallback
[2026-03-10 16:04:08] Fatal Error: Call to undefined method App\Modules\Wallet\Repositories\WithdrawalRepository::getMethodById()
#0 C:\MAMP\htdocs\telegram\app\Modules\Telegram\Controllers\TelegramWebhookController.php(45): App\Modules\Telegram\Controllers\TelegramWebhookController->handleCallback(Array, Object(App\Modules\Telegram\Services\TelegramService), Object(App\Modules\Telegram\Repositories\PlayerRepository), 1)
#1 C:\MAMP\htdocs\telegram\app\Core\Router.php(41): App\Modules\Telegram\Controllers\TelegramWebhookController->handle(Array)
#2 C:\MAMP\htdocs\telegram\index.php(48): App\Core\Router->dispatch()
#3 {main}
[2026-03-10 16:11:43] Webhook hit. Token=8164448894:AAFbloa8DU6DxN8Jjo0nMYnP6bL33DzcBu4 Bookie=1
[2026-03-10 16:11:43] Input: {"update_id":896250728,
"message":{"message_id":122,"from":{"id":8596579399,"is_bot":false,"first_name":"Goga","last_name":"Lokhande","username":"Goga1708","language_code":"en"},"chat":{"id":8596579399,"first_name":"Goga","last_name":"Lokhande","username":"Goga1708","type":"private"},"date":1773159103,"text":"105015"}}
[2026-03-10 16:11:43] Routing to handleMessage
[2026-03-10 16:11:43] Processing handleMessage loop, text: 105015
[2026-03-10 16:12:18] Webhook hit. Token=8164448894:AAFbloa8DU6DxN8Jjo0nMYnP6bL33DzcBu4 Bookie=1
[2026-03-10 16:12:18] Input: {"update_id":896250729,
"message":{"message_id":124,"from":{"id":8204776787,"is_bot":false,"first_name":"Rajani","username":"Rajani1708","language_code":"en"},"chat":{"id":8204776787,"first_name":"Rajani","username":"Rajani1708","type":"private"},"date":1773159139,"text":"/start","entities":[{"offset":0,"length":6,"type":"bot_command"}]}}
[2026-03-10 16:12:18] Routing to handleMessage
[2026-03-10 16:12:18] Processing handleMessage loop, text: /start
[2026-03-10 16:12:19] Telegram response: Array
[2026-03-10 16:12:21] Webhook hit. Token=8164448894:AAFbloa8DU6DxN8Jjo0nMYnP6bL33DzcBu4 Bookie=1
[2026-03-10 16:12:21] Input: {"update_id":896250730,
"callback_query":{"id":"7569131863158956405","from":{"id":8204776787,"is_bot":false,"first_name":"Rajani","username":"Rajani1708","language_code":"en"},"message":{"message_id":125,"from":{"id":8164448894,"is_bot":true,"first_name":"Lbbot_01","username":"Gamerlb01bot"},"chat":{"id":8204776787,"first_name":"Rajani","username":"Rajani1708","type":"private"},"date":1773159140,"text":"Welcome to Rajani's bookie bot!","entities":[{"offset":11,"length":6,"type":"bold"}],"reply_markup":{"inline_keyboard":[[{"text":"\ud83d\udcb0 Deposit","callback_data":"DEPOSIT"}],[{"text":"\ud83c\udfe7 Withdraw","callback_data":"WITHDRAW"}]]}},"chat_instance":"6698031621898929507","data":"DEPOSIT"}}
[2026-03-10 16:12:21] Routing to handleCallback
[2026-03-10 16:12:26] Webhook hit. Token=8164448894:AAFbloa8DU6DxN8Jjo0nMYnP6bL33DzcBu4 Bookie=1
[2026-03-10 16:12:26] Input: {"update_id":896250731,
"message":{"message_id":127,"from":{"id":8204776787,"is_bot":false,"first_name":"Rajani","username":"Rajani1708","language_code":"en"},"chat":{"id":8204776787,"first_name":"Rajani","username":"Rajani1708","type":"private"},"date":1773159147,"text":"100"}}
[2026-03-10 16:12:26] Routing to handleMessage
[2026-03-10 16:12:26] Processing handleMessage loop, text: 100
[2026-03-10 16:12:29] Webhook hit. Token=8164448894:AAFbloa8DU6DxN8Jjo0nMYnP6bL33DzcBu4 Bookie=1
[2026-03-10 16:12:29] Input: {"update_id":896250732,
"callback_query":{"id":"7569131864646126182","from":{"id":8204776787,"is_bot":false,"first_name":"Rajani","username":"Rajani1708","language_code":"en"},"message":{"message_id":128,"from":{"id":8164448894,"is_bot":true,"first_name":"Lbbot_01","username":"Gamerlb01bot"},"chat":{"id":8204776787,"first_name":"Rajani","username":"Rajani1708","type":"private"},"date":1773159148,"text":"Great! You want to deposit $100. How would you like to pay?","reply_markup":{"inline_keyboard":[[{"text":"venmo","callback_data":"GATEWAY_1"}],[{"text":"paypal","callback_data":"GATEWAY_2"}]]}},"chat_instance":"6698031621898929507","data":"GATEWAY_1"}}
[2026-03-10 16:12:29] Routing to handleCallback
[2026-03-10 16:12:44] Webhook hit. Token=8164448894:AAFbloa8DU6DxN8Jjo0nMYnP6bL33DzcBu4 Bookie=1
[2026-03-10 16:12:44] Input: {"update_id":896250733,
"message":{"message_id":130,"from":{"id":8204776787,"is_bot":false,"first_name":"Rajani","username":"Rajani1708","language_code":"en"},"chat":{"id":8204776787,"first_name":"Rajani","username":"Rajani1708","type":"private"},"date":1773159164,"photo":[{"file_id":"AgACAgUAAxkBAAOCabBC_LQfm-2FzI4mLPf8s-gVfV4AAlsPaxuzcYFV_Rs3smPmSRIBAAMCAANzAAM6BA","file_unique_id":"AQADWw9rG7NxgVV4","file_size":1109,"width":40,"height":90},{"file_id":"AgACAgUAAxkBAAOCabBC_LQfm-2FzI4mLPf8s-gVfV4AAlsPaxuzcYFV_Rs3smPmSRIBAAMCAANtAAM6BA","file_unique_id":"AQADWw9rG7NxgVVy","file_size":14134,"width":144,"height":320},{"file_id":"AgACAgUAAxkBAAOCabBC_LQfm-2FzI4mLPf8s-gVfV4AAlsPaxuzcYFV_Rs3smPmSRIBAAMCAAN4AAM6BA","file_unique_id":"AQADWw9rG7NxgVV9","file_size":58518,"width":359,"height":800},{"file_id":"AgACAgUAAxkBAAOCabBC_LQfm-2FzI4mLPf8s-gVfV4AAlsPaxuzcYFV_Rs3smPmSRIBAAMCAAN5AAM6BA","file_unique_id":"AQADWw9rG7NxgVV-","file_size":104695,"width":574,"height":1280}]}}
[2026-03-10 16:12:44] Routing to handleMessage
[2026-03-10 16:12:44] Processing handleMessage loop, text: 
[2026-03-10 16:12:50] Webhook hit. Token=8164448894:AAFbloa8DU6DxN8Jjo0nMYnP6bL33DzcBu4 Bookie=1
[2026-03-10 16:12:50] Input: {"update_id":896250734,
"callback_query":{"id":"28539228789185100","from":{"id":8596579399,"is_bot":false,"first_name":"Goga","last_name":"Lokhande","username":"Goga1708","language_code":"en"},"message":{"message_id":132,"from":{"id":8164448894,"is_bot":true,"first_name":"Lbbot_01","username":"Gamerlb01bot"},"chat":{"id":8596579399,"first_name":"Goga","last_name":"Lokhande","username":"Goga1708","type":"private"},"date":1773159166,"photo":[{"file_id":"AgACAgUAAxkBAAOCabBC_LQfm-2FzI4mLPf8s-gVfV4AAlsPaxuzcYFV_Rs3smPmSRIBAAMCAANzAAM6BA","file_unique_id":"AQADWw9rG7NxgVV4","file_size":1109,"width":40,"height":90},{"file_id":"AgACAgUAAxkBAAOCabBC_LQfm-2FzI4mLPf8s-gVfV4AAlsPaxuzcYFV_Rs3smPmSRIBAAMCAANtAAM6BA","file_unique_id":"AQADWw9rG7NxgVVy","file_size":14134,"width":144,"height":320},{"file_id":"AgACAgUAAxkBAAOCabBC_LQfm-2FzI4mLPf8s-gVfV4AAlsPaxuzcYFV_Rs3smPmSRIBAAMCAAN4AAM6BA","file_unique_id":"AQADWw9rG7NxgVV9","file_size":58518,"width":359,"height":800},{"file_id":"AgACAgUAAxkBAAOCabBC_LQfm-2FzI4mLPf8s-gVfV4AAlsPaxuzcYFV_Rs3smPmSRIBAAMCAAN5AAM6BA","file_unique_id":"AQADWw9rG7NxgVV-","file_size":104695,"width":574,"height":1280}],"caption":"\ud83d\udea8 New Deposit Request\n\nPlayer: Rajani (@Rajani1708)\nAmount: $100.00","caption_entities":[{"offset":3,"length":19,"type":"bold"},{"offset":32,"length":6,"type":"bold"},{"offset":40,"length":11,"type":"mention"},{"offset":61,"length":7,"type":"bold"}],"reply_markup":{"inline_keyboard":[[{"text":"\u2705 Approve","callback_data":"APPROVE_DEPOSIT_1"},{"text":"\u274c Reject","callback_data":"REJECT_DEPOSIT_1"}]]}},"chat_instance":"2599249049092060590","data":"APPROVE_DEPOSIT_1"}}
[2026-03-10 16:12:50] Routing to handleCallback
[2026-03-10 16:13:27] Webhook hit. Token=8164448894:AAFbloa8DU6DxN8Jjo0nMYnP6bL33DzcBu4 Bookie=1
[2026-03-10 16:13:27] Input: {"update_id":896250735,
"message":{"message_id":134,"from":{"id":8204776787,"is_bot":false,"first_name":"Rajani","username":"Rajani1708","language_code":"en"},"chat":{"id":8204776787,"first_name":"Rajani","username":"Rajani1708","type":"private"},"date":1773159207,"text":"/start","entities":[{"offset":0,"length":6,"type":"bot_command"}]}}
[2026-03-10 16:13:27] Routing to handleMessage
[2026-03-10 16:13:27] Processing handleMessage loop, text: /start
[2026-03-10 16:13:28] Telegram response: Array
[2026-03-10 16:13:29] Webhook hit. Token=8164448894:AAFbloa8DU6DxN8Jjo0nMYnP6bL33DzcBu4 Bookie=1
[2026-03-10 16:13:29] Input: {"update_id":896250736,
"callback_query":{"id":"7569131862959558036","from":{"id":8204776787,"is_bot":false,"first_name":"Rajani","username":"Rajani1708","language_code":"en"},"message":{"message_id":135,"from":{"id":8164448894,"is_bot":true,"first_name":"Lbbot_01","username":"Gamerlb01bot"},"chat":{"id":8204776787,"first_name":"Rajani","username":"Rajani1708","type":"private"},"date":1773159208,"text":"Welcome to Rajani's bookie bot!","entities":[{"offset":11,"length":6,"type":"bold"}],"reply_markup":{"inline_keyboard":[[{"text":"\ud83d\udcb0 Deposit","callback_data":"DEPOSIT"}],[{"text":"\ud83c\udfe7 Withdraw","callback_data":"WITHDRAW"}]]}},"chat_instance":"6698031621898929507","data":"WITHDRAW"}}
[2026-03-10 16:13:29] Routing to handleCallback
[2026-03-10 16:13:35] Webhook hit. Token=8164448894:AAFbloa8DU6DxN8Jjo0nMYnP6bL33DzcBu4 Bookie=1
[2026-03-10 16:13:35] Input: {"update_id":896250737,
"message":{"message_id":137,"from":{"id":8204776787,"is_bot":false,"first_name":"Rajani","username":"Rajani1708","language_code":"en"},"chat":{"id":8204776787,"first_name":"Rajani","username":"Rajani1708","type":"private"},"date":1773159216,"text":"50"}}
[2026-03-10 16:13:35] Routing to handleMessage
[2026-03-10 16:13:35] Processing handleMessage loop, text: 50
[2026-03-10 16:18:26] Webhook hit. Token=8164448894:AAFbloa8DU6DxN8Jjo0nMYnP6bL33DzcBu4 Bookie=1
[2026-03-10 16:18:26] Input: {"update_id":896250738,
"message":{"message_id":139,"from":{"id":8204776787,"is_bot":false,"first_name":"Rajani","username":"Rajani1708","language_code":"en"},"chat":{"id":8204776787,"first_name":"Rajani","username":"Rajani1708","type":"private"},"date":1773159507,"text":"/start","entities":[{"offset":0,"length":6,"type":"bot_command"}]}}
[2026-03-10 16:18:26] Routing to handleMessage
[2026-03-10 16:18:26] Processing handleMessage loop, text: /start
[2026-03-10 16:18:27] Telegram response: Array
[2026-03-10 16:18:28] Webhook hit. Token=8164448894:AAFbloa8DU6DxN8Jjo0nMYnP6bL33DzcBu4 Bookie=1
[2026-03-10 16:18:28] Input: {"update_id":896250739,
"callback_query":{"id":"7569131862317557382","from":{"id":8204776787,"is_bot":false,"first_name":"Rajani","username":"Rajani1708","language_code":"en"},"message":{"message_id":140,"from":{"id":8164448894,"is_bot":true,"first_name":"Lbbot_01","username":"Gamerlb01bot"},"chat":{"id":8204776787,"first_name":"Rajani","username":"Rajani1708","type":"private"},"date":1773159508,"text":"Welcome to Rajani's bookie bot!","entities":[{"offset":11,"length":6,"type":"bold"}],"reply_markup":{"inline_keyboard":[[{"text":"\ud83d\udcb0 Deposit","callback_data":"DEPOSIT"}],[{"text":"\ud83c\udfe7 Withdraw","callback_data":"WITHDRAW"}]]}},"chat_instance":"6698031621898929507","data":"WITHDRAW"}}
[2026-03-10 16:18:28] Routing to handleCallback
[2026-03-10 16:18:33] Webhook hit. Token=8164448894:AAFbloa8DU6DxN8Jjo0nMYnP6bL33DzcBu4 Bookie=1
[2026-03-10 16:18:33] Input: {"update_id":896250740,
"message":{"message_id":142,"from":{"id":8204776787,"is_bot":false,"first_name":"Rajani","username":"Rajani1708","language_code":"en"},"chat":{"id":8204776787,"first_name":"Rajani","username":"Rajani1708","type":"private"},"date":1773159514,"text":"50"}}
[2026-03-10 16:18:33] Routing to handleMessage
[2026-03-10 16:18:33] Processing handleMessage loop, text: 50
[2026-03-10 16:21:02] Webhook hit. Token=8164448894:AAFbloa8DU6DxN8Jjo0nMYnP6bL33DzcBu4 Bookie=1
[2026-03-10 16:21:02] Input: {"update_id":896250741,
"message":{"message_id":144,"from":{"id":8204776787,"is_bot":false,"first_name":"Rajani","username":"Rajani1708","language_code":"en"},"chat":{"id":8204776787,"first_name":"Rajani","username":"Rajani1708","type":"private"},"date":1773159662,"text":"/start","entities":[{"offset":0,"length":6,"type":"bot_command"}]}}
[2026-03-10 16:21:02] Routing to handleMessage
[2026-03-10 16:21:02] Processing handleMessage loop, text: /start
[2026-03-10 16:21:03] Telegram response: Array
[2026-03-10 16:21:04] Webhook hit. Token=8164448894:AAFbloa8DU6DxN8Jjo0nMYnP6bL33DzcBu4 Bookie=1
[2026-03-10 16:21:04] Input: {"update_id":896250742,
"callback_query":{"id":"7569131864441243103","from":{"id":8204776787,"is_bot":false,"first_name":"Rajani","username":"Rajani1708","language_code":"en"},"message":{"message_id":145,"from":{"id":8164448894,"is_bot":true,"first_name":"Lbbot_01","username":"Gamerlb01bot"},"chat":{"id":8204776787,"first_name":"Rajani","username":"Rajani1708","type":"private"},"date":1773159663,"text":"Welcome to Rajani's bookie bot!","entities":[{"offset":11,"length":6,"type":"bold"}],"reply_markup":{"inline_keyboard":[[{"text":"\ud83d\udcb0 Deposit","callback_data":"DEPOSIT"}],[{"text":"\ud83c\udfe7 Withdraw","callback_data":"WITHDRAW"}]]}},"chat_instance":"6698031621898929507","data":"WITHDRAW"}}
[2026-03-10 16:21:04] Routing to handleCallback
[2026-03-10 16:23:18] Webhook hit. Token=8164448894:AAFbloa8DU6DxN8Jjo0nMYnP6bL33DzcBu4 Bookie=1
[2026-03-10 16:23:18] Input: {"update_id":896250743,
"message":{"message_id":147,"from":{"id":8204776787,"is_bot":false,"first_name":"Rajani","username":"Rajani1708","language_code":"en"},"chat":{"id":8204776787,"first_name":"Rajani","username":"Rajani1708","type":"private"},"date":1773159799,"text":"/start","entities":[{"offset":0,"length":6,"type":"bot_command"}]}}
[2026-03-10 16:23:18] Routing to handleMessage
[2026-03-10 16:23:18] Processing handleMessage loop, text: /start
[2026-03-10 16:23:19] Telegram response: Array
[2026-03-10 16:23:21] Webhook hit. Token=8164448894:AAFbloa8DU6DxN8Jjo0nMYnP6bL33DzcBu4 Bookie=1
[2026-03-10 16:23:21] Input: {"update_id":896250744,
"callback_query":{"id":"7569131862434695698","from":{"id":8204776787,"is_bot":false,"first_name":"Rajani","username":"Rajani1708","language_code":"en"},"message":{"message_id":148,"from":{"id":8164448894,"is_bot":true,"first_name":"Lbbot_01","username":"Gamerlb01bot"},"chat":{"id":8204776787,"first_name":"Rajani","username":"Rajani1708","type":"private"},"date":1773159800,"text":"Welcome to Rajani's bookie bot!","entities":[{"offset":11,"length":6,"type":"bold"}],"reply_markup":{"inline_keyboard":[[{"text":"\ud83d\udcb0 Deposit","callback_data":"DEPOSIT"}],[{"text":"\ud83c\udfe7 Withdraw","callback_data":"WITHDRAW"}]]}},"chat_instance":"6698031621898929507","data":"DEPOSIT"}}
[2026-03-10 16:23:21] Routing to handleCallback
[2026-03-10 16:23:27] Webhook hit. Token=8164448894:AAFbloa8DU6DxN8Jjo0nMYnP6bL33DzcBu4 Bookie=1
[2026-03-10 16:23:27] Input: {"update_id":896250745,
"message":{"message_id":150,"from":{"id":8204776787,"is_bot":false,"first_name":"Rajani","username":"Rajani1708","language_code":"en"},"chat":{"id":8204776787,"first_name":"Rajani","username":"Rajani1708","type":"private"},"date":1773159808,"text":"100"}}
[2026-03-10 16:23:27] Routing to handleMessage
[2026-03-10 16:23:27] Processing handleMessage loop, text: 100
[2026-03-10 16:23:29] Webhook hit. Token=8164448894:AAFbloa8DU6DxN8Jjo0nMYnP6bL33DzcBu4 Bookie=1
[2026-03-10 16:23:29] Input: {"update_id":896250746,
"callback_query":{"id":"7569131860931011031","from":{"id":8204776787,"is_bot":false,"first_name":"Rajani","username":"Rajani1708","language_code":"en"},"message":{"message_id":151,"from":{"id":8164448894,"is_bot":true,"first_name":"Lbbot_01","username":"Gamerlb01bot"},"chat":{"id":8204776787,"first_name":"Rajani","username":"Rajani1708","type":"private"},"date":1773159809,"text":"Great! You want to deposit $100. How would you like to pay?","reply_markup":{"inline_keyboard":[[{"text":"venmo","callback_data":"GATEWAY_1"}],[{"text":"paypal","callback_data":"GATEWAY_2"}]]}},"chat_instance":"6698031621898929507","data":"GATEWAY_1"}}
[2026-03-10 16:23:29] Routing to handleCallback
[2026-03-10 16:23:44] Webhook hit. Token=8164448894:AAFbloa8DU6DxN8Jjo0nMYnP6bL33DzcBu4 Bookie=1
[2026-03-10 16:23:44] Input: {"update_id":896250747,
"message":{"message_id":153,"from":{"id":8204776787,"is_bot":false,"first_name":"Rajani","username":"Rajani1708","language_code":"en"},"chat":{"id":8204776787,"first_name":"Rajani","username":"Rajani1708","type":"private"},"date":1773159825,"photo":[{"file_id":"AgACAgUAAxkBAAOCabBC_LQfm-2FzI4mLPf8s-gVfV4AAlsPaxuzcYFV_Rs3smPmSRIBAAMCAANzAAM6BA","file_unique_id":"AQADWw9rG7NxgVV4","file_size":1109,"width":40,"height":90},{"file_id":"AgACAgUAAxkBAAOCabBC_LQfm-2FzI4mLPf8s-gVfV4AAlsPaxuzcYFV_Rs3smPmSRIBAAMCAANtAAM6BA","file_unique_id":"AQADWw9rG7NxgVVy","file_size":14134,"width":144,"height":320},{"file_id":"AgACAgUAAxkBAAOCabBC_LQfm-2FzI4mLPf8s-gVfV4AAlsPaxuzcYFV_Rs3smPmSRIBAAMCAAN4AAM6BA","file_unique_id":"AQADWw9rG7NxgVV9","file_size":58518,"width":359,"height":800},{"file_id":"AgACAgUAAxkBAAOCabBC_LQfm-2FzI4mLPf8s-gVfV4AAlsPaxuzcYFV_Rs3smPmSRIBAAMCAAN5AAM6BA","file_unique_id":"AQADWw9rG7NxgVV-","file_size":104695,"width":574,"height":1280}]}}
[2026-03-10 16:23:44] Routing to handleMessage
[2026-03-10 16:23:44] Processing handleMessage loop, text: 
[2026-03-10 16:23:52] Webhook hit. Token=8164448894:AAFbloa8DU6DxN8Jjo0nMYnP6bL33DzcBu4 Bookie=1
[2026-03-10 16:23:52] Input: {"update_id":896250748,
"callback_query":{"id":"28539229313909665","from":{"id":8596579399,"is_bot":false,"first_name":"Goga","last_name":"Lokhande","username":"Goga1708","language_code":"en"},"message":{"message_id":155,"from":{"id":8164448894,"is_bot":true,"first_name":"Lbbot_01","username":"Gamerlb01bot"},"chat":{"id":8596579399,"first_name":"Goga","last_name":"Lokhande","username":"Goga1708","type":"private"},"date":1773159827,"photo":[{"file_id":"AgACAgUAAxkBAAOCabBC_LQfm-2FzI4mLPf8s-gVfV4AAlsPaxuzcYFV_Rs3smPmSRIBAAMCAANzAAM6BA","file_unique_id":"AQADWw9rG7NxgVV4","file_size":1109,"width":40,"height":90},{"file_id":"AgACAgUAAxkBAAOCabBC_LQfm-2FzI4mLPf8s-gVfV4AAlsPaxuzcYFV_Rs3smPmSRIBAAMCAANtAAM6BA","file_unique_id":"AQADWw9rG7NxgVVy","file_size":14134,"width":144,"height":320},{"file_id":"AgACAgUAAxkBAAOCabBC_LQfm-2FzI4mLPf8s-gVfV4AAlsPaxuzcYFV_Rs3smPmSRIBAAMCAAN4AAM6BA","file_unique_id":"AQADWw9rG7NxgVV9","file_size":58518,"width":359,"height":800},{"file_id":"AgACAgUAAxkBAAOCabBC_LQfm-2FzI4mLPf8s-gVfV4AAlsPaxuzcYFV_Rs3smPmSRIBAAMCAAN5AAM6BA","file_unique_id":"AQADWw9rG7NxgVV-","file_size":104695,"width":574,"height":1280}],"caption":"\ud83d\udea8 New Deposit Request\n\nPlayer: Rajani (@Rajani1708)\nAmount: $100.00","caption_entities":[{"offset":3,"length":19,"type":"bold"},{"offset":32,"length":6,"type":"bold"},{"offset":40,"length":11,"type":"mention"},{"offset":61,"length":7,"type":"bold"}],"reply_markup":{"inline_keyboard":[[{"text":"\u2705 Approve","callback_data":"APPROVE_DEPOSIT_2"},{"text":"\u274c Reject","callback_data":"REJECT_DEPOSIT_2"}]]}},"chat_instance":"2599249049092060590","data":"APPROVE_DEPOSIT_2"}}
[2026-03-10 16:23:52] Routing to handleCallback
[2026-03-10 17:22:50] Webhook hit. Token=8164448894:AAFbloa8DU6DxN8Jjo0nMYnP6bL33DzcBu4 Bookie=1
[2026-03-10 17:22:50] Input: {"update_id":896250749,
"message":{"message_id":157,"from":{"id":8204776787,"is_bot":false,"first_name":"Rajani","username":"Rajani1708","language_code":"en"},"chat":{"id":8204776787,"first_name":"Rajani","username":"Rajani1708","type":"private"},"date":1773163370,"text":"/start","entities":[{"offset":0,"length":6,"type":"bot_command"}]}}
[2026-03-10 17:22:50] Routing to handleMessage
[2026-03-10 17:22:50] Processing handleMessage loop, text: /start
[2026-03-10 17:22:51] Telegram response: Array
[2026-03-10 17:22:53] Webhook hit. Token=8164448894:AAFbloa8DU6DxN8Jjo0nMYnP6bL33DzcBu4 Bookie=1
[2026-03-10 17:22:53] Input: {"update_id":896250750,
"callback_query":{"id":"7569131862984962462","from":{"id":8204776787,"is_bot":false,"first_name":"Rajani","username":"Rajani1708","language_code":"en"},"message":{"message_id":158,"from":{"id":8164448894,"is_bot":true,"first_name":"Lbbot_01","username":"Gamerlb01bot"},"chat":{"id":8204776787,"first_name":"Rajani","username":"Rajani1708","type":"private"},"date":1773163372,"text":"Welcome to Rajani's bookie bot!","entities":[{"offset":11,"length":6,"type":"bold"}],"reply_markup":{"inline_keyboard":[[{"text":"\ud83d\udcb0 Deposit","callback_data":"DEPOSIT"}],[{"text":"\ud83c\udfe7 Withdraw","callback_data":"WITHDRAW"}]]}},"chat_instance":"6698031621898929507","data":"WITHDRAW"}}
[2026-03-10 17:22:53] Routing to handleCallback
[2026-03-10 17:22:58] Webhook hit. Token=8164448894:AAFbloa8DU6DxN8Jjo0nMYnP6bL33DzcBu4 Bookie=1
[2026-03-10 17:22:58] Input: {"update_id":896250751,
"message":{"message_id":160,"from":{"id":8204776787,"is_bot":false,"first_name":"Rajani","username":"Rajani1708","language_code":"en"},"chat":{"id":8204776787,"first_name":"Rajani","username":"Rajani1708","type":"private"},"date":1773163379,"text":"50"}}
[2026-03-10 17:22:58] Routing to handleMessage
[2026-03-10 17:22:58] Processing handleMessage loop, text: 50
[2026-03-10 17:26:49] Webhook hit. Token=8164448894:AAFbloa8DU6DxN8Jjo0nMYnP6bL33DzcBu4 Bookie=1
[2026-03-10 17:26:49] Input: {"update_id":896250752,
"callback_query":{"id":"7569131862354993602","from":{"id":8204776787,"is_bot":false,"first_name":"Rajani","username":"Rajani1708","language_code":"en"},"message":{"message_id":161,"from":{"id":8164448894,"is_bot":true,"first_name":"Lbbot_01","username":"Gamerlb01bot"},"chat":{"id":8204776787,"first_name":"Rajani","username":"Rajani1708","type":"private"},"date":1773163380,"text":"Please select a payout method to receive your $50:","reply_markup":{"inline_keyboard":[[{"text":"\u2795 Add New Method","callback_data":"ADD_PAYOUT_METHOD"}]]}},"chat_instance":"6698031621898929507","data":"ADD_PAYOUT_METHOD"}}
[2026-03-10 17:26:49] Routing to handleCallback
[2026-03-10 17:26:57] Webhook hit. Token=8164448894:AAFbloa8DU6DxN8Jjo0nMYnP6bL33DzcBu4 Bookie=1
[2026-03-10 17:26:57] Input: {"update_id":896250753,
"message":{"message_id":163,"from":{"id":8204776787,"is_bot":false,"first_name":"Rajani","username":"Rajani1708","language_code":"en"},"chat":{"id":8204776787,"first_name":"Rajani","username":"Rajani1708","type":"private"},"date":1773163618,"text":"Zelle"}}
[2026-03-10 17:26:57] Routing to handleMessage
[2026-03-10 17:26:57] Processing handleMessage loop, text: Zelle
[2026-03-10 17:27:07] Webhook hit. Token=8164448894:AAFbloa8DU6DxN8Jjo0nMYnP6bL33DzcBu4 Bookie=1
[2026-03-10 17:27:07] Input: {"update_id":896250754,
"message":{"message_id":165,"from":{"id":8204776787,"is_bot":false,"first_name":"Rajani","username":"Rajani1708","language_code":"en"},"chat":{"id":8204776787,"first_name":"Rajani","username":"Rajani1708","type":"private"},"date":1773163628,"text":"@rajjani","entities":[{"offset":0,"length":8,"type":"mention"}]}}
[2026-03-10 17:27:07] Routing to handleMessage
[2026-03-10 17:27:07] Processing handleMessage loop, text: @rajjani
[2026-03-12 08:00:40] Webhook hit. Token=8164448894:AAFbloa8DU6DxN8Jjo0nMYnP6bL33DzcBu4 Bookie=1
[2026-03-12 08:00:40] Input: {"update_id":896250758,
"message":{"message_id":168,"from":{"id":8204776787,"is_bot":false,"first_name":"Rajani","username":"Rajani1708","language_code":"en"},"chat":{"id":8204776787,"first_name":"Rajani","username":"Rajani1708","type":"private"},"date":1773302440,"text":"/start","entities":[{"offset":0,"length":6,"type":"bot_command"}]}}
[2026-03-12 08:00:40] Routing to handleMessage
[2026-03-12 08:00:40] Processing handleMessage loop, text: /start
[2026-03-12 08:00:41] Telegram response: Array
[2026-03-12 08:00:43] Webhook hit. Token=8164448894:AAFbloa8DU6DxN8Jjo0nMYnP6bL33DzcBu4 Bookie=1
[2026-03-12 08:00:43] Input: {"update_id":896250759,
"callback_query":{"id":"7569131861975226822","from":{"id":8204776787,"is_bot":false,"first_name":"Rajani","username":"Rajani1708","language_code":"en"},"message":{"message_id":169,"from":{"id":8164448894,"is_bot":true,"first_name":"Lbbot_01","username":"Gamerlb01bot"},"chat":{"id":8204776787,"first_name":"Rajani","username":"Rajani1708","type":"private"},"date":1773302441,"text":"Welcome to Rajani's bookie bot!","entities":[{"offset":11,"length":6,"type":"bold"}],"reply_markup":{"inline_keyboard":[[{"text":"\ud83d\udcb0 Deposit","callback_data":"DEPOSIT"}],[{"text":"\ud83c\udfe7 Withdraw","callback_data":"WITHDRAW"}]]}},"chat_instance":"6698031621898929507","data":"WITHDRAW"}}
[2026-03-12 08:00:43] Routing to handleCallback
[2026-03-12 08:00:48] Webhook hit. Token=8164448894:AAFbloa8DU6DxN8Jjo0nMYnP6bL33DzcBu4 Bookie=1
[2026-03-12 08:00:48] Input: {"update_id":896250760,
"message":{"message_id":171,"from":{"id":8204776787,"is_bot":false,"first_name":"Rajani","username":"Rajani1708","language_code":"en"},"chat":{"id":8204776787,"first_name":"Rajani","username":"Rajani1708","type":"private"},"date":1773302449,"text":"10"}}
[2026-03-12 08:00:48] Routing to handleMessage
[2026-03-12 08:00:48] Processing handleMessage loop, text: 10
[2026-03-12 08:00:56] Webhook hit. Token=8164448894:AAFbloa8DU6DxN8Jjo0nMYnP6bL33DzcBu4 Bookie=1
[2026-03-12 08:00:56] Input: {"update_id":896250761,
"callback_query":{"id":"7569131861389063631","from":{"id":8204776787,"is_bot":false,"first_name":"Rajani","username":"Rajani1708","language_code":"en"},"message":{"message_id":172,"from":{"id":8164448894,"is_bot":true,"first_name":"Lbbot_01","username":"Gamerlb01bot"},"chat":{"id":8204776787,"first_name":"Rajani","username":"Rajani1708","type":"private"},"date":1773302450,"text":"Please select a payout method to receive your $10:","reply_markup":{"inline_keyboard":[[{"text":"\u2705 Saved: Zelle (@rajjani)","callback_data":"WITHDRAW_METHOD_1"}],[{"text":"venmo","callback_data":"SET_METHOD_NAME_venmo"},{"text":"paypal","callback_data":"SET_METHOD_NAME_paypal"}],[{"text":"\u2795 Other Method","callback_data":"ADD_PAYOUT_METHOD"}]]}},"chat_instance":"6698031621898929507","data":"WITHDRAW_METHOD_1"}}
[2026-03-12 08:00:56] Routing to handleCallback
[2026-03-12 08:00:56] Fatal Error: Call to undefined method App\Modules\Wallet\Repositories\WithdrawalRepository::getMethodById()
#0 C:\MAMP\htdocs\telegram\app\Modules\Telegram\Controllers\TelegramWebhookController.php(45): App\Modules\Telegram\Controllers\TelegramWebhookController->handleCallback(Array, Object(App\Modules\Telegram\Services\TelegramService), Object(App\Modules\Telegram\Repositories\PlayerRepository), 1)
#1 C:\MAMP\htdocs\telegram\app\Core\Router.php(41): App\Modules\Telegram\Controllers\TelegramWebhookController->handle(Array)
#2 C:\MAMP\htdocs\telegram\index.php(48): App\Core\Router->dispatch()
#3 {main}
[2026-03-12 08:01:11] Webhook hit. Token=8164448894:AAFbloa8DU6DxN8Jjo0nMYnP6bL33DzcBu4 Bookie=1
[2026-03-12 08:01:11] Input: {"update_id":896250762,
"callback_query":{"id":"7569131861203866219","from":{"id":8204776787,"is_bot":false,"first_name":"Rajani","username":"Rajani1708","language_code":"en"},"message":{"message_id":172,"from":{"id":8164448894,"is_bot":true,"first_name":"Lbbot_01","username":"Gamerlb01bot"},"chat":{"id":8204776787,"first_name":"Rajani","username":"Rajani1708","type":"private"},"date":1773302450,"text":"Please select a payout method to receive your $10:","reply_markup":{"inline_keyboard":[[{"text":"\u2705 Saved: Zelle (@rajjani)","callback_data":"WITHDRAW_METHOD_1"}],[{"text":"venmo","callback_data":"SET_METHOD_NAME_venmo"},{"text":"paypal","callback_data":"SET_METHOD_NAME_paypal"}],[{"text":"\u2795 Other Method","callback_data":"ADD_PAYOUT_METHOD"}]]}},"chat_instance":"6698031621898929507","data":"SET_METHOD_NAME_venmo"}}
[2026-03-12 08:01:11] Routing to handleCallback
[2026-03-12 08:01:21] Webhook hit. Token=8164448894:AAFbloa8DU6DxN8Jjo0nMYnP6bL33DzcBu4 Bookie=1
[2026-03-12 08:01:21] Input: {"update_id":896250763,
"message":{"message_id":174,"from":{"id":8204776787,"is_bot":false,"first_name":"Rajani","username":"Rajani1708","language_code":"en"},"chat":{"id":8204776787,"first_name":"Rajani","username":"Rajani1708","type":"private"},"date":1773302481,"text":"@raj"}}
[2026-03-12 08:01:21] Routing to handleMessage
[2026-03-12 08:01:21] Processing handleMessage loop, text: @raj
[2026-03-12 08:01:22] Fatal Error: Call to undefined method App\Modules\Telegram\Services\NotificationService::notifyBookie()
#0 C:\MAMP\htdocs\telegram\app\Modules\Telegram\Controllers\TelegramWebhookController.php(42): App\Modules\Telegram\Controllers\TelegramWebhookController->handleMessage(Array, Object(App\Modules\Telegram\Services\TelegramService), Object(App\Modules\Telegram\Repositories\PlayerRepository), 1)
#1 C:\MAMP\htdocs\telegram\app\Core\Router.php(41): App\Modules\Telegram\Controllers\TelegramWebhookController->handle(Array)
#2 C:\MAMP\htdocs\telegram\index.php(48): App\Core\Router->dispatch()
#3 {main}
[2026-03-12 08:01:33] Webhook hit. Token=8164448894:AAFbloa8DU6DxN8Jjo0nMYnP6bL33DzcBu4 Bookie=1
[2026-03-12 08:01:33] Input: {"update_id":896250764,
"message":{"message_id":176,"from":{"id":8152733609,"is_bot":false,"first_name":"Vijay48","language_code":"en"},"chat":{"id":8152733609,"first_name":"Vijay48","type":"private"},"date":1773302493,"text":"/start","entities":[{"offset":0,"length":6,"type":"bot_command"}]}}
[2026-03-12 08:01:33] Routing to handleMessage
[2026-03-12 08:01:33] Processing handleMessage loop, text: /start
[2026-03-12 08:01:34] Telegram response: Array
[2026-03-12 08:01:35] Webhook hit. Token=8164448894:AAFbloa8DU6DxN8Jjo0nMYnP6bL33DzcBu4 Bookie=1
[2026-03-12 08:01:35] Input: {"update_id":896250765,
"callback_query":{"id":"7345608113104768792","from":{"id":8152733609,"is_bot":false,"first_name":"Vijay48","language_code":"en"},"message":{"message_id":177,"from":{"id":8164448894,"is_bot":true,"first_name":"Lbbot_01","username":"Gamerlb01bot"},"chat":{"id":8152733609,"first_name":"Vijay48","type":"private"},"date":1773302494,"text":"Welcome to Vijay48's bookie bot!","entities":[{"offset":11,"length":7,"type":"bold"}],"reply_markup":{"inline_keyboard":[[{"text":"\ud83d\udcb0 Deposit","callback_data":"DEPOSIT"}],[{"text":"\ud83c\udfe7 Withdraw","callback_data":"WITHDRAW"}]]}},"chat_instance":"-8022870131296560198","data":"DEPOSIT"}}
[2026-03-12 08:01:35] Routing to handleCallback
[2026-03-12 08:01:46] Webhook hit. Token=8164448894:AAFbloa8DU6DxN8Jjo0nMYnP6bL33DzcBu4 Bookie=1
[2026-03-12 08:01:46] Input: {"update_id":896250766,
"message":{"message_id":179,"from":{"id":8152733609,"is_bot":false,"first_name":"Vijay48","language_code":"en"},"chat":{"id":8152733609,"first_name":"Vijay48","type":"private"},"date":1773302506,"text":"60"}}
[2026-03-12 08:01:46] Routing to handleMessage
[2026-03-12 08:01:46] Processing handleMessage loop, text: 60
[2026-03-12 08:01:46] Fatal Error: Call to undefined method App\Modules\Wallet\Services\QueueService::logWithdrawalReservation()
#0 C:\MAMP\htdocs\telegram\app\Modules\Telegram\Controllers\TelegramWebhookController.php(126): App\Modules\Wallet\Services\QueueService->reserveSplits('3', Array)
#1 C:\MAMP\htdocs\telegram\app\Modules\Telegram\Controllers\TelegramWebhookController.php(42): App\Modules\Telegram\Controllers\TelegramWebhookController->handleMessage(Array, Object(App\Modules\Telegram\Services\TelegramService), Object(App\Modules\Telegram\Repositories\PlayerRepository), 1)
#2 C:\MAMP\htdocs\telegram\app\Core\Router.php(41): App\Modules\Telegram\Controllers\TelegramWebhookController->handle(Array)
#3 C:\MAMP\htdocs\telegram\index.php(48): App\Core\Router->dispatch()
#4 {main}
[2026-03-12 09:08:39] Webhook hit. Token=8164448894:AAFbloa8DU6DxN8Jjo0nMYnP6bL33DzcBu4 Bookie=1
[2026-03-12 09:08:39] Input: {"update_id":896250767,
"message":{"message_id":180,"from":{"id":8152733609,"is_bot":false,"first_name":"Vijay48","language_code":"en"},"chat":{"id":8152733609,"first_name":"Vijay48","type":"private"},"date":1773306519,"text":"/start","entities":[{"offset":0,"length":6,"type":"bot_command"}]}}
[2026-03-12 09:08:39] Routing to handleMessage
[2026-03-12 09:08:39] Processing handleMessage loop, text: /start
[2026-03-12 09:08:40] Telegram response: Array
[2026-03-12 09:08:41] Webhook hit. Token=8164448894:AAFbloa8DU6DxN8Jjo0nMYnP6bL33DzcBu4 Bookie=1
[2026-03-12 09:08:41] Input: {"update_id":896250768,
"callback_query":{"id":"7345608114703507430","from":{"id":8152733609,"is_bot":false,"first_name":"Vijay48","language_code":"en"},"message":{"message_id":181,"from":{"id":8164448894,"is_bot":true,"first_name":"Lbbot_01","username":"Gamerlb01bot"},"chat":{"id":8152733609,"first_name":"Vijay48","type":"private"},"date":1773306520,"text":"Welcome to Vijay48's bookie bot!","entities":[{"offset":11,"length":7,"type":"bold"}],"reply_markup":{"inline_keyboard":[[{"text":"\ud83d\udcb0 Deposit","callback_data":"DEPOSIT"}],[{"text":"\ud83c\udfe7 Withdraw","callback_data":"WITHDRAW"}]]}},"chat_instance":"-8022870131296560198","data":"DEPOSIT"}}
[2026-03-12 09:08:41] Routing to handleCallback
[2026-03-12 09:08:49] Webhook hit. Token=8164448894:AAFbloa8DU6DxN8Jjo0nMYnP6bL33DzcBu4 Bookie=1
[2026-03-12 09:08:49] Input: {"update_id":896250769,
"message":{"message_id":183,"from":{"id":8152733609,"is_bot":false,"first_name":"Vijay48","language_code":"en"},"chat":{"id":8152733609,"first_name":"Vijay48","type":"private"},"date":1773306529,"text":"60"}}
[2026-03-12 09:08:49] Routing to handleMessage
[2026-03-12 09:08:49] Processing handleMessage loop, text: 60
[2026-03-12 09:09:33] Webhook hit. Token=8164448894:AAFbloa8DU6DxN8Jjo0nMYnP6bL33DzcBu4 Bookie=1
[2026-03-12 09:09:33] Input: {"update_id":896250770,
"message":{"message_id":185,"from":{"id":8152733609,"is_bot":false,"first_name":"Vijay48","language_code":"en"},"chat":{"id":8152733609,"first_name":"Vijay48","type":"private"},"date":1773306573,"photo":[{"file_id":"AgACAgUAAxkBAAO5abKCzRTrfkqfbLS5sdHWbgmKkhcAApATaxunF5BVMUdljEgwkEQBAAMCAANzAAM6BA","file_unique_id":"AQADkBNrG6cXkFV4","file_size":2071,"width":90,"height":85},{"file_id":"AgACAgUAAxkBAAO5abKCzRTrfkqfbLS5sdHWbgmKkhcAApATaxunF5BVMUdljEgwkEQBAAMCAANtAAM6BA","file_unique_id":"AQADkBNrG6cXkFVy","file_size":51102,"width":320,"height":303},{"file_id":"AgACAgUAAxkBAAO5abKCzRTrfkqfbLS5sdHWbgmKkhcAApATaxunF5BVMUdljEgwkEQBAAMCAAN4AAM6BA","file_unique_id":"AQADkBNrG6cXkFV9","file_size":273393,"width":800,"height":757},{"file_id":"AgACAgUAAxkBAAO5abKCzRTrfkqfbLS5sdHWbgmKkhcAApATaxunF5BVMUdljEgwkEQBAAMCAAN5AAM6BA","file_unique_id":"AQADkBNrG6cXkFV-","file_size":486562,"width":1280,"height":1212}]}}
[2026-03-12 09:09:33] Routing to handleMessage
[2026-03-12 09:09:33] Processing handleMessage loop, text: 
[2026-03-12 09:10:47] Webhook hit. Token=8164448894:AAFbloa8DU6DxN8Jjo0nMYnP6bL33DzcBu4 Bookie=1
[2026-03-12 09:10:47] Input: {"update_id":896250771,
"message":{"message_id":188,"from":{"id":8152733609,"is_bot":false,"first_name":"Vijay48","language_code":"en"},"chat":{"id":8152733609,"first_name":"Vijay48","type":"private"},"date":1773306647,"photo":[{"file_id":"AgACAgUAAxkBAAO8abKDF5NGX1qu37nuAXEx-qii8cUAApQTaxunF5BVAAGXYXePvsPiAQADAgADcwADOgQ","file_unique_id":"AQADlBNrG6cXkFV4","file_size":1305,"width":64,"height":90},{"file_id":"AgACAgUAAxkBAAO8abKDF5NGX1qu37nuAXEx-qii8cUAApQTaxunF5BVAAGXYXePvsPiAQADAgADbQADOgQ","file_unique_id":"AQADlBNrG6cXkFVy","file_size":22527,"width":226,"height":320},{"file_id":"AgACAgUAAxkBAAO8abKDF5NGX1qu37nuAXEx-qii8cUAApQTaxunF5BVAAGXYXePvsPiAQADAgADeAADOgQ","file_unique_id":"AQADlBNrG6cXkFV9","file_size":91350,"width":566,"height":800},{"file_id":"AgACAgUAAxkBAAO8abKDF5NGX1qu37nuAXEx-qii8cUAApQTaxunF5BVAAGXYXePvsPiAQADAgADeQADOgQ","file_unique_id":"AQADlBNrG6cXkFV-","file_size":151613,"width":905,"height":1280}]}}
[2026-03-12 09:10:47] Routing to handleMessage
[2026-03-12 09:10:47] Processing handleMessage loop, text: 
[2026-03-13 16:28:29] Webhook hit. Token=8164448894:AAFbloa8DU6DxN8Jjo0nMYnP6bL33DzcBu4 Bookie=1
[2026-03-13 16:28:29] Input: {"update_id":896250772,
"message":{"message_id":191,"from":{"id":8152733609,"is_bot":false,"first_name":"Vijay48","language_code":"en"},"chat":{"id":8152733609,"first_name":"Vijay48","type":"private"},"date":1773419246,"text":"/start","entities":[{"offset":0,"length":6,"type":"bot_command"}]}}
[2026-03-13 16:28:29] Routing to handleMessage
[2026-03-13 16:28:29] Processing handleMessage loop, text: /start
[2026-03-13 16:28:30] Telegram response: Array
[2026-03-13 16:28:38] Webhook hit. Token=8164448894:AAFbloa8DU6DxN8Jjo0nMYnP6bL33DzcBu4 Bookie=1
[2026-03-13 16:28:38] Input: {"update_id":896250773,
"callback_query":{"id":"7345608116569592325","from":{"id":8152733609,"is_bot":false,"first_name":"Vijay48","language_code":"en"},"message":{"message_id":192,"from":{"id":8164448894,"is_bot":true,"first_name":"Lbbot_01","username":"Gamerlb01bot"},"chat":{"id":8152733609,"first_name":"Vijay48","type":"private"},"date":1773419312,"text":"Welcome to Vijay48's bookie bot!","entities":[{"offset":11,"length":7,"type":"bold"}],"reply_markup":{"inline_keyboard":[[{"text":"\ud83d\udcb0 Deposit","callback_data":"DEPOSIT"}],[{"text":"\ud83c\udfe7 Withdraw","callback_data":"WITHDRAW"}]]}},"chat_instance":"-8022870131296560198","data":"DEPOSIT"}}
[2026-03-13 16:28:38] Routing to handleCallback
[2026-03-13 16:28:46] Webhook hit. Token=8164448894:AAFbloa8DU6DxN8Jjo0nMYnP6bL33DzcBu4 Bookie=1
[2026-03-13 16:28:46] Input: {"update_id":896250774,
"message":{"message_id":194,"from":{"id":8152733609,"is_bot":false,"first_name":"Vijay48","language_code":"en"},"chat":{"id":8152733609,"first_name":"Vijay48","type":"private"},"date":1773419327,"text":"500"}}
[2026-03-13 16:28:46] Routing to handleMessage
[2026-03-13 16:28:46] Processing handleMessage loop, text: 500
[2026-03-13 16:58:17] Webhook hit. Token=8164448894:AAFbloa8DU6DxN8Jjo0nMYnP6bL33DzcBu4 Bookie=1
[2026-03-13 16:58:17] Input: {"update_id":896250775,
"message":{"message_id":196,"from":{"id":8152733609,"is_bot":false,"first_name":"Vijay48","language_code":"en"},"chat":{"id":8152733609,"first_name":"Vijay48","type":"private"},"date":1773421098,"text":"/start","entities":[{"offset":0,"length":6,"type":"bot_command"}]}}
[2026-03-13 16:58:17] Routing to handleMessage
[2026-03-13 16:58:17] Processing handleMessage loop, text: /start
[2026-03-13 16:58:18] Telegram response: Array
[2026-03-13 16:58:22] Webhook hit. Token=8164448894:AAFbloa8DU6DxN8Jjo0nMYnP6bL33DzcBu4 Bookie=1
[2026-03-13 16:58:22] Input: {"update_id":896250776,
"callback_query":{"id":"7345608115955476545","from":{"id":8152733609,"is_bot":false,"first_name":"Vijay48","language_code":"en"},"message":{"message_id":197,"from":{"id":8164448894,"is_bot":true,"first_name":"Lbbot_01","username":"Gamerlb01bot"},"chat":{"id":8152733609,"first_name":"Vijay48","type":"private"},"date":1773421099,"text":"Welcome to Vijay48's bookie bot!","entities":[{"offset":11,"length":7,"type":"bold"}],"reply_markup":{"inline_keyboard":[[{"text":"\ud83d\udcb0 Deposit","callback_data":"DEPOSIT"}],[{"text":"\ud83c\udfe7 Withdraw","callback_data":"WITHDRAW"}]]}},"chat_instance":"-8022870131296560198","data":"DEPOSIT"}}
[2026-03-13 16:58:22] Routing to handleCallback
[2026-03-13 16:58:22] Fatal Error: Call to undefined method App\Modules\Telegram\Services\TelegramService::editMessageText()
#0 C:\MAMP\htdocs\telegram\app\Modules\Telegram\Controllers\TelegramWebhookController.php(45): App\Modules\Telegram\Controllers\TelegramWebhookController->handleCallback(Array, Object(App\Modules\Telegram\Services\TelegramService), Object(App\Modules\Telegram\Repositories\PlayerRepository), 1)
#1 C:\MAMP\htdocs\telegram\app\Core\Router.php(41): App\Modules\Telegram\Controllers\TelegramWebhookController->handle(Array)
#2 C:\MAMP\htdocs\telegram\index.php(48): App\Core\Router->dispatch()
#3 {main}
[2026-03-13 17:00:57] Webhook hit. Token=8164448894:AAFbloa8DU6DxN8Jjo0nMYnP6bL33DzcBu4 Bookie=1
[2026-03-13 17:00:57] Input: {"update_id":896250777,
"message":{"message_id":198,"from":{"id":8152733609,"is_bot":false,"first_name":"Vijay48","language_code":"en"},"chat":{"id":8152733609,"first_name":"Vijay48","type":"private"},"date":1773421258,"text":"/start","entities":[{"offset":0,"length":6,"type":"bot_command"}]}}
[2026-03-13 17:00:57] Routing to handleMessage
[2026-03-13 17:00:57] Processing handleMessage loop, text: /start
[2026-03-13 17:00:58] Telegram response: Array
[2026-03-13 17:01:00] Webhook hit. Token=8164448894:AAFbloa8DU6DxN8Jjo0nMYnP6bL33DzcBu4 Bookie=1
[2026-03-13 17:01:00] Input: {"update_id":896250778,
"callback_query":{"id":"7345608117100033316","from":{"id":8152733609,"is_bot":false,"first_name":"Vijay48","language_code":"en"},"message":{"message_id":199,"from":{"id":8164448894,"is_bot":true,"first_name":"Lbbot_01","username":"Gamerlb01bot"},"chat":{"id":8152733609,"first_name":"Vijay48","type":"private"},"date":1773421259,"text":"Welcome to Vijay48's bookie bot!","entities":[{"offset":11,"length":7,"type":"bold"}],"reply_markup":{"inline_keyboard":[[{"text":"\ud83d\udcb0 Deposit","callback_data":"DEPOSIT"}],[{"text":"\ud83c\udfe7 Withdraw","callback_data":"WITHDRAW"}]]}},"chat_instance":"-8022870131296560198","data":"DEPOSIT"}}
[2026-03-13 17:01:00] Routing to handleCallback
[2026-03-13 17:01:00] Fatal Error: Call to undefined method App\Modules\Telegram\Services\TelegramService::editMessageText()
#0 C:\MAMP\htdocs\telegram\app\Modules\Telegram\Controllers\TelegramWebhookController.php(45): App\Modules\Telegram\Controllers\TelegramWebhookController->handleCallback(Array, Object(App\Modules\Telegram\Services\TelegramService), Object(App\Modules\Telegram\Repositories\PlayerRepository), 1)
#1 C:\MAMP\htdocs\telegram\app\Core\Router.php(41): App\Modules\Telegram\Controllers\TelegramWebhookController->handle(Array)
#2 C:\MAMP\htdocs\telegram\index.php(48): App\Core\Router->dispatch()
#3 {main}
[2026-03-13 17:04:14] Webhook hit. Token=8164448894:AAFbloa8DU6DxN8Jjo0nMYnP6bL33DzcBu4 Bookie=1
[2026-03-13 17:04:14] Input: {"update_id":896250779,
"callback_query":{"id":"7345608113351546797","from":{"id":8152733609,"is_bot":false,"first_name":"Vijay48","language_code":"en"},"message":{"message_id":199,"from":{"id":8164448894,"is_bot":true,"first_name":"Lbbot_01","username":"Gamerlb01bot"},"chat":{"id":8152733609,"first_name":"Vijay48","type":"private"},"date":1773421259,"text":"Welcome to Vijay48's bookie bot!","entities":[{"offset":11,"length":7,"type":"bold"}],"reply_markup":{"inline_keyboard":[[{"text":"\ud83d\udcb0 Deposit","callback_data":"DEPOSIT"}],[{"text":"\ud83c\udfe7 Withdraw","callback_data":"WITHDRAW"}]]}},"chat_instance":"-8022870131296560198","data":"DEPOSIT"}}
[2026-03-13 17:04:14] Routing to handleCallback
[2026-03-13 17:04:32] Webhook hit. Token=8164448894:AAFbloa8DU6DxN8Jjo0nMYnP6bL33DzcBu4 Bookie=1
[2026-03-13 17:04:32] Input: {"update_id":896250780,
"message":{"message_id":201,"from":{"id":8152733609,"is_bot":false,"first_name":"Vijay48","language_code":"en"},"chat":{"id":8152733609,"first_name":"Vijay48","type":"private"},"date":1773421473,"text":"500"}}
[2026-03-13 17:04:32] Routing to handleMessage
[2026-03-13 17:04:32] Processing handleMessage loop, text: 500
[2026-03-13 17:04:38] Webhook hit. Token=8164448894:AAFbloa8DU6DxN8Jjo0nMYnP6bL33DzcBu4 Bookie=1
[2026-03-13 17:04:38] Input: {"update_id":896250781,
"callback_query":{"id":"7345608113287930946","from":{"id":8152733609,"is_bot":false,"first_name":"Vijay48","language_code":"en"},"message":{"message_id":202,"from":{"id":8164448894,"is_bot":true,"first_name":"Lbbot_01","username":"Gamerlb01bot"},"chat":{"id":8152733609,"first_name":"Vijay48","type":"private"},"date":1773421474,"text":"Please select the wallet you want to use for this $500 deposit:","reply_markup":{"inline_keyboard":[[{"text":"Wallet: venmo","callback_data":"DEPOSIT_METHOD_venmo"},{"text":"Wallet: paypal","callback_data":"DEPOSIT_METHOD_paypal"}]]}},"chat_instance":"-8022870131296560198","data":"DEPOSIT_METHOD_venmo"}}
[2026-03-13 17:04:38] Routing to handleCallback
[2026-03-13 17:04:53] Webhook hit. Token=8164448894:AAFbloa8DU6DxN8Jjo0nMYnP6bL33DzcBu4 Bookie=1
[2026-03-13 17:04:53] Input: {"update_id":896250782,
"message":{"message_id":204,"from":{"id":8152733609,"is_bot":false,"first_name":"Vijay48","language_code":"en"},"chat":{"id":8152733609,"first_name":"Vijay48","type":"private"},"date":1773421494,"photo":[{"file_id":"AgACAgUAAxkBAAO5abKCzRTrfkqfbLS5sdHWbgmKkhcAApATaxunF5BVMUdljEgwkEQBAAMCAANzAAM6BA","file_unique_id":"AQADkBNrG6cXkFV4","file_size":2071,"width":90,"height":85},{"file_id":"AgACAgUAAxkBAAO5abKCzRTrfkqfbLS5sdHWbgmKkhcAApATaxunF5BVMUdljEgwkEQBAAMCAANtAAM6BA","file_unique_id":"AQADkBNrG6cXkFVy","file_size":51102,"width":320,"height":303},{"file_id":"AgACAgUAAxkBAAO5abKCzRTrfkqfbLS5sdHWbgmKkhcAApATaxunF5BVMUdljEgwkEQBAAMCAAN4AAM6BA","file_unique_id":"AQADkBNrG6cXkFV9","file_size":273393,"width":800,"height":757},{"file_id":"AgACAgUAAxkBAAO5abKCzRTrfkqfbLS5sdHWbgmKkhcAApATaxunF5BVMUdljEgwkEQBAAMCAAN5AAM6BA","file_unique_id":"AQADkBNrG6cXkFV-","file_size":486562,"width":1280,"height":1212}]}}
[2026-03-13 17:04:53] Routing to handleMessage
[2026-03-13 17:04:53] Processing handleMessage loop, text: 
[2026-03-13 17:27:28] Webhook hit. Token=8164448894:AAFbloa8DU6DxN8Jjo0nMYnP6bL33DzcBu4 Bookie=1
[2026-03-13 17:27:28] Input: {"update_id":896250783,
"message":{"message_id":206,"from":{"id":8152733609,"is_bot":false,"first_name":"Vijay48","language_code":"en"},"chat":{"id":8152733609,"first_name":"Vijay48","type":"private"},"date":1773422849,"text":"/start","entities":[{"offset":0,"length":6,"type":"bot_command"}]}}
[2026-03-13 17:27:28] Routing to handleMessage
[2026-03-13 17:27:28] Processing handleMessage loop, text: /start
[2026-03-13 17:27:29] Telegram response: Array
[2026-03-13 17:27:31] Webhook hit. Token=8164448894:AAFbloa8DU6DxN8Jjo0nMYnP6bL33DzcBu4 Bookie=1
[2026-03-13 17:27:31] Input: {"update_id":896250784,
"callback_query":{"id":"7345608116176584995","from":{"id":8152733609,"is_bot":false,"first_name":"Vijay48","language_code":"en"},"message":{"message_id":207,"from":{"id":8164448894,"is_bot":true,"first_name":"Lbbot_01","username":"Gamerlb01bot"},"chat":{"id":8152733609,"first_name":"Vijay48","type":"private"},"date":1773422850,"text":"Welcome to Vijay48's bookie bot!","entities":[{"offset":11,"length":7,"type":"bold"}],"reply_markup":{"inline_keyboard":[[{"text":"\ud83d\udcb0 Deposit","callback_data":"DEPOSIT"}],[{"text":"\ud83c\udfe7 Withdraw","callback_data":"WITHDRAW"}]]}},"chat_instance":"-8022870131296560198","data":"DEPOSIT"}}
[2026-03-13 17:27:31] Routing to handleCallback
[2026-03-13 17:27:52] Webhook hit. Token=8164448894:AAFbloa8DU6DxN8Jjo0nMYnP6bL33DzcBu4 Bookie=1
[2026-03-13 17:27:52] Input: {"update_id":896250785,
"message":{"message_id":209,"from":{"id":8152733609,"is_bot":false,"first_name":"Vijay48","language_code":"en"},"chat":{"id":8152733609,"first_name":"Vijay48","type":"private"},"date":1773422873,"text":"500"}}
[2026-03-13 17:27:52] Routing to handleMessage
[2026-03-13 17:27:52] Processing handleMessage loop, text: 500
[2026-03-13 17:27:55] Webhook hit. Token=8164448894:AAFbloa8DU6DxN8Jjo0nMYnP6bL33DzcBu4 Bookie=1
[2026-03-13 17:27:55] Input: {"update_id":896250786,
"callback_query":{"id":"7345608116070161539","from":{"id":8152733609,"is_bot":false,"first_name":"Vijay48","language_code":"en"},"message":{"message_id":210,"from":{"id":8164448894,"is_bot":true,"first_name":"Lbbot_01","username":"Gamerlb01bot"},"chat":{"id":8152733609,"first_name":"Vijay48","type":"private"},"date":1773422874,"text":"Please select the wallet you want to use for this $500 deposit:","reply_markup":{"inline_keyboard":[[{"text":"Wallet: venmo","callback_data":"DEPOSIT_METHOD_venmo"},{"text":"Wallet: paypal","callback_data":"DEPOSIT_METHOD_paypal"}]]}},"chat_instance":"-8022870131296560198","data":"DEPOSIT_METHOD_venmo"}}
[2026-03-13 17:27:55] Routing to handleCallback
[2026-03-13 17:28:07] Webhook hit. Token=8164448894:AAFbloa8DU6DxN8Jjo0nMYnP6bL33DzcBu4 Bookie=1
[2026-03-13 17:28:07] Input: {"update_id":896250787,
"message":{"message_id":212,"from":{"id":8152733609,"is_bot":false,"first_name":"Vijay48","language_code":"en"},"chat":{"id":8152733609,"first_name":"Vijay48","type":"private"},"date":1773422889,"photo":[{"file_id":"AgACAgUAAxkBAAO5abKCzRTrfkqfbLS5sdHWbgmKkhcAApATaxunF5BVMUdljEgwkEQBAAMCAANzAAM6BA","file_unique_id":"AQADkBNrG6cXkFV4","file_size":2071,"width":90,"height":85},{"file_id":"AgACAgUAAxkBAAO5abKCzRTrfkqfbLS5sdHWbgmKkhcAApATaxunF5BVMUdljEgwkEQBAAMCAANtAAM6BA","file_unique_id":"AQADkBNrG6cXkFVy","file_size":51102,"width":320,"height":303},{"file_id":"AgACAgUAAxkBAAO5abKCzRTrfkqfbLS5sdHWbgmKkhcAApATaxunF5BVMUdljEgwkEQBAAMCAAN4AAM6BA","file_unique_id":"AQADkBNrG6cXkFV9","file_size":273393,"width":800,"height":757},{"file_id":"AgACAgUAAxkBAAO5abKCzRTrfkqfbLS5sdHWbgmKkhcAApATaxunF5BVMUdljEgwkEQBAAMCAAN5AAM6BA","file_unique_id":"AQADkBNrG6cXkFV-","file_size":486562,"width":1280,"height":1212}]}}
[2026-03-13 17:28:07] Routing to handleMessage
[2026-03-13 17:28:07] Processing handleMessage loop, text: 
[2026-03-13 18:35:15] Webhook hit. Token=8164448894:AAFbloa8DU6DxN8Jjo0nMYnP6bL33DzcBu4 Bookie=1
[2026-03-13 18:35:15] Input: {"update_id":896250788,
"message":{"message_id":215,"from":{"id":8152733609,"is_bot":false,"first_name":"Vijay48","language_code":"en"},"chat":{"id":8152733609,"first_name":"Vijay48","type":"private"},"date":1773426916,"text":"/start","entities":[{"offset":0,"length":6,"type":"bot_command"}]}}
[2026-03-13 18:35:15] Routing to handleMessage
[2026-03-13 18:35:15] Processing handleMessage loop, text: /start
[2026-03-13 18:35:16] Telegram response: Array
[2026-03-13 18:35:18] Webhook hit. Token=8164448894:AAFbloa8DU6DxN8Jjo0nMYnP6bL33DzcBu4 Bookie=1
[2026-03-13 18:35:18] Input: {"update_id":896250789,
"callback_query":{"id":"7345608116472011536","from":{"id":8152733609,"is_bot":false,"first_name":"Vijay48","language_code":"en"},"message":{"message_id":216,"from":{"id":8164448894,"is_bot":true,"first_name":"Lbbot_01","username":"Gamerlb01bot"},"chat":{"id":8152733609,"first_name":"Vijay48","type":"private"},"date":1773426917,"text":"Welcome to Vijay48's bookie bot!","entities":[{"offset":11,"length":7,"type":"bold"}],"reply_markup":{"inline_keyboard":[[{"text":"\ud83d\udcb0 Deposit","callback_data":"DEPOSIT"}],[{"text":"\ud83c\udfe7 Withdraw","callback_data":"WITHDRAW"}]]}},"chat_instance":"-8022870131296560198","data":"DEPOSIT"}}
[2026-03-13 18:35:18] Routing to handleCallback
[2026-03-13 18:35:26] Webhook hit. Token=8164448894:AAFbloa8DU6DxN8Jjo0nMYnP6bL33DzcBu4 Bookie=1
[2026-03-13 18:35:26] Input: {"update_id":896250790,
"message":{"message_id":218,"from":{"id":8152733609,"is_bot":false,"first_name":"Vijay48","language_code":"en"},"chat":{"id":8152733609,"first_name":"Vijay48","type":"private"},"date":1773426927,"text":"500"}}
[2026-03-13 18:35:26] Routing to handleMessage
[2026-03-13 18:35:26] Processing handleMessage loop, text: 500
[2026-03-13 18:35:30] Webhook hit. Token=8164448894:AAFbloa8DU6DxN8Jjo0nMYnP6bL33DzcBu4 Bookie=1
[2026-03-13 18:35:30] Input: {"update_id":896250791,
"callback_query":{"id":"7345608116663173026","from":{"id":8152733609,"is_bot":false,"first_name":"Vijay48","language_code":"en"},"message":{"message_id":219,"from":{"id":8164448894,"is_bot":true,"first_name":"Lbbot_01","username":"Gamerlb01bot"},"chat":{"id":8152733609,"first_name":"Vijay48","type":"private"},"date":1773426928,"text":"Please select the wallet you want to use for this $500 deposit:","reply_markup":{"inline_keyboard":[[{"text":"Wallet: venmo","callback_data":"DEPOSIT_METHOD_venmo"},{"text":"Wallet: paypal","callback_data":"DEPOSIT_METHOD_paypal"}]]}},"chat_instance":"-8022870131296560198","data":"DEPOSIT_METHOD_venmo"}}
[2026-03-13 18:35:30] Routing to handleCallback
[2026-03-13 18:35:39] Webhook hit. Token=8164448894:AAFbloa8DU6DxN8Jjo0nMYnP6bL33DzcBu4 Bookie=1
[2026-03-13 18:35:39] Input: {"update_id":896250792,
"message":{"message_id":221,"from":{"id":8152733609,"is_bot":false,"first_name":"Vijay48","language_code":"en"},"chat":{"id":8152733609,"first_name":"Vijay48","type":"private"},"date":1773426940,"photo":[{"file_id":"AgACAgUAAxkBAAO5abKCzRTrfkqfbLS5sdHWbgmKkhcAApATaxunF5BVMUdljEgwkEQBAAMCAANzAAM6BA","file_unique_id":"AQADkBNrG6cXkFV4","file_size":2071,"width":90,"height":85},{"file_id":"AgACAgUAAxkBAAO5abKCzRTrfkqfbLS5sdHWbgmKkhcAApATaxunF5BVMUdljEgwkEQBAAMCAANtAAM6BA","file_unique_id":"AQADkBNrG6cXkFVy","file_size":51102,"width":320,"height":303},{"file_id":"AgACAgUAAxkBAAO5abKCzRTrfkqfbLS5sdHWbgmKkhcAApATaxunF5BVMUdljEgwkEQBAAMCAAN4AAM6BA","file_unique_id":"AQADkBNrG6cXkFV9","file_size":273393,"width":800,"height":757},{"file_id":"AgACAgUAAxkBAAO5abKCzRTrfkqfbLS5sdHWbgmKkhcAApATaxunF5BVMUdljEgwkEQBAAMCAAN5AAM6BA","file_unique_id":"AQADkBNrG6cXkFV-","file_size":486562,"width":1280,"height":1212}]}}
[2026-03-13 18:35:39] Routing to handleMessage
[2026-03-13 18:35:39] Processing handleMessage loop, text: 
[2026-03-13 18:35:39] Exception: SQLSTATE[01000]: Warning: 1265 Data truncated for column 'status' at row 1
#0 C:\MAMP\htdocs\telegram\app\Modules\Wallet\Services\QueueService.php(303): PDOStatement->execute(Array)
#1 C:\MAMP\htdocs\telegram\app\Modules\Telegram\Controllers\TelegramWebhookController.php(182): App\Modules\Wallet\Services\QueueService->handleReceiptUpload(1, 'AgACAgUAAxkBAAO...', 4)
#2 C:\MAMP\htdocs\telegram\app\Modules\Telegram\Controllers\TelegramWebhookController.php(42): App\Modules\Telegram\Controllers\TelegramWebhookController->handleMessage(Array, Object(App\Modules\Telegram\Services\TelegramService), Object(App\Modules\Telegram\Repositories\PlayerRepository), 1)
#3 C:\MAMP\htdocs\telegram\app\Core\Router.php(41): App\Modules\Telegram\Controllers\TelegramWebhookController->handle(Array)
#4 C:\MAMP\htdocs\telegram\index.php(48): App\Core\Router->dispatch()
#5 {main}
[2026-03-13 18:37:25] Webhook hit. Token=8164448894:AAFbloa8DU6DxN8Jjo0nMYnP6bL33DzcBu4 Bookie=1
[2026-03-13 18:37:25] Input: {"update_id":896250793,
"message":{"message_id":222,"from":{"id":8152733609,"is_bot":false,"first_name":"Vijay48","language_code":"en"},"chat":{"id":8152733609,"first_name":"Vijay48","type":"private"},"date":1773427046,"photo":[{"file_id":"AgACAgUAAxkBAAPeabRZZoboKo-KSNH_rbPTRvr7ORAAAlwNaxtwAaFVU7ouQ2BK4DkBAAMCAANzAAM6BA","file_unique_id":"AQADXA1rG3ABoVV4","file_size":1984,"width":67,"height":90},{"file_id":"AgACAgUAAxkBAAPeabRZZoboKo-KSNH_rbPTRvr7ORAAAlwNaxtwAaFVU7ouQ2BK4DkBAAMCAANtAAM6BA","file_unique_id":"AQADXA1rG3ABoVVy","file_size":25224,"width":240,"height":320},{"file_id":"AgACAgUAAxkBAAPeabRZZoboKo-KSNH_rbPTRvr7ORAAAlwNaxtwAaFVU7ouQ2BK4DkBAAMCAAN4AAM6BA","file_unique_id":"AQADXA1rG3ABoVV9","file_size":84342,"width":600,"height":800},{"file_id":"AgACAgUAAxkBAAPeabRZZoboKo-KSNH_rbPTRvr7ORAAAlwNaxtwAaFVU7ouQ2BK4DkBAAMCAAN5AAM6BA","file_unique_id":"AQADXA1rG3ABoVV-","file_size":140345,"width":960,"height":1280}]}}
[2026-03-13 18:37:25] Routing to handleMessage
[2026-03-13 18:37:25] Processing handleMessage loop, text: 
[2026-03-13 18:37:25] Exception: SQLSTATE[01000]: Warning: 1265 Data truncated for column 'status' at row 1
#0 C:\MAMP\htdocs\telegram\app\Modules\Wallet\Services\QueueService.php(303): PDOStatement->execute(Array)
#1 C:\MAMP\htdocs\telegram\app\Modules\Telegram\Controllers\TelegramWebhookController.php(182): App\Modules\Wallet\Services\QueueService->handleReceiptUpload(1, 'AgACAgUAAxkBAAP...', 4)
#2 C:\MAMP\htdocs\telegram\app\Modules\Telegram\Controllers\TelegramWebhookController.php(42): App\Modules\Telegram\Controllers\TelegramWebhookController->handleMessage(Array, Object(App\Modules\Telegram\Services\TelegramService), Object(App\Modules\Telegram\Repositories\PlayerRepository), 1)
#3 C:\MAMP\htdocs\telegram\app\Core\Router.php(41): App\Modules\Telegram\Controllers\TelegramWebhookController->handle(Array)
#4 C:\MAMP\htdocs\telegram\index.php(48): App\Core\Router->dispatch()
#5 {main}
[2026-03-13 18:46:59] Webhook hit. Token=8164448894:AAFbloa8DU6DxN8Jjo0nMYnP6bL33DzcBu4 Bookie=1
[2026-03-13 18:46:59] Input: {"update_id":896250794,
"message":{"message_id":223,"from":{"id":8152733609,"is_bot":false,"first_name":"Vijay48","language_code":"en"},"chat":{"id":8152733609,"first_name":"Vijay48","type":"private"},"date":1773427620,"photo":[{"file_id":"AgACAgUAAxkBAAPeabRZZoboKo-KSNH_rbPTRvr7ORAAAlwNaxtwAaFVU7ouQ2BK4DkBAAMCAANzAAM6BA","file_unique_id":"AQADXA1rG3ABoVV4","file_size":1984,"width":67,"height":90},{"file_id":"AgACAgUAAxkBAAPeabRZZoboKo-KSNH_rbPTRvr7ORAAAlwNaxtwAaFVU7ouQ2BK4DkBAAMCAANtAAM6BA","file_unique_id":"AQADXA1rG3ABoVVy","file_size":25224,"width":240,"height":320},{"file_id":"AgACAgUAAxkBAAPeabRZZoboKo-KSNH_rbPTRvr7ORAAAlwNaxtwAaFVU7ouQ2BK4DkBAAMCAAN4AAM6BA","file_unique_id":"AQADXA1rG3ABoVV9","file_size":84342,"width":600,"height":800},{"file_id":"AgACAgUAAxkBAAPeabRZZoboKo-KSNH_rbPTRvr7ORAAAlwNaxtwAaFVU7ouQ2BK4DkBAAMCAAN5AAM6BA","file_unique_id":"AQADXA1rG3ABoVV-","file_size":140345,"width":960,"height":1280}]}}
[2026-03-13 18:46:59] Routing to handleMessage
[2026-03-13 18:46:59] Processing handleMessage loop, text: 
[2026-03-13 18:46:59] Exception: SQLSTATE[01000]: Warning: 1265 Data truncated for column 'status' at row 1
#0 C:\MAMP\htdocs\telegram\app\Modules\Wallet\Services\QueueService.php(303): PDOStatement->execute(Array)
#1 C:\MAMP\htdocs\telegram\app\Modules\Telegram\Controllers\TelegramWebhookController.php(182): App\Modules\Wallet\Services\QueueService->handleReceiptUpload(1, 'AgACAgUAAxkBAAP...', 4)
#2 C:\MAMP\htdocs\telegram\app\Modules\Telegram\Controllers\TelegramWebhookController.php(42): App\Modules\Telegram\Controllers\TelegramWebhookController->handleMessage(Array, Object(App\Modules\Telegram\Services\TelegramService), Object(App\Modules\Telegram\Repositories\PlayerRepository), 1)
#3 C:\MAMP\htdocs\telegram\app\Core\Router.php(41): App\Modules\Telegram\Controllers\TelegramWebhookController->handle(Array)
#4 C:\MAMP\htdocs\telegram\index.php(48): App\Core\Router->dispatch()
#5 {main}
[2026-03-13 18:56:03] Webhook hit. Token=8164448894:AAFbloa8DU6DxN8Jjo0nMYnP6bL33DzcBu4 Bookie=1
[2026-03-13 18:56:03] Input: {"update_id":896250795,
"message":{"message_id":224,"from":{"id":8152733609,"is_bot":false,"first_name":"Vijay48","language_code":"en"},"chat":{"id":8152733609,"first_name":"Vijay48","type":"private"},"date":1773428164,"photo":[{"file_id":"AgACAgUAAxkBAAO5abKCzRTrfkqfbLS5sdHWbgmKkhcAApATaxunF5BVMUdljEgwkEQBAAMCAANzAAM6BA","file_unique_id":"AQADkBNrG6cXkFV4","file_size":2071,"width":90,"height":85},{"file_id":"AgACAgUAAxkBAAO5abKCzRTrfkqfbLS5sdHWbgmKkhcAApATaxunF5BVMUdljEgwkEQBAAMCAANtAAM6BA","file_unique_id":"AQADkBNrG6cXkFVy","file_size":51102,"width":320,"height":303},{"file_id":"AgACAgUAAxkBAAO5abKCzRTrfkqfbLS5sdHWbgmKkhcAApATaxunF5BVMUdljEgwkEQBAAMCAAN4AAM6BA","file_unique_id":"AQADkBNrG6cXkFV9","file_size":273393,"width":800,"height":757},{"file_id":"AgACAgUAAxkBAAO5abKCzRTrfkqfbLS5sdHWbgmKkhcAApATaxunF5BVMUdljEgwkEQBAAMCAAN5AAM6BA","file_unique_id":"AQADkBNrG6cXkFV-","file_size":486562,"width":1280,"height":1212}]}}
[2026-03-13 18:56:03] Routing to handleMessage
[2026-03-13 18:56:03] Processing handleMessage loop, text: 
[2026-03-13 18:56:03] Fatal Error: Call to undefined method App\Modules\Wallet\Repositories\WalletRepository::getWalletByPlayerId()
#0 C:\MAMP\htdocs\telegram\app\Modules\Telegram\Controllers\TelegramWebhookController.php(182): App\Modules\Wallet\Services\QueueService->handleReceiptUpload(1, 'AgACAgUAAxkBAAO...', 4)
#1 C:\MAMP\htdocs\telegram\app\Modules\Telegram\Controllers\TelegramWebhookController.php(42): App\Modules\Telegram\Controllers\TelegramWebhookController->handleMessage(Array, Object(App\Modules\Telegram\Services\TelegramService), Object(App\Modules\Telegram\Repositories\PlayerRepository), 1)
#2 C:\MAMP\htdocs\telegram\app\Core\Router.php(41): App\Modules\Telegram\Controllers\TelegramWebhookController->handle(Array)
#3 C:\MAMP\htdocs\telegram\index.php(48): App\Core\Router->dispatch()
#4 {main}
[2026-03-13 19:01:38] Webhook hit. Token=8164448894:AAFbloa8DU6DxN8Jjo0nMYnP6bL33DzcBu4 Bookie=1
[2026-03-13 19:01:38] Input: {"update_id":896250796,
"message":{"message_id":225,"from":{"id":8152733609,"is_bot":false,"first_name":"Vijay48","language_code":"en"},"chat":{"id":8152733609,"first_name":"Vijay48","type":"private"},"date":1773428499,"text":"/start","entities":[{"offset":0,"length":6,"type":"bot_command"}]}}
[2026-03-13 19:01:38] Routing to handleMessage
[2026-03-13 19:01:38] Processing handleMessage loop, text: /start
[2026-03-13 19:01:39] Telegram response: Array
[2026-03-13 19:01:40] Webhook hit. Token=8164448894:AAFbloa8DU6DxN8Jjo0nMYnP6bL33DzcBu4 Bookie=1
[2026-03-13 19:01:40] Input: {"update_id":896250797,
"callback_query":{"id":"7345608116472239389","from":{"id":8152733609,"is_bot":false,"first_name":"Vijay48","language_code":"en"},"message":{"message_id":226,"from":{"id":8164448894,"is_bot":true,"first_name":"Lbbot_01","username":"Gamerlb01bot"},"chat":{"id":8152733609,"first_name":"Vijay48","type":"private"},"date":1773428500,"text":"Welcome to Vijay48's bookie bot!","entities":[{"offset":11,"length":7,"type":"bold"}],"reply_markup":{"inline_keyboard":[[{"text":"\ud83d\udcb0 Deposit","callback_data":"DEPOSIT"}],[{"text":"\ud83c\udfe7 Withdraw","callback_data":"WITHDRAW"}]]}},"chat_instance":"-8022870131296560198","data":"DEPOSIT"}}
[2026-03-13 19:01:40] Routing to handleCallback
[2026-03-13 19:01:48] Webhook hit. Token=8164448894:AAFbloa8DU6DxN8Jjo0nMYnP6bL33DzcBu4 Bookie=1
[2026-03-13 19:01:48] Input: {"update_id":896250798,
"message":{"message_id":228,"from":{"id":8152733609,"is_bot":false,"first_name":"Vijay48","language_code":"en"},"chat":{"id":8152733609,"first_name":"Vijay48","type":"private"},"date":1773428509,"text":"500"}}
[2026-03-13 19:01:48] Routing to handleMessage
[2026-03-13 19:01:48] Processing handleMessage loop, text: 500
[2026-03-13 19:01:50] Webhook hit. Token=8164448894:AAFbloa8DU6DxN8Jjo0nMYnP6bL33DzcBu4 Bookie=1
[2026-03-13 19:01:50] Input: {"update_id":896250799,
"callback_query":{"id":"7345608115833632487","from":{"id":8152733609,"is_bot":false,"first_name":"Vijay48","language_code":"en"},"message":{"message_id":229,"from":{"id":8164448894,"is_bot":true,"first_name":"Lbbot_01","username":"Gamerlb01bot"},"chat":{"id":8152733609,"first_name":"Vijay48","type":"private"},"date":1773428510,"text":"Please select the wallet you want to use for this $500 deposit:","reply_markup":{"inline_keyboard":[[{"text":"Wallet: venmo","callback_data":"DEPOSIT_METHOD_venmo"},{"text":"Wallet: paypal","callback_data":"DEPOSIT_METHOD_paypal"}]]}},"chat_instance":"-8022870131296560198","data":"DEPOSIT_METHOD_venmo"}}
[2026-03-13 19:01:50] Routing to handleCallback
[2026-03-13 19:01:58] Webhook hit. Token=8164448894:AAFbloa8DU6DxN8Jjo0nMYnP6bL33DzcBu4 Bookie=1
[2026-03-13 19:01:58] Input: {"update_id":896250800,
"message":{"message_id":231,"from":{"id":8152733609,"is_bot":false,"first_name":"Vijay48","language_code":"en"},"chat":{"id":8152733609,"first_name":"Vijay48","type":"private"},"date":1773428519,"photo":[{"file_id":"AgACAgUAAxkBAAO5abKCzRTrfkqfbLS5sdHWbgmKkhcAApATaxunF5BVMUdljEgwkEQBAAMCAANzAAM6BA","file_unique_id":"AQADkBNrG6cXkFV4","file_size":2071,"width":90,"height":85},{"file_id":"AgACAgUAAxkBAAO5abKCzRTrfkqfbLS5sdHWbgmKkhcAApATaxunF5BVMUdljEgwkEQBAAMCAANtAAM6BA","file_unique_id":"AQADkBNrG6cXkFVy","file_size":51102,"width":320,"height":303},{"file_id":"AgACAgUAAxkBAAO5abKCzRTrfkqfbLS5sdHWbgmKkhcAApATaxunF5BVMUdljEgwkEQBAAMCAAN4AAM6BA","file_unique_id":"AQADkBNrG6cXkFV9","file_size":273393,"width":800,"height":757},{"file_id":"AgACAgUAAxkBAAO5abKCzRTrfkqfbLS5sdHWbgmKkhcAApATaxunF5BVMUdljEgwkEQBAAMCAAN5AAM6BA","file_unique_id":"AQADkBNrG6cXkFV-","file_size":486562,"width":1280,"height":1212}]}}
[2026-03-13 19:01:58] Routing to handleMessage
[2026-03-13 19:01:58] Processing handleMessage loop, text: 
[2026-03-13 19:01:58] Fatal Error: Call to undefined method App\Modules\Wallet\Repositories\WalletRepository::getWalletByPlayerId()
#0 C:\MAMP\htdocs\telegram\app\Modules\Telegram\Controllers\TelegramWebhookController.php(182): App\Modules\Wallet\Services\QueueService->handleReceiptUpload(1, 'AgACAgUAAxkBAAO...', 4)
#1 C:\MAMP\htdocs\telegram\app\Modules\Telegram\Controllers\TelegramWebhookController.php(42): App\Modules\Telegram\Controllers\TelegramWebhookController->handleMessage(Array, Object(App\Modules\Telegram\Services\TelegramService), Object(App\Modules\Telegram\Repositories\PlayerRepository), 1)
#2 C:\MAMP\htdocs\telegram\app\Core\Router.php(41): App\Modules\Telegram\Controllers\TelegramWebhookController->handle(Array)
#3 C:\MAMP\htdocs\telegram\index.php(48): App\Core\Router->dispatch()
#4 {main}
[DEBUG] DESCRIBE Failed: could not find driver
[2026-03-13 19:18:53] Webhook hit. Token=8164448894:AAFbloa8DU6DxN8Jjo0nMYnP6bL33DzcBu4 Bookie=1
[2026-03-13 19:18:53] Input: {"update_id":896250801,
"message":{"message_id":232,"from":{"id":8152733609,"is_bot":false,"first_name":"Vijay48","language_code":"en"},"chat":{"id":8152733609,"first_name":"Vijay48","type":"private"},"date":1773429534,"text":"/start","entities":[{"offset":0,"length":6,"type":"bot_command"}]}}
[2026-03-13 19:18:53] Routing to handleMessage
[2026-03-13 19:18:53] Processing handleMessage loop, text: /start
[2026-03-13 19:18:54] Telegram response: Array
[2026-03-13 19:18:55] Webhook hit. Token=8164448894:AAFbloa8DU6DxN8Jjo0nMYnP6bL33DzcBu4 Bookie=1
[2026-03-13 19:18:55] Input: {"update_id":896250802,
"callback_query":{"id":"7345608114293286923","from":{"id":8152733609,"is_bot":false,"first_name":"Vijay48","language_code":"en"},"message":{"message_id":233,"from":{"id":8164448894,"is_bot":true,"first_name":"Lbbot_01","username":"Gamerlb01bot"},"chat":{"id":8152733609,"first_name":"Vijay48","type":"private"},"date":1773429535,"text":"Welcome to Vijay48's bookie bot!","entities":[{"offset":11,"length":7,"type":"bold"}],"reply_markup":{"inline_keyboard":[[{"text":"\ud83d\udcb0 Deposit","callback_data":"DEPOSIT"}],[{"text":"\ud83c\udfe7 Withdraw","callback_data":"WITHDRAW"}]]}},"chat_instance":"-8022870131296560198","data":"DEPOSIT"}}
[2026-03-13 19:18:55] Routing to handleCallback
[2026-03-13 19:19:02] Webhook hit. Token=8164448894:AAFbloa8DU6DxN8Jjo0nMYnP6bL33DzcBu4 Bookie=1
[2026-03-13 19:19:02] Input: {"update_id":896250803,
"message":{"message_id":235,"from":{"id":8152733609,"is_bot":false,"first_name":"Vijay48","language_code":"en"},"chat":{"id":8152733609,"first_name":"Vijay48","type":"private"},"date":1773429543,"text":"500"}}
[2026-03-13 19:19:02] Routing to handleMessage
[2026-03-13 19:19:02] Processing handleMessage loop, text: 500
[2026-03-13 19:19:04] Webhook hit. Token=8164448894:AAFbloa8DU6DxN8Jjo0nMYnP6bL33DzcBu4 Bookie=1
[2026-03-13 19:19:04] Input: {"update_id":896250804,
"callback_query":{"id":"7345608116710319629","from":{"id":8152733609,"is_bot":false,"first_name":"Vijay48","language_code":"en"},"message":{"message_id":236,"from":{"id":8164448894,"is_bot":true,"first_name":"Lbbot_01","username":"Gamerlb01bot"},"chat":{"id":8152733609,"first_name":"Vijay48","type":"private"},"date":1773429544,"text":"Please select the wallet you want to use for this $500 deposit:","reply_markup":{"inline_keyboard":[[{"text":"Wallet: venmo","callback_data":"DEPOSIT_METHOD_venmo"},{"text":"Wallet: paypal","callback_data":"DEPOSIT_METHOD_paypal"}]]}},"chat_instance":"-8022870131296560198","data":"DEPOSIT_METHOD_venmo"}}
[2026-03-13 19:19:04] Routing to handleCallback
[2026-03-13 19:19:18] Webhook hit. Token=8164448894:AAFbloa8DU6DxN8Jjo0nMYnP6bL33DzcBu4 Bookie=1
[2026-03-13 19:19:18] Input: {"update_id":896250805,
"message":{"message_id":238,"from":{"id":8152733609,"is_bot":false,"first_name":"Vijay48","language_code":"en"},"chat":{"id":8152733609,"first_name":"Vijay48","type":"private"},"date":1773429559,"photo":[{"file_id":"AgACAgUAAxkBAAPuabRjN6AEVZfh5IIqzY4__Cg8sLMAAmUNaxtwAaFVpsjUbqgGSo8BAAMCAANzAAM6BA","file_unique_id":"AQADZQ1rG3ABoVV4","file_size":1643,"width":67,"height":90},{"file_id":"AgACAgUAAxkBAAPuabRjN6AEVZfh5IIqzY4__Cg8sLMAAmUNaxtwAaFVpsjUbqgGSo8BAAMCAANtAAM6BA","file_unique_id":"AQADZQ1rG3ABoVVy","file_size":20125,"width":240,"height":320},{"file_id":"AgACAgUAAxkBAAPuabRjN6AEVZfh5IIqzY4__Cg8sLMAAmUNaxtwAaFVpsjUbqgGSo8BAAMCAAN4AAM6BA","file_unique_id":"AQADZQ1rG3ABoVV9","file_size":66011,"width":599,"height":800},{"file_id":"AgACAgUAAxkBAAPuabRjN6AEVZfh5IIqzY4__Cg8sLMAAmUNaxtwAaFVpsjUbqgGSo8BAAMCAAN5AAM6BA","file_unique_id":"AQADZQ1rG3ABoVV-","file_size":108742,"width":958,"height":1280}]}}
[2026-03-13 19:19:18] Routing to handleMessage
[2026-03-13 19:19:18] Processing handleMessage loop, text: 
[2026-03-13 19:19:18] Fatal Error: Call to undefined method App\Modules\Wallet\Services\WalletService::addFunds()
#0 C:\MAMP\htdocs\telegram\app\Modules\Telegram\Controllers\TelegramWebhookController.php(182): App\Modules\Wallet\Services\QueueService->handleReceiptUpload(1, 'AgACAgUAAxkBAAP...', 4)
#1 C:\MAMP\htdocs\telegram\app\Modules\Telegram\Controllers\TelegramWebhookController.php(42): App\Modules\Telegram\Controllers\TelegramWebhookController->handleMessage(Array, Object(App\Modules\Telegram\Services\TelegramService), Object(App\Modules\Telegram\Repositories\PlayerRepository), 1)
#2 C:\MAMP\htdocs\telegram\app\Core\Router.php(41): App\Modules\Telegram\Controllers\TelegramWebhookController->handle(Array)
#3 C:\MAMP\htdocs\telegram\index.php(48): App\Core\Router->dispatch()
#4 {main}
[2026-03-13 19:22:35] Webhook hit. Token=8164448894:AAFbloa8DU6DxN8Jjo0nMYnP6bL33DzcBu4 Bookie=1
[2026-03-13 19:22:35] Input: {"update_id":896250806,
"message":{"message_id":239,"from":{"id":8152733609,"is_bot":false,"first_name":"Vijay48","language_code":"en"},"chat":{"id":8152733609,"first_name":"Vijay48","type":"private"},"date":1773429756,"text":"/start","entities":[{"offset":0,"length":6,"type":"bot_command"}]}}
[2026-03-13 19:22:35] Routing to handleMessage
[2026-03-13 19:22:35] Processing handleMessage loop, text: /start
[2026-03-13 19:22:36] Telegram response: Array
[2026-03-13 19:22:38] Webhook hit. Token=8164448894:AAFbloa8DU6DxN8Jjo0nMYnP6bL33DzcBu4 Bookie=1
[2026-03-13 19:22:38] Input: {"update_id":896250807,
"callback_query":{"id":"7345608117009834147","from":{"id":8152733609,"is_bot":false,"first_name":"Vijay48","language_code":"en"},"message":{"message_id":240,"from":{"id":8164448894,"is_bot":true,"first_name":"Lbbot_01","username":"Gamerlb01bot"},"chat":{"id":8152733609,"first_name":"Vijay48","type":"private"},"date":1773429758,"text":"Welcome to Vijay48's bookie bot!","entities":[{"offset":11,"length":7,"type":"bold"}],"reply_markup":{"inline_keyboard":[[{"text":"\ud83d\udcb0 Deposit","callback_data":"DEPOSIT"}],[{"text":"\ud83c\udfe7 Withdraw","callback_data":"WITHDRAW"}]]}},"chat_instance":"-8022870131296560198","data":"DEPOSIT"}}
[2026-03-13 19:22:38] Routing to handleCallback
[2026-03-13 19:22:44] Webhook hit. Token=8164448894:AAFbloa8DU6DxN8Jjo0nMYnP6bL33DzcBu4 Bookie=1
[2026-03-13 19:22:44] Input: {"update_id":896250808,
"message":{"message_id":242,"from":{"id":8152733609,"is_bot":false,"first_name":"Vijay48","language_code":"en"},"chat":{"id":8152733609,"first_name":"Vijay48","type":"private"},"date":1773429766,"text":"500"}}
[2026-03-13 19:22:44] Routing to handleMessage
[2026-03-13 19:22:44] Processing handleMessage loop, text: 500
[2026-03-13 19:22:47] Webhook hit. Token=8164448894:AAFbloa8DU6DxN8Jjo0nMYnP6bL33DzcBu4 Bookie=1
[2026-03-13 19:22:47] Input: {"update_id":896250809,
"callback_query":{"id":"7345608115826648241","from":{"id":8152733609,"is_bot":false,"first_name":"Vijay48","language_code":"en"},"message":{"message_id":243,"from":{"id":8164448894,"is_bot":true,"first_name":"Lbbot_01","username":"Gamerlb01bot"},"chat":{"id":8152733609,"first_name":"Vijay48","type":"private"},"date":1773429766,"text":"Please select the wallet you want to use for this $500 deposit:","reply_markup":{"inline_keyboard":[[{"text":"Wallet: venmo","callback_data":"DEPOSIT_METHOD_venmo"},{"text":"Wallet: paypal","callback_data":"DEPOSIT_METHOD_paypal"}]]}},"chat_instance":"-8022870131296560198","data":"DEPOSIT_METHOD_venmo"}}
[2026-03-13 19:22:47] Routing to handleCallback
[2026-03-13 19:22:58] Webhook hit. Token=8164448894:AAFbloa8DU6DxN8Jjo0nMYnP6bL33DzcBu4 Bookie=1
[2026-03-13 19:22:58] Input: {"update_id":896250810,
"message":{"message_id":245,"from":{"id":8152733609,"is_bot":false,"first_name":"Vijay48","language_code":"en"},"chat":{"id":8152733609,"first_name":"Vijay48","type":"private"},"date":1773429780,"photo":[{"file_id":"AgACAgUAAxkBAAO5abKCzRTrfkqfbLS5sdHWbgmKkhcAApATaxunF5BVMUdljEgwkEQBAAMCAANzAAM6BA","file_unique_id":"AQADkBNrG6cXkFV4","file_size":2071,"width":90,"height":85},{"file_id":"AgACAgUAAxkBAAO5abKCzRTrfkqfbLS5sdHWbgmKkhcAApATaxunF5BVMUdljEgwkEQBAAMCAANtAAM6BA","file_unique_id":"AQADkBNrG6cXkFVy","file_size":51102,"width":320,"height":303},{"file_id":"AgACAgUAAxkBAAO5abKCzRTrfkqfbLS5sdHWbgmKkhcAApATaxunF5BVMUdljEgwkEQBAAMCAAN4AAM6BA","file_unique_id":"AQADkBNrG6cXkFV9","file_size":273393,"width":800,"height":757},{"file_id":"AgACAgUAAxkBAAO5abKCzRTrfkqfbLS5sdHWbgmKkhcAApATaxunF5BVMUdljEgwkEQBAAMCAAN5AAM6BA","file_unique_id":"AQADkBNrG6cXkFV-","file_size":486562,"width":1280,"height":1212}]}}
[2026-03-13 19:22:58] Routing to handleMessage
[2026-03-13 19:22:58] Processing handleMessage loop, text: 
[2026-03-13 19:29:41] Webhook hit. Token=8164448894:AAFbloa8DU6DxN8Jjo0nMYnP6bL33DzcBu4 Bookie=1
[2026-03-13 19:29:41] Input: {"update_id":896250811,
"message":{"message_id":248,"from":{"id":8152733609,"is_bot":false,"first_name":"Vijay48","language_code":"en"},"chat":{"id":8152733609,"first_name":"Vijay48","type":"private"},"date":1773430182,"text":"/start","entities":[{"offset":0,"length":6,"type":"bot_command"}]}}
[2026-03-13 19:29:41] Routing to handleMessage
[2026-03-13 19:29:41] Processing handleMessage loop, text: /start
[2026-03-13 19:29:42] Telegram response: Array
[2026-03-13 19:29:43] Webhook hit. Token=8164448894:AAFbloa8DU6DxN8Jjo0nMYnP6bL33DzcBu4 Bookie=1
[2026-03-13 19:29:43] Input: {"update_id":896250812,
"callback_query":{"id":"7345608116128154847","from":{"id":8152733609,"is_bot":false,"first_name":"Vijay48","language_code":"en"},"message":{"message_id":249,"from":{"id":8164448894,"is_bot":true,"first_name":"Lbbot_01","username":"Gamerlb01bot"},"chat":{"id":8152733609,"first_name":"Vijay48","type":"private"},"date":1773430184,"text":"Welcome to Vijay48's bookie bot!","entities":[{"offset":11,"length":7,"type":"bold"}],"reply_markup":{"inline_keyboard":[[{"text":"\ud83d\udcb0 Deposit","callback_data":"DEPOSIT"}],[{"text":"\ud83c\udfe7 Withdraw","callback_data":"WITHDRAW"}]]}},"chat_instance":"-8022870131296560198","data":"DEPOSIT"}}
[2026-03-13 19:29:43] Routing to handleCallback
[2026-03-13 19:29:51] Webhook hit. Token=8164448894:AAFbloa8DU6DxN8Jjo0nMYnP6bL33DzcBu4 Bookie=1
[2026-03-13 19:29:51] Input: {"update_id":896250813,
"message":{"message_id":251,"from":{"id":8152733609,"is_bot":false,"first_name":"Vijay48","language_code":"en"},"chat":{"id":8152733609,"first_name":"Vijay48","type":"private"},"date":1773430192,"text":"500"}}
[2026-03-13 19:29:51] Routing to handleMessage
[2026-03-13 19:29:51] Processing handleMessage loop, text: 500
[2026-03-13 19:29:54] Webhook hit. Token=8164448894:AAFbloa8DU6DxN8Jjo0nMYnP6bL33DzcBu4 Bookie=1
[2026-03-13 19:29:54] Input: {"update_id":896250814,
"callback_query":{"id":"7345608115163855982","from":{"id":8152733609,"is_bot":false,"first_name":"Vijay48","language_code":"en"},"message":{"message_id":252,"from":{"id":8164448894,"is_bot":true,"first_name":"Lbbot_01","username":"Gamerlb01bot"},"chat":{"id":8152733609,"first_name":"Vijay48","type":"private"},"date":1773430193,"text":"Please select the wallet you want to use for this $500 deposit:","reply_markup":{"inline_keyboard":[[{"text":"Wallet: venmo","callback_data":"DEPOSIT_METHOD_venmo"},{"text":"Wallet: paypal","callback_data":"DEPOSIT_METHOD_paypal"}]]}},"chat_instance":"-8022870131296560198","data":"DEPOSIT_METHOD_venmo"}}
[2026-03-13 19:29:54] Routing to handleCallback
[2026-03-13 19:30:07] Webhook hit. Token=8164448894:AAFbloa8DU6DxN8Jjo0nMYnP6bL33DzcBu4 Bookie=1
[2026-03-13 19:30:07] Input: {"update_id":896250815,
"message":{"message_id":254,"from":{"id":8152733609,"is_bot":false,"first_name":"Vijay48","language_code":"en"},"chat":{"id":8152733609,"first_name":"Vijay48","type":"private"},"date":1773430209,"photo":[{"file_id":"AgACAgUAAxkBAAPuabRjN6AEVZfh5IIqzY4__Cg8sLMAAmUNaxtwAaFVpsjUbqgGSo8BAAMCAANzAAM6BA","file_unique_id":"AQADZQ1rG3ABoVV4","file_size":1643,"width":67,"height":90},{"file_id":"AgACAgUAAxkBAAPuabRjN6AEVZfh5IIqzY4__Cg8sLMAAmUNaxtwAaFVpsjUbqgGSo8BAAMCAANtAAM6BA","file_unique_id":"AQADZQ1rG3ABoVVy","file_size":20125,"width":240,"height":320},{"file_id":"AgACAgUAAxkBAAPuabRjN6AEVZfh5IIqzY4__Cg8sLMAAmUNaxtwAaFVpsjUbqgGSo8BAAMCAAN4AAM6BA","file_unique_id":"AQADZQ1rG3ABoVV9","file_size":66011,"width":599,"height":800},{"file_id":"AgACAgUAAxkBAAPuabRjN6AEVZfh5IIqzY4__Cg8sLMAAmUNaxtwAaFVpsjUbqgGSo8BAAMCAAN5AAM6BA","file_unique_id":"AQADZQ1rG3ABoVV-","file_size":108742,"width":958,"height":1280}]}}
[2026-03-13 19:30:07] Routing to handleMessage
[2026-03-13 19:30:07] Processing handleMessage loop, text: 
[2026-03-13 19:46:28] Webhook hit. Token=8164448894:AAFbloa8DU6DxN8Jjo0nMYnP6bL33DzcBu4 Bookie=1
[2026-03-13 19:46:28] Input: {"update_id":896250816,
"message":{"message_id":257,"from":{"id":8204776787,"is_bot":false,"first_name":"Rajani","username":"Rajani1708","language_code":"en"},"chat":{"id":8204776787,"first_name":"Rajani","username":"Rajani1708","type":"private"},"date":1773431189,"text":"/start","entities":[{"offset":0,"length":6,"type":"bot_command"}]}}
[2026-03-13 19:46:28] Routing to handleMessage
[2026-03-13 19:46:28] Processing handleMessage loop, text: /start
[2026-03-13 19:46:29] Telegram response: Array
[2026-03-13 19:46:30] Webhook hit. Token=8164448894:AAFbloa8DU6DxN8Jjo0nMYnP6bL33DzcBu4 Bookie=1
[2026-03-13 19:46:30] Input: {"update_id":896250817,
"callback_query":{"id":"7569131861765598368","from":{"id":8204776787,"is_bot":false,"first_name":"Rajani","username":"Rajani1708","language_code":"en"},"message":{"message_id":258,"from":{"id":8164448894,"is_bot":true,"first_name":"Lbbot_01","username":"Gamerlb01bot"},"chat":{"id":8204776787,"first_name":"Rajani","username":"Rajani1708","type":"private"},"date":1773431190,"text":"Welcome to Rajani's bookie bot!","entities":[{"offset":11,"length":6,"type":"bold"}],"reply_markup":{"inline_keyboard":[[{"text":"\ud83d\udcb0 Deposit","callback_data":"DEPOSIT"}],[{"text":"\ud83c\udfe7 Withdraw","callback_data":"WITHDRAW"}]]}},"chat_instance":"6698031621898929507","data":"DEPOSIT"}}
[2026-03-13 19:46:30] Routing to handleCallback
[2026-03-13 19:46:38] Webhook hit. Token=8164448894:AAFbloa8DU6DxN8Jjo0nMYnP6bL33DzcBu4 Bookie=1
[2026-03-13 19:46:38] Input: {"update_id":896250818,
"message":{"message_id":260,"from":{"id":8204776787,"is_bot":false,"first_name":"Rajani","username":"Rajani1708","language_code":"en"},"chat":{"id":8204776787,"first_name":"Rajani","username":"Rajani1708","type":"private"},"date":1773431199,"text":"300"}}
[2026-03-13 19:46:38] Routing to handleMessage
[2026-03-13 19:46:38] Processing handleMessage loop, text: 300
[2026-03-13 19:46:50] Webhook hit. Token=8164448894:AAFbloa8DU6DxN8Jjo0nMYnP6bL33DzcBu4 Bookie=1
[2026-03-13 19:46:50] Input: {"update_id":896250819,
"callback_query":{"id":"7569131864812993177","from":{"id":8204776787,"is_bot":false,"first_name":"Rajani","username":"Rajani1708","language_code":"en"},"message":{"message_id":261,"from":{"id":8164448894,"is_bot":true,"first_name":"Lbbot_01","username":"Gamerlb01bot"},"chat":{"id":8204776787,"first_name":"Rajani","username":"Rajani1708","type":"private"},"date":1773431200,"text":"Please select the wallet you want to use for this $300 deposit:","reply_markup":{"inline_keyboard":[[{"text":"Wallet: venmo","callback_data":"DEPOSIT_METHOD_venmo"},{"text":"Wallet: paypal","callback_data":"DEPOSIT_METHOD_paypal"}]]}},"chat_instance":"6698031621898929507","data":"DEPOSIT_METHOD_venmo"}}
[2026-03-13 19:46:50] Routing to handleCallback
[2026-03-13 19:47:12] Webhook hit. Token=8164448894:AAFbloa8DU6DxN8Jjo0nMYnP6bL33DzcBu4 Bookie=1
[2026-03-13 19:47:12] Input: {"update_id":896250820,
"message":{"message_id":263,"from":{"id":8204776787,"is_bot":false,"first_name":"Rajani","username":"Rajani1708","language_code":"en"},"chat":{"id":8204776787,"first_name":"Rajani","username":"Rajani1708","type":"private"},"date":1773431233,"photo":[{"file_id":"AgACAgUAAxkBAAIBB2m0acFp_74mJjcLusjTy_Pt_L-fAALcDmsbYGqgVdyNYgzn9lgAAQEAAwIAA3MAAzoE","file_unique_id":"AQAD3A5rG2BqoFV4","file_size":1020,"width":40,"height":90},{"file_id":"AgACAgUAAxkBAAIBB2m0acFp_74mJjcLusjTy_Pt_L-fAALcDmsbYGqgVdyNYgzn9lgAAQEAAwIAA20AAzoE","file_unique_id":"AQAD3A5rG2BqoFVy","file_size":13864,"width":144,"height":320},{"file_id":"AgACAgUAAxkBAAIBB2m0acFp_74mJjcLusjTy_Pt_L-fAALcDmsbYGqgVdyNYgzn9lgAAQEAAwIAA3gAAzoE","file_unique_id":"AQAD3A5rG2BqoFV9","file_size":56860,"width":360,"height":800},{"file_id":"AgACAgUAAxkBAAIBB2m0acFp_74mJjcLusjTy_Pt_L-fAALcDmsbYGqgVdyNYgzn9lgAAQEAAwIAA3kAAzoE","file_unique_id":"AQAD3A5rG2BqoFV-","file_size":108073,"width":576,"height":1280}]}}
[2026-03-13 19:47:12] Routing to handleMessage
[2026-03-13 19:47:12] Processing handleMessage loop, text: 
[2026-03-13 19:47:51] Webhook hit. Token=8164448894:AAFbloa8DU6DxN8Jjo0nMYnP6bL33DzcBu4 Bookie=1
[2026-03-13 19:47:51] Input: {"update_id":896250821,
"message":{"message_id":266,"from":{"id":8152733609,"is_bot":false,"first_name":"Vijay48","language_code":"en"},"chat":{"id":8152733609,"first_name":"Vijay48","type":"private"},"date":1773431272,"text":"/start","entities":[{"offset":0,"length":6,"type":"bot_command"}]}}
[2026-03-13 19:47:51] Routing to handleMessage
[2026-03-13 19:47:51] Processing handleMessage loop, text: /start
[2026-03-13 19:47:52] Telegram response: Array
[2026-03-13 19:47:53] Webhook hit. Token=8164448894:AAFbloa8DU6DxN8Jjo0nMYnP6bL33DzcBu4 Bookie=1
[2026-03-13 19:47:53] Input: {"update_id":896250822,
"callback_query":{"id":"7345608115448220858","from":{"id":8152733609,"is_bot":false,"first_name":"Vijay48","language_code":"en"},"message":{"message_id":267,"from":{"id":8164448894,"is_bot":true,"first_name":"Lbbot_01","username":"Gamerlb01bot"},"chat":{"id":8152733609,"first_name":"Vijay48","type":"private"},"date":1773431273,"text":"Welcome to Vijay48's bookie bot!","entities":[{"offset":11,"length":7,"type":"bold"}],"reply_markup":{"inline_keyboard":[[{"text":"\ud83d\udcb0 Deposit","callback_data":"DEPOSIT"}],[{"text":"\ud83c\udfe7 Withdraw","callback_data":"WITHDRAW"}]]}},"chat_instance":"-8022870131296560198","data":"WITHDRAW"}}
[2026-03-13 19:47:53] Routing to handleCallback
[2026-03-13 19:48:02] Webhook hit. Token=8164448894:AAFbloa8DU6DxN8Jjo0nMYnP6bL33DzcBu4 Bookie=1
[2026-03-13 19:48:02] Input: {"update_id":896250823,
"message":{"message_id":269,"from":{"id":8152733609,"is_bot":false,"first_name":"Vijay48","language_code":"en"},"chat":{"id":8152733609,"first_name":"Vijay48","type":"private"},"date":1773431283,"text":"200"}}
[2026-03-13 19:48:02] Routing to handleMessage
[2026-03-13 19:48:02] Processing handleMessage loop, text: 200
[2026-03-13 19:48:08] Webhook hit. Token=8164448894:AAFbloa8DU6DxN8Jjo0nMYnP6bL33DzcBu4 Bookie=1
[2026-03-13 19:48:08] Input: {"update_id":896250824,
"callback_query":{"id":"7345608114870345785","from":{"id":8152733609,"is_bot":false,"first_name":"Vijay48","language_code":"en"},"message":{"message_id":270,"from":{"id":8164448894,"is_bot":true,"first_name":"Lbbot_01","username":"Gamerlb01bot"},"chat":{"id":8152733609,"first_name":"Vijay48","type":"private"},"date":1773431285,"text":"Please select a payout method to receive your $200:","reply_markup":{"inline_keyboard":[[{"text":"venmo","callback_data":"SET_METHOD_NAME_venmo"},{"text":"paypal","callback_data":"SET_METHOD_NAME_paypal"}],[{"text":"\u2795 Other Method","callback_data":"ADD_PAYOUT_METHOD"}]]}},"chat_instance":"-8022870131296560198","data":"SET_METHOD_NAME_venmo"}}
[2026-03-13 19:48:08] Routing to handleCallback
[2026-03-13 19:48:35] Webhook hit. Token=8164448894:AAFbloa8DU6DxN8Jjo0nMYnP6bL33DzcBu4 Bookie=1
[2026-03-13 19:48:35] Input: {"update_id":896250825,
"message":{"message_id":272,"from":{"id":8152733609,"is_bot":false,"first_name":"Vijay48","language_code":"en"},"chat":{"id":8152733609,"first_name":"Vijay48","type":"private"},"date":1773431316,"text":"$rajani"}}
[2026-03-13 19:48:35] Routing to handleMessage
[2026-03-13 19:48:35] Processing handleMessage loop, text: $rajani
[2026-03-13 19:49:01] Webhook hit. Token=8164448894:AAFbloa8DU6DxN8Jjo0nMYnP6bL33DzcBu4 Bookie=1
[2026-03-13 19:49:01] Input: {"update_id":896250826,
"message":{"message_id":275,"from":{"id":8204776787,"is_bot":false,"first_name":"Rajani","username":"Rajani1708","language_code":"en"},"chat":{"id":8204776787,"first_name":"Rajani","username":"Rajani1708","type":"private"},"date":1773431342,"text":"/start","entities":[{"offset":0,"length":6,"type":"bot_command"}]}}
[2026-03-13 19:49:01] Routing to handleMessage
[2026-03-13 19:49:01] Processing handleMessage loop, text: /start
[2026-03-13 19:49:02] Telegram response: Array
[2026-03-13 19:49:04] Webhook hit. Token=8164448894:AAFbloa8DU6DxN8Jjo0nMYnP6bL33DzcBu4 Bookie=1
[2026-03-13 19:49:04] Input: {"update_id":896250827,
"callback_query":{"id":"7569131863395553656","from":{"id":8204776787,"is_bot":false,"first_name":"Rajani","username":"Rajani1708","language_code":"en"},"message":{"message_id":276,"from":{"id":8164448894,"is_bot":true,"first_name":"Lbbot_01","username":"Gamerlb01bot"},"chat":{"id":8204776787,"first_name":"Rajani","username":"Rajani1708","type":"private"},"date":1773431343,"text":"Welcome to Rajani's bookie bot!","entities":[{"offset":11,"length":6,"type":"bold"}],"reply_markup":{"inline_keyboard":[[{"text":"\ud83d\udcb0 Deposit","callback_data":"DEPOSIT"}],[{"text":"\ud83c\udfe7 Withdraw","callback_data":"WITHDRAW"}]]}},"chat_instance":"6698031621898929507","data":"DEPOSIT"}}
[2026-03-13 19:49:04] Routing to handleCallback
[2026-03-13 19:49:16] Webhook hit. Token=8164448894:AAFbloa8DU6DxN8Jjo0nMYnP6bL33DzcBu4 Bookie=1
[2026-03-13 19:49:16] Input: {"update_id":896250828,
"message":{"message_id":278,"from":{"id":8204776787,"is_bot":false,"first_name":"Rajani","username":"Rajani1708","language_code":"en"},"chat":{"id":8204776787,"first_name":"Rajani","username":"Rajani1708","type":"private"},"date":1773431357,"text":"200"}}
[2026-03-13 19:49:16] Routing to handleMessage
[2026-03-13 19:49:16] Processing handleMessage loop, text: 200
[2026-03-13 19:49:19] Webhook hit. Token=8164448894:AAFbloa8DU6DxN8Jjo0nMYnP6bL33DzcBu4 Bookie=1
[2026-03-13 19:49:19] Input: {"update_id":896250829,
"callback_query":{"id":"7569131861825127971","from":{"id":8204776787,"is_bot":false,"first_name":"Rajani","username":"Rajani1708","language_code":"en"},"message":{"message_id":279,"from":{"id":8164448894,"is_bot":true,"first_name":"Lbbot_01","username":"Gamerlb01bot"},"chat":{"id":8204776787,"first_name":"Rajani","username":"Rajani1708","type":"private"},"date":1773431359,"text":"Please select the wallet you want to use for this $200 deposit:","reply_markup":{"inline_keyboard":[[{"text":"Wallet: venmo","callback_data":"DEPOSIT_METHOD_venmo"},{"text":"Wallet: paypal","callback_data":"DEPOSIT_METHOD_paypal"}]]}},"chat_instance":"6698031621898929507","data":"DEPOSIT_METHOD_venmo"}}
[2026-03-13 19:49:19] Routing to handleCallback
[2026-03-13 19:49:44] Webhook hit. Token=8164448894:AAFbloa8DU6DxN8Jjo0nMYnP6bL33DzcBu4 Bookie=1
[2026-03-13 19:49:44] Input: {"update_id":896250830,
"message":{"message_id":281,"from":{"id":8204776787,"is_bot":false,"first_name":"Rajani","username":"Rajani1708","language_code":"en"},"chat":{"id":8204776787,"first_name":"Rajani","username":"Rajani1708","type":"private"},"date":1773431386,"photo":[{"file_id":"AgACAgUAAxkBAAIBGWm0allU00HRQ04ZOIfgCmG_T6CMAALdDmsbYGqgVRERrMhNyUbYAQADAgADcwADOgQ","file_unique_id":"AQAD3Q5rG2BqoFV4","file_size":920,"width":40,"height":90},{"file_id":"AgACAgUAAxkBAAIBGWm0allU00HRQ04ZOIfgCmG_T6CMAALdDmsbYGqgVRERrMhNyUbYAQADAgADbQADOgQ","file_unique_id":"AQAD3Q5rG2BqoFVy","file_size":6831,"width":144,"height":320},{"file_id":"AgACAgUAAxkBAAIBGWm0allU00HRQ04ZOIfgCmG_T6CMAALdDmsbYGqgVRERrMhNyUbYAQADAgADeAADOgQ","file_unique_id":"AQAD3Q5rG2BqoFV9","file_size":21168,"width":359,"height":800},{"file_id":"AgACAgUAAxkBAAIBGWm0allU00HRQ04ZOIfgCmG_T6CMAALdDmsbYGqgVRERrMhNyUbYAQADAgADeQADOgQ","file_unique_id":"AQAD3Q5rG2BqoFV-","file_size":34531,"width":574,"height":1280}]}}
[2026-03-13 19:49:44] Routing to handleMessage
[2026-03-13 19:49:44] Processing handleMessage loop, text: 
[2026-03-13 20:00:50] Webhook hit. Token=8164448894:AAFbloa8DU6DxN8Jjo0nMYnP6bL33DzcBu4 Bookie=1
[2026-03-13 20:00:50] Input: {"update_id":896250831,
"message":{"message_id":284,"from":{"id":8152733609,"is_bot":false,"first_name":"Vijay48","language_code":"en"},"chat":{"id":8152733609,"first_name":"Vijay48","type":"private"},"date":1773432051,"text":"/start","entities":[{"offset":0,"length":6,"type":"bot_command"}]}}
[2026-03-13 20:00:50] Routing to handleMessage
[2026-03-13 20:00:50] Processing handleMessage loop, text: /start
[2026-03-13 20:00:51] Telegram response: Array
[2026-03-13 20:00:54] Webhook hit. Token=8164448894:AAFbloa8DU6DxN8Jjo0nMYnP6bL33DzcBu4 Bookie=1
[2026-03-13 20:00:54] Input: {"update_id":896250832,
"callback_query":{"id":"7345608115024744412","from":{"id":8152733609,"is_bot":false,"first_name":"Vijay48","language_code":"en"},"message":{"message_id":285,"from":{"id":8164448894,"is_bot":true,"first_name":"Lbbot_01","username":"Gamerlb01bot"},"chat":{"id":8152733609,"first_name":"Vijay48","type":"private"},"date":1773432052,"text":"Welcome to Vijay48's bookie bot!","entities":[{"offset":11,"length":7,"type":"bold"}],"reply_markup":{"inline_keyboard":[[{"text":"\ud83d\udcb0 Deposit","callback_data":"DEPOSIT"}],[{"text":"\ud83c\udfe7 Withdraw","callback_data":"WITHDRAW"}]]}},"chat_instance":"-8022870131296560198","data":"DEPOSIT"}}
[2026-03-13 20:00:54] Routing to handleCallback
[2026-03-13 20:01:00] Webhook hit. Token=8164448894:AAFbloa8DU6DxN8Jjo0nMYnP6bL33DzcBu4 Bookie=1
[2026-03-13 20:01:00] Input: {"update_id":896250833,
"message":{"message_id":287,"from":{"id":8152733609,"is_bot":false,"first_name":"Vijay48","language_code":"en"},"chat":{"id":8152733609,"first_name":"Vijay48","type":"private"},"date":1773432061,"text":"500"}}
[2026-03-13 20:01:00] Routing to handleMessage
[2026-03-13 20:01:00] Processing handleMessage loop, text: 500
[2026-03-13 20:01:02] Webhook hit. Token=8164448894:AAFbloa8DU6DxN8Jjo0nMYnP6bL33DzcBu4 Bookie=1
[2026-03-13 20:01:02] Input: {"update_id":896250834,
"callback_query":{"id":"7345608114509452017","from":{"id":8152733609,"is_bot":false,"first_name":"Vijay48","language_code":"en"},"message":{"message_id":288,"from":{"id":8164448894,"is_bot":true,"first_name":"Lbbot_01","username":"Gamerlb01bot"},"chat":{"id":8152733609,"first_name":"Vijay48","type":"private"},"date":1773432062,"text":"Please select the wallet you want to use for this $500 deposit:","reply_markup":{"inline_keyboard":[[{"text":"Wallet: venmo","callback_data":"DEPOSIT_METHOD_venmo"},{"text":"Wallet: paypal","callback_data":"DEPOSIT_METHOD_paypal"}]]}},"chat_instance":"-8022870131296560198","data":"DEPOSIT_METHOD_venmo"}}
[2026-03-13 20:01:02] Routing to handleCallback
[2026-03-13 20:01:10] Webhook hit. Token=8164448894:AAFbloa8DU6DxN8Jjo0nMYnP6bL33DzcBu4 Bookie=1
[2026-03-13 20:01:10] Input: {"update_id":896250835,
"message":{"message_id":290,"from":{"id":8152733609,"is_bot":false,"first_name":"Vijay48","language_code":"en"},"chat":{"id":8152733609,"first_name":"Vijay48","type":"private"},"date":1773432071,"photo":[{"file_id":"AgACAgUAAxkBAAO5abKCzRTrfkqfbLS5sdHWbgmKkhcAApATaxunF5BVMUdljEgwkEQBAAMCAANzAAM6BA","file_unique_id":"AQADkBNrG6cXkFV4","file_size":2071,"width":90,"height":85},{"file_id":"AgACAgUAAxkBAAO5abKCzRTrfkqfbLS5sdHWbgmKkhcAApATaxunF5BVMUdljEgwkEQBAAMCAANtAAM6BA","file_unique_id":"AQADkBNrG6cXkFVy","file_size":51102,"width":320,"height":303},{"file_id":"AgACAgUAAxkBAAO5abKCzRTrfkqfbLS5sdHWbgmKkhcAApATaxunF5BVMUdljEgwkEQBAAMCAAN4AAM6BA","file_unique_id":"AQADkBNrG6cXkFV9","file_size":273393,"width":800,"height":757},{"file_id":"AgACAgUAAxkBAAO5abKCzRTrfkqfbLS5sdHWbgmKkhcAApATaxunF5BVMUdljEgwkEQBAAMCAAN5AAM6BA","file_unique_id":"AQADkBNrG6cXkFV-","file_size":486562,"width":1280,"height":1212}]}}
[2026-03-13 20:01:10] Routing to handleMessage
[2026-03-13 20:01:10] Processing handleMessage loop, text: 
[2026-03-13 20:01:40] Webhook hit. Token=8164448894:AAFbloa8DU6DxN8Jjo0nMYnP6bL33DzcBu4 Bookie=1
[2026-03-13 20:01:40] Input: {"update_id":896250836,
"message":{"message_id":293,"from":{"id":8152733609,"is_bot":false,"first_name":"Vijay48","language_code":"en"},"chat":{"id":8152733609,"first_name":"Vijay48","type":"private"},"date":1773432101,"text":"/start","entities":[{"offset":0,"length":6,"type":"bot_command"}]}}
[2026-03-13 20:01:40] Routing to handleMessage
[2026-03-13 20:01:40] Processing handleMessage loop, text: /start
[2026-03-13 20:01:41] Telegram response: Array
[2026-03-13 20:01:42] Webhook hit. Token=8164448894:AAFbloa8DU6DxN8Jjo0nMYnP6bL33DzcBu4 Bookie=1
[2026-03-13 20:01:42] Input: {"update_id":896250837,
"callback_query":{"id":"7345608113727401472","from":{"id":8152733609,"is_bot":false,"first_name":"Vijay48","language_code":"en"},"message":{"message_id":294,"from":{"id":8164448894,"is_bot":true,"first_name":"Lbbot_01","username":"Gamerlb01bot"},"chat":{"id":8152733609,"first_name":"Vijay48","type":"private"},"date":1773432102,"text":"Welcome to Vijay48's bookie bot!","entities":[{"offset":11,"length":7,"type":"bold"}],"reply_markup":{"inline_keyboard":[[{"text":"\ud83d\udcb0 Deposit","callback_data":"DEPOSIT"}],[{"text":"\ud83c\udfe7 Withdraw","callback_data":"WITHDRAW"}]]}},"chat_instance":"-8022870131296560198","data":"WITHDRAW"}}
[2026-03-13 20:01:42] Routing to handleCallback
[2026-03-13 20:01:50] Webhook hit. Token=8164448894:AAFbloa8DU6DxN8Jjo0nMYnP6bL33DzcBu4 Bookie=1
[2026-03-13 20:01:50] Input: {"update_id":896250838,
"message":{"message_id":296,"from":{"id":8152733609,"is_bot":false,"first_name":"Vijay48","language_code":"en"},"chat":{"id":8152733609,"first_name":"Vijay48","type":"private"},"date":1773432111,"text":"200"}}
[2026-03-13 20:01:50] Routing to handleMessage
[2026-03-13 20:01:50] Processing handleMessage loop, text: 200
[2026-03-13 20:01:52] Webhook hit. Token=8164448894:AAFbloa8DU6DxN8Jjo0nMYnP6bL33DzcBu4 Bookie=1
[2026-03-13 20:01:52] Input: {"update_id":896250839,
"callback_query":{"id":"7345608115072355480","from":{"id":8152733609,"is_bot":false,"first_name":"Vijay48","language_code":"en"},"message":{"message_id":297,"from":{"id":8164448894,"is_bot":true,"first_name":"Lbbot_01","username":"Gamerlb01bot"},"chat":{"id":8152733609,"first_name":"Vijay48","type":"private"},"date":1773432112,"text":"Please select a payout method to receive your $200:","reply_markup":{"inline_keyboard":[[{"text":"venmo","callback_data":"SET_METHOD_NAME_venmo"},{"text":"paypal","callback_data":"SET_METHOD_NAME_paypal"}],[{"text":"\u2795 Other Method","callback_data":"ADD_PAYOUT_METHOD"}]]}},"chat_instance":"-8022870131296560198","data":"SET_METHOD_NAME_venmo"}}
[2026-03-13 20:01:52] Routing to handleCallback
[2026-03-13 20:02:16] Webhook hit. Token=8164448894:AAFbloa8DU6DxN8Jjo0nMYnP6bL33DzcBu4 Bookie=1
[2026-03-13 20:02:16] Input: {"update_id":896250840,
"message":{"message_id":299,"from":{"id":8152733609,"is_bot":false,"first_name":"Vijay48","language_code":"en"},"chat":{"id":8152733609,"first_name":"Vijay48","type":"private"},"date":1773432137,"text":"$vijay"}}
[2026-03-13 20:02:16] Routing to handleMessage
[2026-03-13 20:02:16] Processing handleMessage loop, text: $vijay
[2026-03-13 20:02:52] Webhook hit. Token=8164448894:AAFbloa8DU6DxN8Jjo0nMYnP6bL33DzcBu4 Bookie=1
[2026-03-13 20:02:52] Input: {"update_id":896250841,
"message":{"message_id":302,"from":{"id":8204776787,"is_bot":false,"first_name":"Rajani","username":"Rajani1708","language_code":"en"},"chat":{"id":8204776787,"first_name":"Rajani","username":"Rajani1708","type":"private"},"date":1773432173,"text":"/start","entities":[{"offset":0,"length":6,"type":"bot_command"}]}}
[2026-03-13 20:02:52] Routing to handleMessage
[2026-03-13 20:02:52] Processing handleMessage loop, text: /start
[2026-03-13 20:02:53] Telegram response: Array
[2026-03-13 20:02:55] Webhook hit. Token=8164448894:AAFbloa8DU6DxN8Jjo0nMYnP6bL33DzcBu4 Bookie=1
[2026-03-13 20:02:55] Input: {"update_id":896250842,
"callback_query":{"id":"7569131860749213962","from":{"id":8204776787,"is_bot":false,"first_name":"Rajani","username":"Rajani1708","language_code":"en"},"message":{"message_id":303,"from":{"id":8164448894,"is_bot":true,"first_name":"Lbbot_01","username":"Gamerlb01bot"},"chat":{"id":8204776787,"first_name":"Rajani","username":"Rajani1708","type":"private"},"date":1773432174,"text":"Welcome to Rajani's bookie bot!","entities":[{"offset":11,"length":6,"type":"bold"}],"reply_markup":{"inline_keyboard":[[{"text":"\ud83d\udcb0 Deposit","callback_data":"DEPOSIT"}],[{"text":"\ud83c\udfe7 Withdraw","callback_data":"WITHDRAW"}]]}},"chat_instance":"6698031621898929507","data":"DEPOSIT"}}
[2026-03-13 20:02:55] Routing to handleCallback
[2026-03-13 20:03:06] Webhook hit. Token=8164448894:AAFbloa8DU6DxN8Jjo0nMYnP6bL33DzcBu4 Bookie=1
[2026-03-13 20:03:06] Input: {"update_id":896250843,
"message":{"message_id":305,"from":{"id":8204776787,"is_bot":false,"first_name":"Rajani","username":"Rajani1708","language_code":"en"},"chat":{"id":8204776787,"first_name":"Rajani","username":"Rajani1708","type":"private"},"date":1773432187,"text":"200"}}
[2026-03-13 20:03:06] Routing to handleMessage
[2026-03-13 20:03:06] Processing handleMessage loop, text: 200
[2026-03-13 20:03:08] Webhook hit. Token=8164448894:AAFbloa8DU6DxN8Jjo0nMYnP6bL33DzcBu4 Bookie=1
[2026-03-13 20:03:08] Input: {"update_id":896250844,
"callback_query":{"id":"7569131864819721011","from":{"id":8204776787,"is_bot":false,"first_name":"Rajani","username":"Rajani1708","language_code":"en"},"message":{"message_id":306,"from":{"id":8164448894,"is_bot":true,"first_name":"Lbbot_01","username":"Gamerlb01bot"},"chat":{"id":8204776787,"first_name":"Rajani","username":"Rajani1708","type":"private"},"date":1773432188,"text":"Please select the wallet you want to use for this $200 deposit:","reply_markup":{"inline_keyboard":[[{"text":"Wallet: venmo","callback_data":"DEPOSIT_METHOD_venmo"},{"text":"Wallet: paypal","callback_data":"DEPOSIT_METHOD_paypal"}]]}},"chat_instance":"6698031621898929507","data":"DEPOSIT_METHOD_venmo"}}
[2026-03-13 20:03:08] Routing to handleCallback
[2026-03-13 20:03:22] Webhook hit. Token=8164448894:AAFbloa8DU6DxN8Jjo0nMYnP6bL33DzcBu4 Bookie=1
[2026-03-13 20:03:22] Input: {"update_id":896250845,
"message":{"message_id":308,"from":{"id":8204776787,"is_bot":false,"first_name":"Rajani","username":"Rajani1708","language_code":"en"},"chat":{"id":8204776787,"first_name":"Rajani","username":"Rajani1708","type":"private"},"date":1773432203,"photo":[{"file_id":"AgACAgUAAxkBAAIBB2m0acFp_74mJjcLusjTy_Pt_L-fAALcDmsbYGqgVdyNYgzn9lgAAQEAAwIAA3MAAzoE","file_unique_id":"AQAD3A5rG2BqoFV4","file_size":1020,"width":40,"height":90},{"file_id":"AgACAgUAAxkBAAIBB2m0acFp_74mJjcLusjTy_Pt_L-fAALcDmsbYGqgVdyNYgzn9lgAAQEAAwIAA20AAzoE","file_unique_id":"AQAD3A5rG2BqoFVy","file_size":13864,"width":144,"height":320},{"file_id":"AgACAgUAAxkBAAIBB2m0acFp_74mJjcLusjTy_Pt_L-fAALcDmsbYGqgVdyNYgzn9lgAAQEAAwIAA3gAAzoE","file_unique_id":"AQAD3A5rG2BqoFV9","file_size":56860,"width":360,"height":800},{"file_id":"AgACAgUAAxkBAAIBB2m0acFp_74mJjcLusjTy_Pt_L-fAALcDmsbYGqgVdyNYgzn9lgAAQEAAwIAA3kAAzoE","file_unique_id":"AQAD3A5rG2BqoFV-","file_size":108073,"width":576,"height":1280}]}}
[2026-03-13 20:03:22] Routing to handleMessage
[2026-03-13 20:03:22] Processing handleMessage loop, text: 
[2026-03-13 20:08:06] Webhook hit. Token=8164448894:AAFbloa8DU6DxN8Jjo0nMYnP6bL33DzcBu4 Bookie=1
[2026-03-13 20:08:06] Input: {"update_id":896250846,
"message":{"message_id":311,"from":{"id":8152733609,"is_bot":false,"first_name":"Vijay48","language_code":"en"},"chat":{"id":8152733609,"first_name":"Vijay48","type":"private"},"date":1773432488,"text":"/start","entities":[{"offset":0,"length":6,"type":"bot_command"}]}}
[2026-03-13 20:08:06] Routing to handleMessage
[2026-03-13 20:08:06] Processing handleMessage loop, text: /start
[2026-03-13 20:08:07] Telegram response: Array
[2026-03-13 20:08:10] Webhook hit. Token=8164448894:AAFbloa8DU6DxN8Jjo0nMYnP6bL33DzcBu4 Bookie=1
[2026-03-13 20:08:10] Input: {"update_id":896250847,
"callback_query":{"id":"7345608116853784203","from":{"id":8152733609,"is_bot":false,"first_name":"Vijay48","language_code":"en"},"message":{"message_id":312,"from":{"id":8164448894,"is_bot":true,"first_name":"Lbbot_01","username":"Gamerlb01bot"},"chat":{"id":8152733609,"first_name":"Vijay48","type":"private"},"date":1773432489,"text":"Welcome to Vijay48's bookie bot!","entities":[{"offset":11,"length":7,"type":"bold"}],"reply_markup":{"inline_keyboard":[[{"text":"\ud83d\udcb0 Deposit","callback_data":"DEPOSIT"}],[{"text":"\ud83c\udfe7 Withdraw","callback_data":"WITHDRAW"}]]}},"chat_instance":"-8022870131296560198","data":"WITHDRAW"}}
[2026-03-13 20:08:10] Routing to handleCallback
[2026-03-13 20:08:19] Webhook hit. Token=8164448894:AAFbloa8DU6DxN8Jjo0nMYnP6bL33DzcBu4 Bookie=1
[2026-03-13 20:08:19] Input: {"update_id":896250848,
"message":{"message_id":314,"from":{"id":8152733609,"is_bot":false,"first_name":"Vijay48","language_code":"en"},"chat":{"id":8152733609,"first_name":"Vijay48","type":"private"},"date":1773432500,"text":"100"}}
[2026-03-13 20:08:19] Routing to handleMessage
[2026-03-13 20:08:19] Processing handleMessage loop, text: 100
[2026-03-13 20:08:24] Webhook hit. Token=8164448894:AAFbloa8DU6DxN8Jjo0nMYnP6bL33DzcBu4 Bookie=1
[2026-03-13 20:08:24] Input: {"update_id":896250849,
"callback_query":{"id":"7345608117030830634","from":{"id":8152733609,"is_bot":false,"first_name":"Vijay48","language_code":"en"},"message":{"message_id":315,"from":{"id":8164448894,"is_bot":true,"first_name":"Lbbot_01","username":"Gamerlb01bot"},"chat":{"id":8152733609,"first_name":"Vijay48","type":"private"},"date":1773432501,"text":"Please select a payout method to receive your $100:","reply_markup":{"inline_keyboard":[[{"text":"\u2705 Saved: venmo ($vijay)","callback_data":"WITHDRAW_METHOD_1"}],[{"text":"venmo","callback_data":"SET_METHOD_NAME_venmo"},{"text":"paypal","callback_data":"SET_METHOD_NAME_paypal"}],[{"text":"\u2795 Other Method","callback_data":"ADD_PAYOUT_METHOD"}]]}},"chat_instance":"-8022870131296560198","data":"WITHDRAW_METHOD_1"}}
[2026-03-13 20:08:24] Routing to handleCallback
[2026-03-13 20:08:25] Fatal Error: Call to undefined method App\Modules\Wallet\Repositories\WithdrawalRepository::getMethodById()
#0 C:\MAMP\htdocs\telegram\app\Modules\Telegram\Controllers\TelegramWebhookController.php(45): App\Modules\Telegram\Controllers\TelegramWebhookController->handleCallback(Array, Object(App\Modules\Telegram\Services\TelegramService), Object(App\Modules\Telegram\Repositories\PlayerRepository), 1)
#1 C:\MAMP\htdocs\telegram\app\Core\Router.php(41): App\Modules\Telegram\Controllers\TelegramWebhookController->handle(Array)
#2 C:\MAMP\htdocs\telegram\index.php(48): App\Core\Router->dispatch()
#3 {main}
[2026-03-13 20:08:31] Webhook hit. Token=8164448894:AAFbloa8DU6DxN8Jjo0nMYnP6bL33DzcBu4 Bookie=1
[2026-03-13 20:08:31] Input: {"update_id":896250850,
"callback_query":{"id":"7345608116983049587","from":{"id":8152733609,"is_bot":false,"first_name":"Vijay48","language_code":"en"},"message":{"message_id":315,"from":{"id":8164448894,"is_bot":true,"first_name":"Lbbot_01","username":"Gamerlb01bot"},"chat":{"id":8152733609,"first_name":"Vijay48","type":"private"},"date":1773432501,"text":"Please select a payout method to receive your $100:","reply_markup":{"inline_keyboard":[[{"text":"\u2705 Saved: venmo ($vijay)","callback_data":"WITHDRAW_METHOD_1"}],[{"text":"venmo","callback_data":"SET_METHOD_NAME_venmo"},{"text":"paypal","callback_data":"SET_METHOD_NAME_paypal"}],[{"text":"\u2795 Other Method","callback_data":"ADD_PAYOUT_METHOD"}]]}},"chat_instance":"-8022870131296560198","data":"SET_METHOD_NAME_venmo"}}
[2026-03-13 20:08:31] Routing to handleCallback
[2026-03-13 20:08:51] Webhook hit. Token=8164448894:AAFbloa8DU6DxN8Jjo0nMYnP6bL33DzcBu4 Bookie=1
[2026-03-13 20:08:51] Input: {"update_id":896250851,
"message":{"message_id":317,"from":{"id":8152733609,"is_bot":false,"first_name":"Vijay48","language_code":"en"},"chat":{"id":8152733609,"first_name":"Vijay48","type":"private"},"date":1773432532,"text":"$vijay"}}
[2026-03-13 20:08:51] Routing to handleMessage
[2026-03-13 20:08:51] Processing handleMessage loop, text: $vijay
[2026-03-13 20:09:07] Webhook hit. Token=8164448894:AAFbloa8DU6DxN8Jjo0nMYnP6bL33DzcBu4 Bookie=1
[2026-03-13 20:09:07] Input: {"update_id":896250852,
"message":{"message_id":320,"from":{"id":8204776787,"is_bot":false,"first_name":"Rajani","username":"Rajani1708","language_code":"en"},"chat":{"id":8204776787,"first_name":"Rajani","username":"Rajani1708","type":"private"},"date":1773432548,"text":"/start","entities":[{"offset":0,"length":6,"type":"bot_command"}]}}
[2026-03-13 20:09:07] Routing to handleMessage
[2026-03-13 20:09:07] Processing handleMessage loop, text: /start
[2026-03-13 20:09:08] Telegram response: Array
[2026-03-13 20:09:09] Webhook hit. Token=8164448894:AAFbloa8DU6DxN8Jjo0nMYnP6bL33DzcBu4 Bookie=1
[2026-03-13 20:09:09] Input: {"update_id":896250853,
"callback_query":{"id":"7569131861690180630","from":{"id":8204776787,"is_bot":false,"first_name":"Rajani","username":"Rajani1708","language_code":"en"},"message":{"message_id":321,"from":{"id":8164448894,"is_bot":true,"first_name":"Lbbot_01","username":"Gamerlb01bot"},"chat":{"id":8204776787,"first_name":"Rajani","username":"Rajani1708","type":"private"},"date":1773432549,"text":"Welcome to Rajani's bookie bot!","entities":[{"offset":11,"length":6,"type":"bold"}],"reply_markup":{"inline_keyboard":[[{"text":"\ud83d\udcb0 Deposit","callback_data":"DEPOSIT"}],[{"text":"\ud83c\udfe7 Withdraw","callback_data":"WITHDRAW"}]]}},"chat_instance":"6698031621898929507","data":"DEPOSIT"}}
[2026-03-13 20:09:09] Routing to handleCallback
[2026-03-13 20:09:13] Webhook hit. Token=8164448894:AAFbloa8DU6DxN8Jjo0nMYnP6bL33DzcBu4 Bookie=1
[2026-03-13 20:09:13] Input: {"update_id":896250854,
"message":{"message_id":323,"from":{"id":8204776787,"is_bot":false,"first_name":"Rajani","username":"Rajani1708","language_code":"en"},"chat":{"id":8204776787,"first_name":"Rajani","username":"Rajani1708","type":"private"},"date":1773432555,"text":"100"}}
[2026-03-13 20:09:13] Routing to handleMessage
[2026-03-13 20:09:14] Processing handleMessage loop, text: 100
[2026-03-13 20:09:16] Webhook hit. Token=8164448894:AAFbloa8DU6DxN8Jjo0nMYnP6bL33DzcBu4 Bookie=1
[2026-03-13 20:09:16] Input: {"update_id":896250855,
"callback_query":{"id":"7569131864785750244","from":{"id":8204776787,"is_bot":false,"first_name":"Rajani","username":"Rajani1708","language_code":"en"},"message":{"message_id":324,"from":{"id":8164448894,"is_bot":true,"first_name":"Lbbot_01","username":"Gamerlb01bot"},"chat":{"id":8204776787,"first_name":"Rajani","username":"Rajani1708","type":"private"},"date":1773432556,"text":"Please select the wallet you want to use for this $100 deposit:","reply_markup":{"inline_keyboard":[[{"text":"Wallet: venmo","callback_data":"DEPOSIT_METHOD_venmo"},{"text":"Wallet: paypal","callback_data":"DEPOSIT_METHOD_paypal"}]]}},"chat_instance":"6698031621898929507","data":"DEPOSIT_METHOD_venmo"}}
[2026-03-13 20:09:16] Routing to handleCallback
[2026-03-13 20:09:31] Webhook hit. Token=8164448894:AAFbloa8DU6DxN8Jjo0nMYnP6bL33DzcBu4 Bookie=1
[2026-03-13 20:09:31] Input: {"update_id":896250856,
"message":{"message_id":326,"from":{"id":8204776787,"is_bot":false,"first_name":"Rajani","username":"Rajani1708","language_code":"en"},"chat":{"id":8204776787,"first_name":"Rajani","username":"Rajani1708","type":"private"},"date":1773432572,"photo":[{"file_id":"AgACAgUAAxkBAAIBRmm0bvwtKe1db7Qx_WFgy74gQRvKAALeDmsbYGqgVcKzoCWp_GvGAQADAgADcwADOgQ","file_unique_id":"AQAD3g5rG2BqoFV4","file_size":1091,"width":40,"height":90},{"file_id":"AgACAgUAAxkBAAIBRmm0bvwtKe1db7Qx_WFgy74gQRvKAALeDmsbYGqgVcKzoCWp_GvGAQADAgADbQADOgQ","file_unique_id":"AQAD3g5rG2BqoFVy","file_size":20254,"width":144,"height":320},{"file_id":"AgACAgUAAxkBAAIBRmm0bvwtKe1db7Qx_WFgy74gQRvKAALeDmsbYGqgVcKzoCWp_GvGAQADAgADeAADOgQ","file_unique_id":"AQAD3g5rG2BqoFV9","file_size":98026,"width":360,"height":800},{"file_id":"AgACAgUAAxkBAAIBRmm0bvwtKe1db7Qx_WFgy74gQRvKAALeDmsbYGqgVcKzoCWp_GvGAQADAgADeQADOgQ","file_unique_id":"AQAD3g5rG2BqoFV-","file_size":191580,"width":576,"height":1280}]}}
[2026-03-13 20:09:31] Routing to handleMessage
[2026-03-13 20:09:31] Processing handleMessage loop, text: 
[2026-03-13 20:09:58] Webhook hit. Token=8164448894:AAFbloa8DU6DxN8Jjo0nMYnP6bL33DzcBu4 Bookie=1
[2026-03-13 20:09:58] Input: {"update_id":896250857,
"callback_query":{"id":"7345608115221673267","from":{"id":8152733609,"is_bot":false,"first_name":"Vijay48","language_code":"en"},"message":{"message_id":327,"from":{"id":8164448894,"is_bot":true,"first_name":"Lbbot_01","username":"Gamerlb01bot"},"chat":{"id":8152733609,"first_name":"Vijay48","type":"private"},"date":1773432573,"photo":[{"file_id":"AgACAgUAAxkBAAIBRmm0bvwtKe1db7Qx_WFgy74gQRvKAALeDmsbYGqgVcKzoCWp_GvGAQADAgADcwADOgQ","file_unique_id":"AQAD3g5rG2BqoFV4","file_size":1091,"width":40,"height":90},{"file_id":"AgACAgUAAxkBAAIBRmm0bvwtKe1db7Qx_WFgy74gQRvKAALeDmsbYGqgVcKzoCWp_GvGAQADAgADbQADOgQ","file_unique_id":"AQAD3g5rG2BqoFVy","file_size":20254,"width":144,"height":320},{"file_id":"AgACAgUAAxkBAAIBRmm0bvwtKe1db7Qx_WFgy74gQRvKAALeDmsbYGqgVcKzoCWp_GvGAQADAgADeAADOgQ","file_unique_id":"AQAD3g5rG2BqoFV9","file_size":98026,"width":360,"height":800},{"file_id":"AgACAgUAAxkBAAIBRmm0bvwtKe1db7Qx_WFgy74gQRvKAALeDmsbYGqgVcKzoCWp_GvGAQADAgADeQADOgQ","file_unique_id":"AQAD3g5rG2BqoFV-","file_size":191580,"width":576,"height":1280}],"caption":"\ud83d\udcb0 Withdrawal Credited\n\nPlayer Rajani (@Rajani1708) has sent $100.00 toward your withdrawal request.\nThis amount has been deposited into your account.\n\nThis payment: $100.00\nTotal requested: $100.00\nPaid so far: $100.00 of $100.00\nRemaining: $0.00\n\nPayment method: venmo\nReference: WD-2 / PART-3\n\nPlease wait at least 10 minutes before pressing 'Didn't Receive' as notifications and transfers can sometimes take a few minutes to process.\n\nReceipt attached below.","caption_entities":[{"offset":0,"length":22,"type":"bold"},{"offset":31,"length":8,"type":"bold"},{"offset":39,"length":11,"type":"mention"},{"offset":39,"length":11,"type":"bold"},{"offset":50,"length":1,"type":"bold"},{"offset":61,"length":7,"type":"bold"},{"offset":122,"length":27,"type":"bold"},{"offset":166,"length":7,"type":"bold"},{"offset":191,"length":7,"type":"bold"},{"offset":212,"length":7,"type":"bold"},{"offset":242,"length":5,"type":"bold"},{"offset":297,"length":140,"type":"italic"}],"reply_markup":{"inline_keyboard":[[{"text":"\ud83d\udea8 Didn't Receive","callback_data":"DISPUTE_SPLIT_3"}]]}},"chat_instance":"-8022870131296560198","data":"DISPUTE_SPLIT_3"}}
[2026-03-13 20:09:58] Routing to handleCallback
[2026-03-13 20:24:11] Webhook hit. Token=8164448894:AAFbloa8DU6DxN8Jjo0nMYnP6bL33DzcBu4 Bookie=1
[2026-03-13 20:24:11] Input: {"update_id":896250858,
"message":{"message_id":332,"from":{"id":8152733609,"is_bot":false,"first_name":"Vijay48","language_code":"en"},"chat":{"id":8152733609,"first_name":"Vijay48","type":"private"},"date":1773433452,"text":"/start","entities":[{"offset":0,"length":6,"type":"bot_command"}]}}
[2026-03-13 20:24:11] Routing to handleMessage
[2026-03-13 20:24:11] Processing handleMessage loop, text: /start
[2026-03-13 20:24:12] Telegram response: Array
[2026-03-13 20:24:13] Webhook hit. Token=8164448894:AAFbloa8DU6DxN8Jjo0nMYnP6bL33DzcBu4 Bookie=1
[2026-03-13 20:24:13] Input: {"update_id":896250859,
"callback_query":{"id":"7345608114787561843","from":{"id":8152733609,"is_bot":false,"first_name":"Vijay48","language_code":"en"},"message":{"message_id":333,"from":{"id":8164448894,"is_bot":true,"first_name":"Lbbot_01","username":"Gamerlb01bot"},"chat":{"id":8152733609,"first_name":"Vijay48","type":"private"},"date":1773433453,"text":"Welcome to Vijay48's bookie bot!","entities":[{"offset":11,"length":7,"type":"bold"}],"reply_markup":{"inline_keyboard":[[{"text":"\ud83d\udcb0 Deposit","callback_data":"DEPOSIT"}],[{"text":"\ud83c\udfe7 Withdraw","callback_data":"WITHDRAW"}]]}},"chat_instance":"-8022870131296560198","data":"WITHDRAW"}}
[2026-03-13 20:24:13] Routing to handleCallback
[2026-03-13 20:24:24] Webhook hit. Token=8164448894:AAFbloa8DU6DxN8Jjo0nMYnP6bL33DzcBu4 Bookie=1
[2026-03-13 20:24:24] Input: {"update_id":896250860,
"message":{"message_id":335,"from":{"id":8152733609,"is_bot":false,"first_name":"Vijay48","language_code":"en"},"chat":{"id":8152733609,"first_name":"Vijay48","type":"private"},"date":1773433465,"text":"50"}}
[2026-03-13 20:24:24] Routing to handleMessage
[2026-03-13 20:24:24] Processing handleMessage loop, text: 50
[2026-03-13 20:24:29] Webhook hit. Token=8164448894:AAFbloa8DU6DxN8Jjo0nMYnP6bL33DzcBu4 Bookie=1
[2026-03-13 20:24:29] Input: {"update_id":896250861,
"callback_query":{"id":"7345608114362422326","from":{"id":8152733609,"is_bot":false,"first_name":"Vijay48","language_code":"en"},"message":{"message_id":336,"from":{"id":8164448894,"is_bot":true,"first_name":"Lbbot_01","username":"Gamerlb01bot"},"chat":{"id":8152733609,"first_name":"Vijay48","type":"private"},"date":1773433466,"text":"Please select a payout method to receive your $50:","reply_markup":{"inline_keyboard":[[{"text":"\u2705 Saved: venmo ($vijay)","callback_data":"WITHDRAW_METHOD_1"}],[{"text":"\u2705 Saved: venmo ($vijay)","callback_data":"WITHDRAW_METHOD_2"}],[{"text":"venmo","callback_data":"SET_METHOD_NAME_venmo"},{"text":"paypal","callback_data":"SET_METHOD_NAME_paypal"}],[{"text":"\u2795 Other Method","callback_data":"ADD_PAYOUT_METHOD"}]]}},"chat_instance":"-8022870131296560198","data":"SET_METHOD_NAME_venmo"}}
[2026-03-13 20:24:29] Routing to handleCallback
[2026-03-13 20:25:06] Webhook hit. Token=8164448894:AAFbloa8DU6DxN8Jjo0nMYnP6bL33DzcBu4 Bookie=1
[2026-03-13 20:25:06] Input: {"update_id":896250862,
"message":{"message_id":338,"from":{"id":8152733609,"is_bot":false,"first_name":"Vijay48","language_code":"en"},"chat":{"id":8152733609,"first_name":"Vijay48","type":"private"},"date":1773433507,"text":"@vijhvt","entities":[{"offset":0,"length":7,"type":"mention"}]}}
[2026-03-13 20:25:06] Routing to handleMessage
[2026-03-13 20:25:06] Processing handleMessage loop, text: @vijhvt
[2026-03-13 20:25:16] Webhook hit. Token=8164448894:AAFbloa8DU6DxN8Jjo0nMYnP6bL33DzcBu4 Bookie=1
[2026-03-13 20:25:16] Input: {"update_id":896250863,
"message":{"message_id":341,"from":{"id":8204776787,"is_bot":false,"first_name":"Rajani","username":"Rajani1708","language_code":"en"},"chat":{"id":8204776787,"first_name":"Rajani","username":"Rajani1708","type":"private"},"date":1773433517,"text":"/start","entities":[{"offset":0,"length":6,"type":"bot_command"}]}}
[2026-03-13 20:25:16] Routing to handleMessage
[2026-03-13 20:25:16] Processing handleMessage loop, text: /start
[2026-03-13 20:25:17] Telegram response: Array
[2026-03-13 20:25:18] Webhook hit. Token=8164448894:AAFbloa8DU6DxN8Jjo0nMYnP6bL33DzcBu4 Bookie=1
[2026-03-13 20:25:18] Input: {"update_id":896250864,
"callback_query":{"id":"7569131862398937830","from":{"id":8204776787,"is_bot":false,"first_name":"Rajani","username":"Rajani1708","language_code":"en"},"message":{"message_id":342,"from":{"id":8164448894,"is_bot":true,"first_name":"Lbbot_01","username":"Gamerlb01bot"},"chat":{"id":8204776787,"first_name":"Rajani","username":"Rajani1708","type":"private"},"date":1773433518,"text":"Welcome to Rajani's bookie bot!","entities":[{"offset":11,"length":6,"type":"bold"}],"reply_markup":{"inline_keyboard":[[{"text":"\ud83d\udcb0 Deposit","callback_data":"DEPOSIT"}],[{"text":"\ud83c\udfe7 Withdraw","callback_data":"WITHDRAW"}]]}},"chat_instance":"6698031621898929507","data":"DEPOSIT"}}
[2026-03-13 20:25:18] Routing to handleCallback
[2026-03-13 20:25:26] Webhook hit. Token=8164448894:AAFbloa8DU6DxN8Jjo0nMYnP6bL33DzcBu4 Bookie=1
[2026-03-13 20:25:26] Input: {"update_id":896250865,
"message":{"message_id":344,"from":{"id":8204776787,"is_bot":false,"first_name":"Rajani","username":"Rajani1708","language_code":"en"},"chat":{"id":8204776787,"first_name":"Rajani","username":"Rajani1708","type":"private"},"date":1773433527,"text":"50"}}
[2026-03-13 20:25:26] Routing to handleMessage
[2026-03-13 20:25:26] Processing handleMessage loop, text: 50
[2026-03-13 20:25:31] Webhook hit. Token=8164448894:AAFbloa8DU6DxN8Jjo0nMYnP6bL33DzcBu4 Bookie=1
[2026-03-13 20:25:31] Input: {"update_id":896250866,
"callback_query":{"id":"7569131861328469752","from":{"id":8204776787,"is_bot":false,"first_name":"Rajani","username":"Rajani1708","language_code":"en"},"message":{"message_id":345,"from":{"id":8164448894,"is_bot":true,"first_name":"Lbbot_01","username":"Gamerlb01bot"},"chat":{"id":8204776787,"first_name":"Rajani","username":"Rajani1708","type":"private"},"date":1773433528,"text":"Please select the wallet you want to use for this $50 deposit:","reply_markup":{"inline_keyboard":[[{"text":"Wallet: venmo","callback_data":"DEPOSIT_METHOD_venmo"},{"text":"Wallet: paypal","callback_data":"DEPOSIT_METHOD_paypal"}]]}},"chat_instance":"6698031621898929507","data":"DEPOSIT_METHOD_venmo"}}
[2026-03-13 20:25:31] Routing to handleCallback
[2026-03-13 20:26:37] Webhook hit. Token=8164448894:AAFbloa8DU6DxN8Jjo0nMYnP6bL33DzcBu4 Bookie=1
[2026-03-13 20:26:37] Input: {"update_id":896250867,
"message":{"message_id":347,"from":{"id":8204776787,"is_bot":false,"first_name":"Rajani","username":"Rajani1708","language_code":"en"},"chat":{"id":8204776787,"first_name":"Rajani","username":"Rajani1708","type":"private"},"date":1773433598,"photo":[{"file_id":"AgACAgUAAxkBAAIBW2m0cv5E-5qIYgAB6RL6oV2Sh_Dj-AAC4Q5rG2BqoFXFaeAhd1N1ZwEAAwIAA3MAAzoE","file_unique_id":"AQAD4Q5rG2BqoFV4","file_size":862,"width":90,"height":40},{"file_id":"AgACAgUAAxkBAAIBW2m0cv5E-5qIYgAB6RL6oV2Sh_Dj-AAC4Q5rG2BqoFXFaeAhd1N1ZwEAAwIAA20AAzoE","file_unique_id":"AQAD4Q5rG2BqoFVy","file_size":12314,"width":320,"height":144},{"file_id":"AgACAgUAAxkBAAIBW2m0cv5E-5qIYgAB6RL6oV2Sh_Dj-AAC4Q5rG2BqoFXFaeAhd1N1ZwEAAwIAA3gAAzoE","file_unique_id":"AQAD4Q5rG2BqoFV9","file_size":44177,"width":800,"height":359},{"file_id":"AgACAgUAAxkBAAIBW2m0cv5E-5qIYgAB6RL6oV2Sh_Dj-AAC4Q5rG2BqoFXFaeAhd1N1ZwEAAwIAA3kAAzoE","file_unique_id":"AQAD4Q5rG2BqoFV-","file_size":65236,"width":1280,"height":574}]}}
[2026-03-13 20:26:37] Routing to handleMessage
[2026-03-13 20:26:37] Processing handleMessage loop, text: 
[2026-03-13 20:27:14] Webhook hit. Token=8164448894:AAFbloa8DU6DxN8Jjo0nMYnP6bL33DzcBu4 Bookie=1
[2026-03-13 20:27:14] Input: {"update_id":896250868,
"callback_query":{"id":"7345608115819843489","from":{"id":8152733609,"is_bot":false,"first_name":"Vijay48","language_code":"en"},"message":{"message_id":348,"from":{"id":8164448894,"is_bot":true,"first_name":"Lbbot_01","username":"Gamerlb01bot"},"chat":{"id":8152733609,"first_name":"Vijay48","type":"private"},"date":1773433599,"photo":[{"file_id":"AgACAgUAAxkBAAIBW2m0cv5E-5qIYgAB6RL6oV2Sh_Dj-AAC4Q5rG2BqoFXFaeAhd1N1ZwEAAwIAA3MAAzoE","file_unique_id":"AQAD4Q5rG2BqoFV4","file_size":862,"width":90,"height":40},{"file_id":"AgACAgUAAxkBAAIBW2m0cv5E-5qIYgAB6RL6oV2Sh_Dj-AAC4Q5rG2BqoFXFaeAhd1N1ZwEAAwIAA20AAzoE","file_unique_id":"AQAD4Q5rG2BqoFVy","file_size":12314,"width":320,"height":144},{"file_id":"AgACAgUAAxkBAAIBW2m0cv5E-5qIYgAB6RL6oV2Sh_Dj-AAC4Q5rG2BqoFXFaeAhd1N1ZwEAAwIAA3gAAzoE","file_unique_id":"AQAD4Q5rG2BqoFV9","file_size":44177,"width":800,"height":359},{"file_id":"AgACAgUAAxkBAAIBW2m0cv5E-5qIYgAB6RL6oV2Sh_Dj-AAC4Q5rG2BqoFXFaeAhd1N1ZwEAAwIAA3kAAzoE","file_unique_id":"AQAD4Q5rG2BqoFV-","file_size":65236,"width":1280,"height":574}],"caption":"\ud83d\udcb0 Withdrawal Credited\n\nPlayer Rajani (@Rajani1708) has sent $50.00 toward your withdrawal request.\nThis amount has been deposited into your account.\n\nThis payment: $50.00\nTotal requested: $50.00\nPaid so far: $50.00 of $50.00\nRemaining: $0.00\n\nPayment method: venmo\nReference: WD-3 / PART-4\n\nPlease wait at least 10 minutes before pressing 'Didn't Receive' as notifications and transfers can sometimes take a few minutes to process.\n\nReceipt attached below.","caption_entities":[{"offset":0,"length":22,"type":"bold"},{"offset":31,"length":8,"type":"bold"},{"offset":39,"length":11,"type":"mention"},{"offset":39,"length":11,"type":"bold"},{"offset":50,"length":1,"type":"bold"},{"offset":61,"length":6,"type":"bold"},{"offset":121,"length":27,"type":"bold"},{"offset":165,"length":6,"type":"bold"},{"offset":189,"length":6,"type":"bold"},{"offset":209,"length":6,"type":"bold"},{"offset":237,"length":5,"type":"bold"},{"offset":292,"length":140,"type":"italic"}],"reply_markup":{"inline_keyboard":[[{"text":"\ud83d\udea8 Didn't Receive","callback_data":"DISPUTE_SPLIT_4"}]]}},"chat_instance":"-8022870131296560198","data":"DISPUTE_SPLIT_4"}}
[2026-03-13 20:27:14] Routing to handleCallback
[2026-03-13 20:55:22] Webhook hit. Token=8164448894:AAFbloa8DU6DxN8Jjo0nMYnP6bL33DzcBu4 Bookie=1
[2026-03-13 20:55:22] Input: {"update_id":896250869,
"message":{"message_id":353,"from":{"id":8152733609,"is_bot":false,"first_name":"Vijay48","language_code":"en"},"chat":{"id":8152733609,"first_name":"Vijay48","type":"private"},"date":1773435323,"text":"/start","entities":[{"offset":0,"length":6,"type":"bot_command"}]}}
[2026-03-13 20:55:22] Routing to handleMessage
[2026-03-13 20:55:22] Processing handleMessage loop, text: /start
[2026-03-13 20:55:23] Telegram response: Array
[2026-03-13 20:55:24] Webhook hit. Token=8164448894:AAFbloa8DU6DxN8Jjo0nMYnP6bL33DzcBu4 Bookie=1
[2026-03-13 20:55:24] Input: {"update_id":896250870,
"callback_query":{"id":"7345608116775627824","from":{"id":8152733609,"is_bot":false,"first_name":"Vijay48","language_code":"en"},"message":{"message_id":354,"from":{"id":8164448894,"is_bot":true,"first_name":"Lbbot_01","username":"Gamerlb01bot"},"chat":{"id":8152733609,"first_name":"Vijay48","type":"private"},"date":1773435324,"text":"Welcome to Vijay48's bookie bot!","entities":[{"offset":11,"length":7,"type":"bold"}],"reply_markup":{"inline_keyboard":[[{"text":"\ud83d\udcb0 Deposit","callback_data":"DEPOSIT"}],[{"text":"\ud83c\udfe7 Withdraw","callback_data":"WITHDRAW"}]]}},"chat_instance":"-8022870131296560198","data":"DEPOSIT"}}
[2026-03-13 20:55:24] Routing to handleCallback
[2026-03-13 20:55:30] Webhook hit. Token=8164448894:AAFbloa8DU6DxN8Jjo0nMYnP6bL33DzcBu4 Bookie=1
[2026-03-13 20:55:30] Input: {"update_id":896250871,
"message":{"message_id":356,"from":{"id":8152733609,"is_bot":false,"first_name":"Vijay48","language_code":"en"},"chat":{"id":8152733609,"first_name":"Vijay48","type":"private"},"date":1773435331,"text":"500"}}
[2026-03-13 20:55:30] Routing to handleMessage
[2026-03-13 20:55:30] Processing handleMessage loop, text: 500
[2026-03-13 20:55:32] Webhook hit. Token=8164448894:AAFbloa8DU6DxN8Jjo0nMYnP6bL33DzcBu4 Bookie=1
[2026-03-13 20:55:32] Input: {"update_id":896250872,
"callback_query":{"id":"7345608117317161161","from":{"id":8152733609,"is_bot":false,"first_name":"Vijay48","language_code":"en"},"message":{"message_id":357,"from":{"id":8164448894,"is_bot":true,"first_name":"Lbbot_01","username":"Gamerlb01bot"},"chat":{"id":8152733609,"first_name":"Vijay48","type":"private"},"date":1773435332,"text":"Please select the wallet you want to use for this $500 deposit:","reply_markup":{"inline_keyboard":[[{"text":"Wallet: venmo","callback_data":"DEPOSIT_METHOD_venmo"},{"text":"Wallet: paypal","callback_data":"DEPOSIT_METHOD_paypal"}]]}},"chat_instance":"-8022870131296560198","data":"DEPOSIT_METHOD_venmo"}}
[2026-03-13 20:55:32] Routing to handleCallback
[2026-03-13 20:55:40] Webhook hit. Token=8164448894:AAFbloa8DU6DxN8Jjo0nMYnP6bL33DzcBu4 Bookie=1
[2026-03-13 20:55:40] Input: {"update_id":896250873,
"message":{"message_id":359,"from":{"id":8152733609,"is_bot":false,"first_name":"Vijay48","language_code":"en"},"chat":{"id":8152733609,"first_name":"Vijay48","type":"private"},"date":1773435341,"photo":[{"file_id":"AgACAgUAAxkBAAO5abKCzRTrfkqfbLS5sdHWbgmKkhcAApATaxunF5BVMUdljEgwkEQBAAMCAANzAAM6BA","file_unique_id":"AQADkBNrG6cXkFV4","file_size":2071,"width":90,"height":85},{"file_id":"AgACAgUAAxkBAAO5abKCzRTrfkqfbLS5sdHWbgmKkhcAApATaxunF5BVMUdljEgwkEQBAAMCAANtAAM6BA","file_unique_id":"AQADkBNrG6cXkFVy","file_size":51102,"width":320,"height":303},{"file_id":"AgACAgUAAxkBAAO5abKCzRTrfkqfbLS5sdHWbgmKkhcAApATaxunF5BVMUdljEgwkEQBAAMCAAN4AAM6BA","file_unique_id":"AQADkBNrG6cXkFV9","file_size":273393,"width":800,"height":757},{"file_id":"AgACAgUAAxkBAAO5abKCzRTrfkqfbLS5sdHWbgmKkhcAApATaxunF5BVMUdljEgwkEQBAAMCAAN5AAM6BA","file_unique_id":"AQADkBNrG6cXkFV-","file_size":486562,"width":1280,"height":1212}]}}
[2026-03-13 20:55:40] Routing to handleMessage
[2026-03-13 20:55:40] Processing handleMessage loop, text: 
[2026-03-13 20:56:06] Webhook hit. Token=8164448894:AAFbloa8DU6DxN8Jjo0nMYnP6bL33DzcBu4 Bookie=1
[2026-03-13 20:56:06] Input: {"update_id":896250874,
"message":{"message_id":362,"from":{"id":8152733609,"is_bot":false,"first_name":"Vijay48","language_code":"en"},"chat":{"id":8152733609,"first_name":"Vijay48","type":"private"},"date":1773435367,"text":"/start","entities":[{"offset":0,"length":6,"type":"bot_command"}]}}
[2026-03-13 20:56:06] Routing to handleMessage
[2026-03-13 20:56:06] Processing handleMessage loop, text: /start
[2026-03-13 20:56:06] Telegram response: Array
[2026-03-13 20:56:07] Webhook hit. Token=8164448894:AAFbloa8DU6DxN8Jjo0nMYnP6bL33DzcBu4 Bookie=1
[2026-03-13 20:56:07] Input: {"update_id":896250875,
"callback_query":{"id":"7345608114357065439","from":{"id":8152733609,"is_bot":false,"first_name":"Vijay48","language_code":"en"},"message":{"message_id":363,"from":{"id":8164448894,"is_bot":true,"first_name":"Lbbot_01","username":"Gamerlb01bot"},"chat":{"id":8152733609,"first_name":"Vijay48","type":"private"},"date":1773435368,"text":"Welcome to Vijay48's bookie bot!","entities":[{"offset":11,"length":7,"type":"bold"}],"reply_markup":{"inline_keyboard":[[{"text":"\ud83d\udcb0 Deposit","callback_data":"DEPOSIT"}],[{"text":"\ud83c\udfe7 Withdraw","callback_data":"WITHDRAW"}]]}},"chat_instance":"-8022870131296560198","data":"WITHDRAW"}}
[2026-03-13 20:56:07] Routing to handleCallback
[2026-03-13 20:56:15] Webhook hit. Token=8164448894:AAFbloa8DU6DxN8Jjo0nMYnP6bL33DzcBu4 Bookie=1
[2026-03-13 20:56:15] Input: {"update_id":896250876,
"message":{"message_id":365,"from":{"id":8152733609,"is_bot":false,"first_name":"Vijay48","language_code":"en"},"chat":{"id":8152733609,"first_name":"Vijay48","type":"private"},"date":1773435376,"text":"100"}}
[2026-03-13 20:56:15] Routing to handleMessage
[2026-03-13 20:56:15] Processing handleMessage loop, text: 100
[2026-03-13 20:56:17] Webhook hit. Token=8164448894:AAFbloa8DU6DxN8Jjo0nMYnP6bL33DzcBu4 Bookie=1
[2026-03-13 20:56:17] Input: {"update_id":896250877,
"callback_query":{"id":"7345608114745143251","from":{"id":8152733609,"is_bot":false,"first_name":"Vijay48","language_code":"en"},"message":{"message_id":366,"from":{"id":8164448894,"is_bot":true,"first_name":"Lbbot_01","username":"Gamerlb01bot"},"chat":{"id":8152733609,"first_name":"Vijay48","type":"private"},"date":1773435377,"text":"Please select a payout method to receive your $100:","reply_markup":{"inline_keyboard":[[{"text":"venmo","callback_data":"SET_METHOD_NAME_venmo"},{"text":"paypal","callback_data":"SET_METHOD_NAME_paypal"}],[{"text":"\u2795 Other Method","callback_data":"ADD_PAYOUT_METHOD"}]]}},"chat_instance":"-8022870131296560198","data":"SET_METHOD_NAME_venmo"}}
[2026-03-13 20:56:17] Routing to handleCallback
[2026-03-13 20:56:31] Webhook hit. Token=8164448894:AAFbloa8DU6DxN8Jjo0nMYnP6bL33DzcBu4 Bookie=1
[2026-03-13 20:56:31] Input: {"update_id":896250878,
"message":{"message_id":368,"from":{"id":8152733609,"is_bot":false,"first_name":"Vijay48","language_code":"en"},"chat":{"id":8152733609,"first_name":"Vijay48","type":"private"},"date":1773435392,"text":"@vijay","entities":[{"offset":0,"length":6,"type":"mention"}]}}
[2026-03-13 20:56:31] Routing to handleMessage
[2026-03-13 20:56:31] Processing handleMessage loop, text: @vijay
[2026-03-13 20:56:53] Webhook hit. Token=8164448894:AAFbloa8DU6DxN8Jjo0nMYnP6bL33DzcBu4 Bookie=1
[2026-03-13 20:56:53] Input: {"update_id":896250879,
"message":{"message_id":371,"from":{"id":8204776787,"is_bot":false,"first_name":"Rajani","username":"Rajani1708","language_code":"en"},"chat":{"id":8204776787,"first_name":"Rajani","username":"Rajani1708","type":"private"},"date":1773435414,"text":"/start","entities":[{"offset":0,"length":6,"type":"bot_command"}]}}
[2026-03-13 20:56:53] Routing to handleMessage
[2026-03-13 20:56:53] Processing handleMessage loop, text: /start
[2026-03-13 20:56:54] Telegram response: Array
[2026-03-13 20:56:56] Webhook hit. Token=8164448894:AAFbloa8DU6DxN8Jjo0nMYnP6bL33DzcBu4 Bookie=1
[2026-03-13 20:56:56] Input: {"update_id":896250880,
"callback_query":{"id":"7569131862516292369","from":{"id":8204776787,"is_bot":false,"first_name":"Rajani","username":"Rajani1708","language_code":"en"},"message":{"message_id":372,"from":{"id":8164448894,"is_bot":true,"first_name":"Lbbot_01","username":"Gamerlb01bot"},"chat":{"id":8204776787,"first_name":"Rajani","username":"Rajani1708","type":"private"},"date":1773435415,"text":"Welcome to Rajani's bookie bot!","entities":[{"offset":11,"length":6,"type":"bold"}],"reply_markup":{"inline_keyboard":[[{"text":"\ud83d\udcb0 Deposit","callback_data":"DEPOSIT"}],[{"text":"\ud83c\udfe7 Withdraw","callback_data":"WITHDRAW"}]]}},"chat_instance":"6698031621898929507","data":"DEPOSIT"}}
[2026-03-13 20:56:56] Routing to handleCallback
[2026-03-13 20:57:08] Webhook hit. Token=8164448894:AAFbloa8DU6DxN8Jjo0nMYnP6bL33DzcBu4 Bookie=1
[2026-03-13 20:57:08] Input: {"update_id":896250881,
"message":{"message_id":374,"from":{"id":8204776787,"is_bot":false,"first_name":"Rajani","username":"Rajani1708","language_code":"en"},"chat":{"id":8204776787,"first_name":"Rajani","username":"Rajani1708","type":"private"},"date":1773435429,"text":"100"}}
[2026-03-13 20:57:08] Routing to handleMessage
[2026-03-13 20:57:08] Processing handleMessage loop, text: 100
[2026-03-13 20:57:10] Webhook hit. Token=8164448894:AAFbloa8DU6DxN8Jjo0nMYnP6bL33DzcBu4 Bookie=1
[2026-03-13 20:57:10] Input: {"update_id":896250882,
"callback_query":{"id":"7569131860614461072","from":{"id":8204776787,"is_bot":false,"first_name":"Rajani","username":"Rajani1708","language_code":"en"},"message":{"message_id":375,"from":{"id":8164448894,"is_bot":true,"first_name":"Lbbot_01","username":"Gamerlb01bot"},"chat":{"id":8204776787,"first_name":"Rajani","username":"Rajani1708","type":"private"},"date":1773435430,"text":"Please select the wallet you want to use for this $100 deposit:","reply_markup":{"inline_keyboard":[[{"text":"Wallet: venmo","callback_data":"DEPOSIT_METHOD_venmo"},{"text":"Wallet: paypal","callback_data":"DEPOSIT_METHOD_paypal"}]]}},"chat_instance":"6698031621898929507","data":"DEPOSIT_METHOD_venmo"}}
[2026-03-13 20:57:10] Routing to handleCallback
[2026-03-13 20:57:22] Webhook hit. Token=8164448894:AAFbloa8DU6DxN8Jjo0nMYnP6bL33DzcBu4 Bookie=1
[2026-03-13 20:57:22] Input: {"update_id":896250883,
"message":{"message_id":377,"from":{"id":8204776787,"is_bot":false,"first_name":"Rajani","username":"Rajani1708","language_code":"en"},"chat":{"id":8204776787,"first_name":"Rajani","username":"Rajani1708","type":"private"},"date":1773435443,"photo":[{"file_id":"AgACAgUAAxkBAAIBeWm0ejNeekh2JgGGPkua_laeCWmbAALlDmsbYGqgVf_TN0Xqzh04AQADAgADcwADOgQ","file_unique_id":"AQAD5Q5rG2BqoFV4","file_size":1116,"width":40,"height":90},{"file_id":"AgACAgUAAxkBAAIBeWm0ejNeekh2JgGGPkua_laeCWmbAALlDmsbYGqgVf_TN0Xqzh04AQADAgADbQADOgQ","file_unique_id":"AQAD5Q5rG2BqoFVy","file_size":16175,"width":144,"height":320},{"file_id":"AgACAgUAAxkBAAIBeWm0ejNeekh2JgGGPkua_laeCWmbAALlDmsbYGqgVf_TN0Xqzh04AQADAgADeAADOgQ","file_unique_id":"AQAD5Q5rG2BqoFV9","file_size":69975,"width":359,"height":800},{"file_id":"AgACAgUAAxkBAAIBeWm0ejNeekh2JgGGPkua_laeCWmbAALlDmsbYGqgVf_TN0Xqzh04AQADAgADeQADOgQ","file_unique_id":"AQAD5Q5rG2BqoFV-","file_size":123214,"width":574,"height":1280}]}}
[2026-03-13 20:57:22] Routing to handleMessage
[2026-03-13 20:57:22] Processing handleMessage loop, text: 
[2026-03-13 20:57:38] Webhook hit. Token=8164448894:AAFbloa8DU6DxN8Jjo0nMYnP6bL33DzcBu4 Bookie=1
[2026-03-13 20:57:38] Input: {"update_id":896250884,
"callback_query":{"id":"7345608116581532578","from":{"id":8152733609,"is_bot":false,"first_name":"Vijay48","language_code":"en"},"message":{"message_id":378,"from":{"id":8164448894,"is_bot":true,"first_name":"Lbbot_01","username":"Gamerlb01bot"},"chat":{"id":8152733609,"first_name":"Vijay48","type":"private"},"date":1773435444,"photo":[{"file_id":"AgACAgUAAxkBAAIBeWm0ejNeekh2JgGGPkua_laeCWmbAALlDmsbYGqgVf_TN0Xqzh04AQADAgADcwADOgQ","file_unique_id":"AQAD5Q5rG2BqoFV4","file_size":1116,"width":40,"height":90},{"file_id":"AgACAgUAAxkBAAIBeWm0ejNeekh2JgGGPkua_laeCWmbAALlDmsbYGqgVf_TN0Xqzh04AQADAgADbQADOgQ","file_unique_id":"AQAD5Q5rG2BqoFVy","file_size":16175,"width":144,"height":320},{"file_id":"AgACAgUAAxkBAAIBeWm0ejNeekh2JgGGPkua_laeCWmbAALlDmsbYGqgVf_TN0Xqzh04AQADAgADeAADOgQ","file_unique_id":"AQAD5Q5rG2BqoFV9","file_size":69975,"width":359,"height":800},{"file_id":"AgACAgUAAxkBAAIBeWm0ejNeekh2JgGGPkua_laeCWmbAALlDmsbYGqgVf_TN0Xqzh04AQADAgADeQADOgQ","file_unique_id":"AQAD5Q5rG2BqoFV-","file_size":123214,"width":574,"height":1280}],"caption":"\ud83d\udcb0 Withdrawal Credited\n\nPlayer Rajani (@Rajani1708) has sent $100.00 toward your withdrawal request.\nThis amount has been deposited into your account.\n\nThis payment: $100.00\nTotal requested: $100.00\nPaid so far: $100.00 of $100.00\nRemaining: $0.00\n\nPayment method: venmo\nReference: WD-1 / PART-2\n\nPlease wait at least 10 minutes before pressing 'Didn't Receive' as notifications and transfers can sometimes take a few minutes to process.\n\nReceipt attached below.","caption_entities":[{"offset":0,"length":22,"type":"bold"},{"offset":31,"length":8,"type":"bold"},{"offset":39,"length":11,"type":"mention"},{"offset":39,"length":11,"type":"bold"},{"offset":50,"length":1,"type":"bold"},{"offset":61,"length":7,"type":"bold"},{"offset":122,"length":27,"type":"bold"},{"offset":166,"length":7,"type":"bold"},{"offset":191,"length":7,"type":"bold"},{"offset":212,"length":7,"type":"bold"},{"offset":242,"length":5,"type":"bold"},{"offset":297,"length":140,"type":"italic"}],"reply_markup":{"inline_keyboard":[[{"text":"\ud83d\udea8 Didn't Receive","callback_data":"DISPUTE_SPLIT_2"}]]}},"chat_instance":"-8022870131296560198","data":"DISPUTE_SPLIT_2"}}
[2026-03-13 20:57:38] Routing to handleCallback
[2026-03-13 21:00:06] Webhook hit. Token=8164448894:AAFbloa8DU6DxN8Jjo0nMYnP6bL33DzcBu4 Bookie=1
[2026-03-13 21:00:06] Input: {"update_id":896250885,
"message":{"message_id":383,"from":{"id":8152733609,"is_bot":false,"first_name":"Vijay48","language_code":"en"},"chat":{"id":8152733609,"first_name":"Vijay48","type":"private"},"date":1773435607,"text":"/start","entities":[{"offset":0,"length":6,"type":"bot_command"}]}}
[2026-03-13 21:00:06] Routing to handleMessage
[2026-03-13 21:00:06] Processing handleMessage loop, text: /start
[2026-03-13 21:00:06] Telegram response: Array
[2026-03-13 21:00:09] Webhook hit. Token=8164448894:AAFbloa8DU6DxN8Jjo0nMYnP6bL33DzcBu4 Bookie=1
[2026-03-13 21:00:09] Input: {"update_id":896250886,
"callback_query":{"id":"7345608115320743665","from":{"id":8152733609,"is_bot":false,"first_name":"Vijay48","language_code":"en"},"message":{"message_id":384,"from":{"id":8164448894,"is_bot":true,"first_name":"Lbbot_01","username":"Gamerlb01bot"},"chat":{"id":8152733609,"first_name":"Vijay48","type":"private"},"date":1773435608,"text":"Welcome to Vijay48's bookie bot!","entities":[{"offset":11,"length":7,"type":"bold"}],"reply_markup":{"inline_keyboard":[[{"text":"\ud83d\udcb0 Deposit","callback_data":"DEPOSIT"}],[{"text":"\ud83c\udfe7 Withdraw","callback_data":"WITHDRAW"}]]}},"chat_instance":"-8022870131296560198","data":"WITHDRAW"}}
[2026-03-13 21:00:09] Routing to handleCallback
[2026-03-13 21:10:22] Webhook hit. Token=8164448894:AAFbloa8DU6DxN8Jjo0nMYnP6bL33DzcBu4 Bookie=1
[2026-03-13 21:10:22] Input: {"update_id":896250887,
"message":{"message_id":386,"from":{"id":8152733609,"is_bot":false,"first_name":"Vijay48","language_code":"en"},"chat":{"id":8152733609,"first_name":"Vijay48","type":"private"},"date":1773436223,"text":"/start","entities":[{"offset":0,"length":6,"type":"bot_command"}]}}
[2026-03-13 21:10:22] Routing to handleMessage
[2026-03-13 21:10:22] Processing handleMessage loop, text: /start
[2026-03-13 21:10:23] Telegram response: Array
[2026-03-13 21:10:25] Webhook hit. Token=8164448894:AAFbloa8DU6DxN8Jjo0nMYnP6bL33DzcBu4 Bookie=1
[2026-03-13 21:10:25] Input: {"update_id":896250888,
"callback_query":{"id":"7345608116653207991","from":{"id":8152733609,"is_bot":false,"first_name":"Vijay48","language_code":"en"},"message":{"message_id":387,"from":{"id":8164448894,"is_bot":true,"first_name":"Lbbot_01","username":"Gamerlb01bot"},"chat":{"id":8152733609,"first_name":"Vijay48","type":"private"},"date":1773436225,"text":"Welcome to Vijay48's bookie bot!","entities":[{"offset":11,"length":7,"type":"bold"}],"reply_markup":{"inline_keyboard":[[{"text":"\ud83d\udcb0 Deposit","callback_data":"DEPOSIT"}],[{"text":"\ud83c\udfe7 Withdraw","callback_data":"WITHDRAW"}]]}},"chat_instance":"-8022870131296560198","data":"WITHDRAW"}}
[2026-03-13 21:10:25] Routing to handleCallback
[2026-03-13 21:10:31] Webhook hit. Token=8164448894:AAFbloa8DU6DxN8Jjo0nMYnP6bL33DzcBu4 Bookie=1
[2026-03-13 21:10:31] Input: {"update_id":896250889,
"message":{"message_id":389,"from":{"id":8152733609,"is_bot":false,"first_name":"Vijay48","language_code":"en"},"chat":{"id":8152733609,"first_name":"Vijay48","type":"private"},"date":1773436232,"text":"100"}}
[2026-03-13 21:10:31] Routing to handleMessage
[2026-03-13 21:10:31] Processing handleMessage loop, text: 100
[2026-03-13 21:10:36] Webhook hit. Token=8164448894:AAFbloa8DU6DxN8Jjo0nMYnP6bL33DzcBu4 Bookie=1
[2026-03-13 21:10:36] Input: {"update_id":896250890,
"callback_query":{"id":"7345608113980578640","from":{"id":8152733609,"is_bot":false,"first_name":"Vijay48","language_code":"en"},"message":{"message_id":390,"from":{"id":8164448894,"is_bot":true,"first_name":"Lbbot_01","username":"Gamerlb01bot"},"chat":{"id":8152733609,"first_name":"Vijay48","type":"private"},"date":1773436233,"text":"Please select a payout method to receive your $100:","reply_markup":{"inline_keyboard":[[{"text":"\u2705 Saved: venmo (@vijay)","callback_data":"WITHDRAW_METHOD_1"}],[{"text":"venmo","callback_data":"SET_METHOD_NAME_venmo"},{"text":"paypal","callback_data":"SET_METHOD_NAME_paypal"}],[{"text":"\u2795 Other Method","callback_data":"ADD_PAYOUT_METHOD"}]]}},"chat_instance":"-8022870131296560198","data":"SET_METHOD_NAME_venmo"}}
[2026-03-13 21:10:36] Routing to handleCallback
[2026-03-13 21:10:48] Webhook hit. Token=8164448894:AAFbloa8DU6DxN8Jjo0nMYnP6bL33DzcBu4 Bookie=1
[2026-03-13 21:10:48] Input: {"update_id":896250891,
"message":{"message_id":392,"from":{"id":8152733609,"is_bot":false,"first_name":"Vijay48","language_code":"en"},"chat":{"id":8152733609,"first_name":"Vijay48","type":"private"},"date":1773436249,"text":"@vijay","entities":[{"offset":0,"length":6,"type":"mention"}]}}
[2026-03-13 21:10:48] Routing to handleMessage
[2026-03-13 21:10:48] Processing handleMessage loop, text: @vijay
[2026-03-13 21:11:20] Webhook hit. Token=8164448894:AAFbloa8DU6DxN8Jjo0nMYnP6bL33DzcBu4 Bookie=1
[2026-03-13 21:11:20] Input: {"update_id":896250892,
"message":{"message_id":395,"from":{"id":8152733609,"is_bot":false,"first_name":"Vijay48","language_code":"en"},"chat":{"id":8152733609,"first_name":"Vijay48","type":"private"},"date":1773436282,"text":"/start","entities":[{"offset":0,"length":6,"type":"bot_command"}]}}
[2026-03-13 21:11:20] Routing to handleMessage
[2026-03-13 21:11:20] Processing handleMessage loop, text: /start
[2026-03-13 21:11:21] Telegram response: Array
[2026-03-13 21:11:22] Webhook hit. Token=8164448894:AAFbloa8DU6DxN8Jjo0nMYnP6bL33DzcBu4 Bookie=1
[2026-03-13 21:11:22] Input: {"update_id":896250893,
"callback_query":{"id":"7345608116305162769","from":{"id":8152733609,"is_bot":false,"first_name":"Vijay48","language_code":"en"},"message":{"message_id":396,"from":{"id":8164448894,"is_bot":true,"first_name":"Lbbot_01","username":"Gamerlb01bot"},"chat":{"id":8152733609,"first_name":"Vijay48","type":"private"},"date":1773436283,"text":"Welcome to Vijay48's bookie bot!","entities":[{"offset":11,"length":7,"type":"bold"}],"reply_markup":{"inline_keyboard":[[{"text":"\ud83d\udcb0 Deposit","callback_data":"DEPOSIT"}],[{"text":"\ud83c\udfe7 Withdraw","callback_data":"WITHDRAW"}]]}},"chat_instance":"-8022870131296560198","data":"WITHDRAW"}}
[2026-03-13 21:11:22] Routing to handleCallback
[2026-03-13 21:11:53] Webhook hit. Token=8164448894:AAFbloa8DU6DxN8Jjo0nMYnP6bL33DzcBu4 Bookie=1
[2026-03-13 21:11:53] Input: {"update_id":896250894,
"message":{"message_id":398,"from":{"id":8204776787,"is_bot":false,"first_name":"Rajani","username":"Rajani1708","language_code":"en"},"chat":{"id":8204776787,"first_name":"Rajani","username":"Rajani1708","type":"private"},"date":1773436315,"text":"/start","entities":[{"offset":0,"length":6,"type":"bot_command"}]}}
[2026-03-13 21:11:53] Routing to handleMessage
[2026-03-13 21:11:53] Processing handleMessage loop, text: /start
[2026-03-13 21:11:54] Telegram response: Array
[2026-03-13 21:11:57] Webhook hit. Token=8164448894:AAFbloa8DU6DxN8Jjo0nMYnP6bL33DzcBu4 Bookie=1
[2026-03-13 21:11:57] Input: {"update_id":896250895,
"callback_query":{"id":"7569131861971669004","from":{"id":8204776787,"is_bot":false,"first_name":"Rajani","username":"Rajani1708","language_code":"en"},"message":{"message_id":399,"from":{"id":8164448894,"is_bot":true,"first_name":"Lbbot_01","username":"Gamerlb01bot"},"chat":{"id":8204776787,"first_name":"Rajani","username":"Rajani1708","type":"private"},"date":1773436316,"text":"Welcome to Rajani's bookie bot!","entities":[{"offset":11,"length":6,"type":"bold"}],"reply_markup":{"inline_keyboard":[[{"text":"\ud83d\udcb0 Deposit","callback_data":"DEPOSIT"}],[{"text":"\ud83c\udfe7 Withdraw","callback_data":"WITHDRAW"}]]}},"chat_instance":"6698031621898929507","data":"WITHDRAW"}}
[2026-03-13 21:11:57] Routing to handleCallback
[2026-03-14 05:21:08] Webhook hit. Token=8164448894:AAFbloa8DU6DxN8Jjo0nMYnP6bL33DzcBu4 Bookie=1
[2026-03-14 05:21:08] Input: {"update_id":896250897,
"message":{"message_id":402,"from":{"id":6335658356,"is_bot":false,"first_name":"Alejandra","last_name":"Rosales","language_code":"en"},"chat":{"id":6335658356,"first_name":"Alejandra","last_name":"Rosales","type":"private"},"date":1773449139,"text":"Start"}}
[2026-03-14 05:21:08] Routing to handleMessage
[2026-03-14 05:21:08] Processing handleMessage loop, text: Start
[2026-03-14 05:21:24] Webhook hit. Token=8164448894:AAFbloa8DU6DxN8Jjo0nMYnP6bL33DzcBu4 Bookie=1
[2026-03-14 05:21:24] Input: {"update_id":896250896,
"message":{"message_id":401,"from":{"id":8606538810,"is_bot":false,"first_name":"Jay","last_name":"Bo","language_code":"en"},"chat":{"id":8606538810,"first_name":"Jay","last_name":"Bo","type":"private"},"date":1773449133,"text":"/start","entities":[{"offset":0,"length":6,"type":"bot_command"}]}}
[2026-03-14 05:21:24] Routing to handleMessage
[2026-03-14 05:21:24] Processing handleMessage loop, text: /start
[2026-03-14 05:21:25] Telegram response: Array
[2026-03-14 08:25:49] Webhook hit. Token=8164448894:AAFbloa8DU6DxN8Jjo0nMYnP6bL33DzcBu4 Bookie=1
[2026-03-14 08:25:49] Input: {"update_id":896250898,
"message":{"message_id":404,"from":{"id":8204776787,"is_bot":false,"first_name":"Rajani","username":"Rajani1708","language_code":"en"},"chat":{"id":8204776787,"first_name":"Rajani","username":"Rajani1708","type":"private"},"date":1773476750,"text":"/start","entities":[{"offset":0,"length":6,"type":"bot_command"}]}}
[2026-03-14 08:25:49] Routing to handleMessage
[2026-03-14 08:25:49] Processing handleMessage loop, text: /start
[2026-03-14 08:25:50] Telegram response: Array
[2026-03-14 08:25:52] Webhook hit. Token=8164448894:AAFbloa8DU6DxN8Jjo0nMYnP6bL33DzcBu4 Bookie=1
[2026-03-14 08:25:52] Input: {"update_id":896250899,
"callback_query":{"id":"7569131864044263288","from":{"id":8204776787,"is_bot":false,"first_name":"Rajani","username":"Rajani1708","language_code":"en"},"message":{"message_id":405,"from":{"id":8164448894,"is_bot":true,"first_name":"Lbbot_01","username":"Gamerlb01bot"},"chat":{"id":8204776787,"first_name":"Rajani","username":"Rajani1708","type":"private"},"date":1773476751,"text":"Welcome to Rajani's bookie bot!","entities":[{"offset":11,"length":6,"type":"bold"}],"reply_markup":{"inline_keyboard":[[{"text":"\ud83d\udcb0 Deposit","callback_data":"DEPOSIT"}],[{"text":"\ud83c\udfe7 Withdraw","callback_data":"WITHDRAW"}]]}},"chat_instance":"6698031621898929507","data":"DEPOSIT"}}
[2026-03-14 08:25:52] Routing to handleCallback
[2026-03-14 08:25:59] Webhook hit. Token=8164448894:AAFbloa8DU6DxN8Jjo0nMYnP6bL33DzcBu4 Bookie=1
[2026-03-14 08:25:59] Input: {"update_id":896250900,
"message":{"message_id":407,"from":{"id":8204776787,"is_bot":false,"first_name":"Rajani","username":"Rajani1708","language_code":"en"},"chat":{"id":8204776787,"first_name":"Rajani","username":"Rajani1708","type":"private"},"date":1773476760,"text":"500"}}
[2026-03-14 08:25:59] Routing to handleMessage
[2026-03-14 08:25:59] Processing handleMessage loop, text: 500
[2026-03-14 08:26:02] Webhook hit. Token=8164448894:AAFbloa8DU6DxN8Jjo0nMYnP6bL33DzcBu4 Bookie=1
[2026-03-14 08:26:02] Input: {"update_id":896250901,
"callback_query":{"id":"7569131862760815341","from":{"id":8204776787,"is_bot":false,"first_name":"Rajani","username":"Rajani1708","language_code":"en"},"message":{"message_id":408,"from":{"id":8164448894,"is_bot":true,"first_name":"Lbbot_01","username":"Gamerlb01bot"},"chat":{"id":8204776787,"first_name":"Rajani","username":"Rajani1708","type":"private"},"date":1773476761,"text":"Please select the wallet you want to use for this $500 deposit:","reply_markup":{"inline_keyboard":[[{"text":"Wallet: venmo","callback_data":"DEPOSIT_METHOD_venmo"},{"text":"Wallet: paypal","callback_data":"DEPOSIT_METHOD_paypal"}]]}},"chat_instance":"6698031621898929507","data":"DEPOSIT_METHOD_venmo"}}
[2026-03-14 08:26:02] Routing to handleCallback
[2026-03-14 08:26:14] Webhook hit. Token=8164448894:AAFbloa8DU6DxN8Jjo0nMYnP6bL33DzcBu4 Bookie=1
[2026-03-14 08:26:14] Input: {"update_id":896250902,
"message":{"message_id":410,"from":{"id":8204776787,"is_bot":false,"first_name":"Rajani","username":"Rajani1708","language_code":"en"},"chat":{"id":8204776787,"first_name":"Rajani","username":"Rajani1708","type":"private"},"date":1773476776,"photo":[{"file_id":"AgACAgUAAxkBAAIBB2m0acFp_74mJjcLusjTy_Pt_L-fAALcDmsbYGqgVdyNYgzn9lgAAQEAAwIAA3MAAzoE","file_unique_id":"AQAD3A5rG2BqoFV4","file_size":1020,"width":40,"height":90},{"file_id":"AgACAgUAAxkBAAIBB2m0acFp_74mJjcLusjTy_Pt_L-fAALcDmsbYGqgVdyNYgzn9lgAAQEAAwIAA20AAzoE","file_unique_id":"AQAD3A5rG2BqoFVy","file_size":13864,"width":144,"height":320},{"file_id":"AgACAgUAAxkBAAIBB2m0acFp_74mJjcLusjTy_Pt_L-fAALcDmsbYGqgVdyNYgzn9lgAAQEAAwIAA3gAAzoE","file_unique_id":"AQAD3A5rG2BqoFV9","file_size":56860,"width":360,"height":800},{"file_id":"AgACAgUAAxkBAAIBB2m0acFp_74mJjcLusjTy_Pt_L-fAALcDmsbYGqgVdyNYgzn9lgAAQEAAwIAA3kAAzoE","file_unique_id":"AQAD3A5rG2BqoFV-","file_size":108073,"width":576,"height":1280}]}}
[2026-03-14 08:26:14] Routing to handleMessage
[2026-03-14 08:26:14] Processing handleMessage loop, text: 
[2026-03-14 08:26:59] Webhook hit. Token=8164448894:AAFbloa8DU6DxN8Jjo0nMYnP6bL33DzcBu4 Bookie=1
[2026-03-14 08:26:59] Input: {"update_id":896250903,
"message":{"message_id":413,"from":{"id":8204776787,"is_bot":false,"first_name":"Rajani","username":"Rajani1708","language_code":"en"},"chat":{"id":8204776787,"first_name":"Rajani","username":"Rajani1708","type":"private"},"date":1773476820,"text":"/start","entities":[{"offset":0,"length":6,"type":"bot_command"}]}}
[2026-03-14 08:26:59] Routing to handleMessage
[2026-03-14 08:26:59] Processing handleMessage loop, text: /start
[2026-03-14 08:27:00] Telegram response: Array
[2026-03-14 08:27:01] Webhook hit. Token=8164448894:AAFbloa8DU6DxN8Jjo0nMYnP6bL33DzcBu4 Bookie=1
[2026-03-14 08:27:01] Input: {"update_id":896250904,
"callback_query":{"id":"7569131862634992212","from":{"id":8204776787,"is_bot":false,"first_name":"Rajani","username":"Rajani1708","language_code":"en"},"message":{"message_id":414,"from":{"id":8164448894,"is_bot":true,"first_name":"Lbbot_01","username":"Gamerlb01bot"},"chat":{"id":8204776787,"first_name":"Rajani","username":"Rajani1708","type":"private"},"date":1773476821,"text":"Welcome to Rajani's bookie bot!","entities":[{"offset":11,"length":6,"type":"bold"}],"reply_markup":{"inline_keyboard":[[{"text":"\ud83d\udcb0 Deposit","callback_data":"DEPOSIT"}],[{"text":"\ud83c\udfe7 Withdraw","callback_data":"WITHDRAW"}]]}},"chat_instance":"6698031621898929507","data":"WITHDRAW"}}
[2026-03-14 08:27:01] Routing to handleCallback
[2026-03-14 08:29:59] Webhook hit. Token=8164448894:AAFbloa8DU6DxN8Jjo0nMYnP6bL33DzcBu4 Bookie=1
[2026-03-14 08:29:59] Input: {"update_id":896250905,
"message":{"message_id":416,"from":{"id":8204776787,"is_bot":false,"first_name":"Rajani","username":"Rajani1708","language_code":"en"},"chat":{"id":8204776787,"first_name":"Rajani","username":"Rajani1708","type":"private"},"date":1773477000,"text":"/start","entities":[{"offset":0,"length":6,"type":"bot_command"}]}}
[2026-03-14 08:29:59] Routing to handleMessage
[2026-03-14 08:29:59] Processing handleMessage loop, text: /start
[2026-03-14 08:30:00] Telegram response: Array
[2026-03-14 08:30:02] Webhook hit. Token=8164448894:AAFbloa8DU6DxN8Jjo0nMYnP6bL33DzcBu4 Bookie=1
[2026-03-14 08:30:02] Input: {"update_id":896250906,
"callback_query":{"id":"7569131864380343585","from":{"id":8204776787,"is_bot":false,"first_name":"Rajani","username":"Rajani1708","language_code":"en"},"message":{"message_id":417,"from":{"id":8164448894,"is_bot":true,"first_name":"Lbbot_01","username":"Gamerlb01bot"},"chat":{"id":8204776787,"first_name":"Rajani","username":"Rajani1708","type":"private"},"date":1773477002,"text":"Welcome to Rajani's bookie bot!","entities":[{"offset":11,"length":6,"type":"bold"}],"reply_markup":{"inline_keyboard":[[{"text":"\ud83d\udcb0 Deposit","callback_data":"DEPOSIT"}],[{"text":"\ud83c\udfe7 Withdraw","callback_data":"WITHDRAW"}]]}},"chat_instance":"6698031621898929507","data":"DEPOSIT"}}
[2026-03-14 08:30:02] Routing to handleCallback
[2026-03-14 08:30:08] Webhook hit. Token=8164448894:AAFbloa8DU6DxN8Jjo0nMYnP6bL33DzcBu4 Bookie=1
[2026-03-14 08:30:08] Input: {"update_id":896250907,
"message":{"message_id":419,"from":{"id":8204776787,"is_bot":false,"first_name":"Rajani","username":"Rajani1708","language_code":"en"},"chat":{"id":8204776787,"first_name":"Rajani","username":"Rajani1708","type":"private"},"date":1773477010,"text":"500"}}
[2026-03-14 08:30:08] Routing to handleMessage
[2026-03-14 08:30:08] Processing handleMessage loop, text: 500
[2026-03-14 08:30:11] Webhook hit. Token=8164448894:AAFbloa8DU6DxN8Jjo0nMYnP6bL33DzcBu4 Bookie=1
[2026-03-14 08:30:11] Input: {"update_id":896250908,
"callback_query":{"id":"7569131861168820247","from":{"id":8204776787,"is_bot":false,"first_name":"Rajani","username":"Rajani1708","language_code":"en"},"message":{"message_id":420,"from":{"id":8164448894,"is_bot":true,"first_name":"Lbbot_01","username":"Gamerlb01bot"},"chat":{"id":8204776787,"first_name":"Rajani","username":"Rajani1708","type":"private"},"date":1773477011,"text":"Please select the wallet you want to use for this $500 deposit:","reply_markup":{"inline_keyboard":[[{"text":"Wallet: venmo","callback_data":"DEPOSIT_METHOD_venmo"},{"text":"Wallet: paypal","callback_data":"DEPOSIT_METHOD_paypal"}]]}},"chat_instance":"6698031621898929507","data":"DEPOSIT_METHOD_venmo"}}
[2026-03-14 08:30:11] Routing to handleCallback
[2026-03-14 08:30:19] Webhook hit. Token=8164448894:AAFbloa8DU6DxN8Jjo0nMYnP6bL33DzcBu4 Bookie=1
[2026-03-14 08:30:19] Input: {"update_id":896250909,
"message":{"message_id":422,"from":{"id":8204776787,"is_bot":false,"first_name":"Rajani","username":"Rajani1708","language_code":"en"},"chat":{"id":8204776787,"first_name":"Rajani","username":"Rajani1708","type":"private"},"date":1773477021,"photo":[{"file_id":"AgACAgUAAxkBAAIBB2m0acFp_74mJjcLusjTy_Pt_L-fAALcDmsbYGqgVdyNYgzn9lgAAQEAAwIAA3MAAzoE","file_unique_id":"AQAD3A5rG2BqoFV4","file_size":1020,"width":40,"height":90},{"file_id":"AgACAgUAAxkBAAIBB2m0acFp_74mJjcLusjTy_Pt_L-fAALcDmsbYGqgVdyNYgzn9lgAAQEAAwIAA20AAzoE","file_unique_id":"AQAD3A5rG2BqoFVy","file_size":13864,"width":144,"height":320},{"file_id":"AgACAgUAAxkBAAIBB2m0acFp_74mJjcLusjTy_Pt_L-fAALcDmsbYGqgVdyNYgzn9lgAAQEAAwIAA3gAAzoE","file_unique_id":"AQAD3A5rG2BqoFV9","file_size":56860,"width":360,"height":800},{"file_id":"AgACAgUAAxkBAAIBB2m0acFp_74mJjcLusjTy_Pt_L-fAALcDmsbYGqgVdyNYgzn9lgAAQEAAwIAA3kAAzoE","file_unique_id":"AQAD3A5rG2BqoFV-","file_size":108073,"width":576,"height":1280}]}}
[2026-03-14 08:30:19] Routing to handleMessage
[2026-03-14 08:30:19] Processing handleMessage loop, text: 
[2026-03-14 08:30:38] Webhook hit. Token=8164448894:AAFbloa8DU6DxN8Jjo0nMYnP6bL33DzcBu4 Bookie=1
[2026-03-14 08:30:38] Input: {"update_id":896250910,
"message":{"message_id":425,"from":{"id":8204776787,"is_bot":false,"first_name":"Rajani","username":"Rajani1708","language_code":"en"},"chat":{"id":8204776787,"first_name":"Rajani","username":"Rajani1708","type":"private"},"date":1773477039,"text":"/start","entities":[{"offset":0,"length":6,"type":"bot_command"}]}}
[2026-03-14 08:30:38] Routing to handleMessage
[2026-03-14 08:30:38] Processing handleMessage loop, text: /start
[2026-03-14 08:30:38] Telegram response: Array
[2026-03-14 08:30:49] Webhook hit. Token=8164448894:AAFbloa8DU6DxN8Jjo0nMYnP6bL33DzcBu4 Bookie=1
[2026-03-14 08:30:49] Input: {"update_id":896250911,
"callback_query":{"id":"7569131862341883901","from":{"id":8204776787,"is_bot":false,"first_name":"Rajani","username":"Rajani1708","language_code":"en"},"message":{"message_id":426,"from":{"id":8164448894,"is_bot":true,"first_name":"Lbbot_01","username":"Gamerlb01bot"},"chat":{"id":8204776787,"first_name":"Rajani","username":"Rajani1708","type":"private"},"date":1773477040,"text":"Welcome to Rajani's bookie bot!","entities":[{"offset":11,"length":6,"type":"bold"}],"reply_markup":{"inline_keyboard":[[{"text":"\ud83d\udcb0 Deposit","callback_data":"DEPOSIT"}],[{"text":"\ud83c\udfe7 Withdraw","callback_data":"WITHDRAW"}]]}},"chat_instance":"6698031621898929507","data":"WITHDRAW"}}
[2026-03-14 08:30:49] Routing to handleCallback
[2026-03-14 08:30:59] Webhook hit. Token=8164448894:AAFbloa8DU6DxN8Jjo0nMYnP6bL33DzcBu4 Bookie=1
[2026-03-14 08:30:59] Input: {"update_id":896250912,
"message":{"message_id":428,"from":{"id":8204776787,"is_bot":false,"first_name":"Rajani","username":"Rajani1708","language_code":"en"},"chat":{"id":8204776787,"first_name":"Rajani","username":"Rajani1708","type":"private"},"date":1773477061,"text":"100"}}
[2026-03-14 08:30:59] Routing to handleMessage
[2026-03-14 08:30:59] Processing handleMessage loop, text: 100
[2026-03-14 08:31:08] Webhook hit. Token=8164448894:AAFbloa8DU6DxN8Jjo0nMYnP6bL33DzcBu4 Bookie=1
[2026-03-14 08:31:08] Input: {"update_id":896250913,
"callback_query":{"id":"7569131863347117627","from":{"id":8204776787,"is_bot":false,"first_name":"Rajani","username":"Rajani1708","language_code":"en"},"message":{"message_id":429,"from":{"id":8164448894,"is_bot":true,"first_name":"Lbbot_01","username":"Gamerlb01bot"},"chat":{"id":8204776787,"first_name":"Rajani","username":"Rajani1708","type":"private"},"date":1773477062,"text":"Please select a payout method to receive your $100:","reply_markup":{"inline_keyboard":[[{"text":"venmo","callback_data":"SET_METHOD_NAME_venmo"},{"text":"paypal","callback_data":"SET_METHOD_NAME_paypal"}],[{"text":"\u2795 Other Method","callback_data":"ADD_PAYOUT_METHOD"}]]}},"chat_instance":"6698031621898929507","data":"SET_METHOD_NAME_venmo"}}
[2026-03-14 08:31:08] Routing to handleCallback
[2026-03-14 08:31:28] Webhook hit. Token=8164448894:AAFbloa8DU6DxN8Jjo0nMYnP6bL33DzcBu4 Bookie=1
[2026-03-14 08:31:28] Input: {"update_id":896250914,
"message":{"message_id":431,"from":{"id":8204776787,"is_bot":false,"first_name":"Rajani","username":"Rajani1708","language_code":"en"},"chat":{"id":8204776787,"first_name":"Rajani","username":"Rajani1708","type":"private"},"date":1773477089,"text":"$rajani17"}}
[2026-03-14 08:31:28] Routing to handleMessage
[2026-03-14 08:31:28] Processing handleMessage loop, text: $rajani17
[2026-03-14 08:31:40] Webhook hit. Token=8164448894:AAFbloa8DU6DxN8Jjo0nMYnP6bL33DzcBu4 Bookie=1
[2026-03-14 08:31:40] Input: {"update_id":896250915,
"message":{"message_id":434,"from":{"id":8152733609,"is_bot":false,"first_name":"Vijay48","language_code":"en"},"chat":{"id":8152733609,"first_name":"Vijay48","type":"private"},"date":1773477102,"text":"/start","entities":[{"offset":0,"length":6,"type":"bot_command"}]}}
[2026-03-14 08:31:40] Routing to handleMessage
[2026-03-14 08:31:40] Processing handleMessage loop, text: /start
[2026-03-14 08:31:41] Telegram response: Array
[2026-03-14 08:31:43] Webhook hit. Token=8164448894:AAFbloa8DU6DxN8Jjo0nMYnP6bL33DzcBu4 Bookie=1
[2026-03-14 08:31:43] Input: {"update_id":896250916,
"callback_query":{"id":"7345608114876743988","from":{"id":8152733609,"is_bot":false,"first_name":"Vijay48","language_code":"en"},"message":{"message_id":435,"from":{"id":8164448894,"is_bot":true,"first_name":"Lbbot_01","username":"Gamerlb01bot"},"chat":{"id":8152733609,"first_name":"Vijay48","type":"private"},"date":1773477103,"text":"Welcome to Vijay48's bookie bot!","entities":[{"offset":11,"length":7,"type":"bold"}],"reply_markup":{"inline_keyboard":[[{"text":"\ud83d\udcb0 Deposit","callback_data":"DEPOSIT"}],[{"text":"\ud83c\udfe7 Withdraw","callback_data":"WITHDRAW"}]]}},"chat_instance":"-8022870131296560198","data":"DEPOSIT"}}
[2026-03-14 08:31:43] Routing to handleCallback
[2026-03-14 08:32:04] Webhook hit. Token=8164448894:AAFbloa8DU6DxN8Jjo0nMYnP6bL33DzcBu4 Bookie=1
[2026-03-14 08:32:04] Input: {"update_id":896250917,
"message":{"message_id":437,"from":{"id":8152733609,"is_bot":false,"first_name":"Vijay48","language_code":"en"},"chat":{"id":8152733609,"first_name":"Vijay48","type":"private"},"date":1773477125,"text":"100"}}
[2026-03-14 08:32:04] Routing to handleMessage
[2026-03-14 08:32:04] Processing handleMessage loop, text: 100
[2026-03-14 08:32:07] Webhook hit. Token=8164448894:AAFbloa8DU6DxN8Jjo0nMYnP6bL33DzcBu4 Bookie=1
[2026-03-14 08:32:07] Input: {"update_id":896250918,
"callback_query":{"id":"7345608114895992866","from":{"id":8152733609,"is_bot":false,"first_name":"Vijay48","language_code":"en"},"message":{"message_id":438,"from":{"id":8164448894,"is_bot":true,"first_name":"Lbbot_01","username":"Gamerlb01bot"},"chat":{"id":8152733609,"first_name":"Vijay48","type":"private"},"date":1773477126,"text":"Please select the wallet you want to use for this $100 deposit:","reply_markup":{"inline_keyboard":[[{"text":"Wallet: venmo","callback_data":"DEPOSIT_METHOD_venmo"},{"text":"Wallet: paypal","callback_data":"DEPOSIT_METHOD_paypal"}]]}},"chat_instance":"-8022870131296560198","data":"DEPOSIT_METHOD_venmo"}}
[2026-03-14 08:32:07] Routing to handleCallback
[2026-03-14 08:32:21] Webhook hit. Token=8164448894:AAFbloa8DU6DxN8Jjo0nMYnP6bL33DzcBu4 Bookie=1
[2026-03-14 08:32:21] Input: {"update_id":896250919,
"message":{"message_id":440,"from":{"id":8152733609,"is_bot":false,"first_name":"Vijay48","language_code":"en"},"chat":{"id":8152733609,"first_name":"Vijay48","type":"private"},"date":1773477143,"photo":[{"file_id":"AgACAgUAAxkBAAO5abKCzRTrfkqfbLS5sdHWbgmKkhcAApATaxunF5BVMUdljEgwkEQBAAMCAANzAAM6BA","file_unique_id":"AQADkBNrG6cXkFV4","file_size":2071,"width":90,"height":85},{"file_id":"AgACAgUAAxkBAAO5abKCzRTrfkqfbLS5sdHWbgmKkhcAApATaxunF5BVMUdljEgwkEQBAAMCAANtAAM6BA","file_unique_id":"AQADkBNrG6cXkFVy","file_size":51102,"width":320,"height":303},{"file_id":"AgACAgUAAxkBAAO5abKCzRTrfkqfbLS5sdHWbgmKkhcAApATaxunF5BVMUdljEgwkEQBAAMCAAN4AAM6BA","file_unique_id":"AQADkBNrG6cXkFV9","file_size":273393,"width":800,"height":757},{"file_id":"AgACAgUAAxkBAAO5abKCzRTrfkqfbLS5sdHWbgmKkhcAApATaxunF5BVMUdljEgwkEQBAAMCAAN5AAM6BA","file_unique_id":"AQADkBNrG6cXkFV-","file_size":486562,"width":1280,"height":1212}]}}
[2026-03-14 08:32:21] Routing to handleMessage
[2026-03-14 08:32:21] Processing handleMessage loop, text: 
[2026-03-14 08:33:11] Webhook hit. Token=8164448894:AAFbloa8DU6DxN8Jjo0nMYnP6bL33DzcBu4 Bookie=1
[2026-03-14 08:33:11] Input: {"update_id":896250920,
"message":{"message_id":443,"from":{"id":8204776787,"is_bot":false,"first_name":"Rajani","username":"Rajani1708","language_code":"en"},"chat":{"id":8204776787,"first_name":"Rajani","username":"Rajani1708","type":"private"},"date":1773477193,"text":"/start","entities":[{"offset":0,"length":6,"type":"bot_command"}]}}
[2026-03-14 08:33:11] Routing to handleMessage
[2026-03-14 08:33:11] Processing handleMessage loop, text: /start
[2026-03-14 08:33:12] Telegram response: Array
[2026-03-14 08:33:13] Webhook hit. Token=8164448894:AAFbloa8DU6DxN8Jjo0nMYnP6bL33DzcBu4 Bookie=1
[2026-03-14 08:33:13] Input: {"update_id":896250921,
"callback_query":{"id":"7569131863849683482","from":{"id":8204776787,"is_bot":false,"first_name":"Rajani","username":"Rajani1708","language_code":"en"},"message":{"message_id":444,"from":{"id":8164448894,"is_bot":true,"first_name":"Lbbot_01","username":"Gamerlb01bot"},"chat":{"id":8204776787,"first_name":"Rajani","username":"Rajani1708","type":"private"},"date":1773477194,"text":"Welcome to Rajani's bookie bot!","entities":[{"offset":11,"length":6,"type":"bold"}],"reply_markup":{"inline_keyboard":[[{"text":"\ud83d\udcb0 Deposit","callback_data":"DEPOSIT"}],[{"text":"\ud83c\udfe7 Withdraw","callback_data":"WITHDRAW"}]]}},"chat_instance":"6698031621898929507","data":"WITHDRAW"}}
[2026-03-14 08:33:13] Routing to handleCallback
[2026-03-14 08:33:20] Webhook hit. Token=8164448894:AAFbloa8DU6DxN8Jjo0nMYnP6bL33DzcBu4 Bookie=1
[2026-03-14 08:33:20] Input: {"update_id":896250922,
"message":{"message_id":446,"from":{"id":8204776787,"is_bot":false,"first_name":"Rajani","username":"Rajani1708","language_code":"en"},"chat":{"id":8204776787,"first_name":"Rajani","username":"Rajani1708","type":"private"},"date":1773477201,"text":"50"}}
[2026-03-14 08:33:20] Routing to handleMessage
[2026-03-14 08:33:20] Processing handleMessage loop, text: 50
[2026-03-14 08:33:23] Webhook hit. Token=8164448894:AAFbloa8DU6DxN8Jjo0nMYnP6bL33DzcBu4 Bookie=1
[2026-03-14 08:33:23] Input: {"update_id":896250923,
"callback_query":{"id":"7569131862787171912","from":{"id":8204776787,"is_bot":false,"first_name":"Rajani","username":"Rajani1708","language_code":"en"},"message":{"message_id":447,"from":{"id":8164448894,"is_bot":true,"first_name":"Lbbot_01","username":"Gamerlb01bot"},"chat":{"id":8204776787,"first_name":"Rajani","username":"Rajani1708","type":"private"},"date":1773477202,"text":"Please select a payout method to receive your $50:","reply_markup":{"inline_keyboard":[[{"text":"venmo","callback_data":"SET_METHOD_NAME_venmo"},{"text":"paypal","callback_data":"SET_METHOD_NAME_paypal"}],[{"text":"\u2795 Other Method","callback_data":"ADD_PAYOUT_METHOD"}]]}},"chat_instance":"6698031621898929507","data":"SET_METHOD_NAME_venmo"}}
[2026-03-14 08:33:23] Routing to handleCallback
[2026-03-14 08:33:40] Webhook hit. Token=8164448894:AAFbloa8DU6DxN8Jjo0nMYnP6bL33DzcBu4 Bookie=1
[2026-03-14 08:33:40] Input: {"update_id":896250924,
"message":{"message_id":449,"from":{"id":8204776787,"is_bot":false,"first_name":"Rajani","username":"Rajani1708","language_code":"en"},"chat":{"id":8204776787,"first_name":"Rajani","username":"Rajani1708","type":"private"},"date":1773477221,"text":"$rajani19"}}
[2026-03-14 08:33:40] Routing to handleMessage
[2026-03-14 08:33:40] Processing handleMessage loop, text: $rajani19
[2026-03-14 08:33:50] Webhook hit. Token=8164448894:AAFbloa8DU6DxN8Jjo0nMYnP6bL33DzcBu4 Bookie=1
[2026-03-14 08:33:50] Input: {"update_id":896250925,
"message":{"message_id":452,"from":{"id":8152733609,"is_bot":false,"first_name":"Vijay48","language_code":"en"},"chat":{"id":8152733609,"first_name":"Vijay48","type":"private"},"date":1773477231,"text":"/start","entities":[{"offset":0,"length":6,"type":"bot_command"}]}}
[2026-03-14 08:33:50] Routing to handleMessage
[2026-03-14 08:33:50] Processing handleMessage loop, text: /start
[2026-03-14 08:33:51] Telegram response: Array
[2026-03-14 08:33:53] Webhook hit. Token=8164448894:AAFbloa8DU6DxN8Jjo0nMYnP6bL33DzcBu4 Bookie=1
[2026-03-14 08:33:53] Input: {"update_id":896250926,
"callback_query":{"id":"7345608116446044292","from":{"id":8152733609,"is_bot":false,"first_name":"Vijay48","language_code":"en"},"message":{"message_id":453,"from":{"id":8164448894,"is_bot":true,"first_name":"Lbbot_01","username":"Gamerlb01bot"},"chat":{"id":8152733609,"first_name":"Vijay48","type":"private"},"date":1773477232,"text":"Welcome to Vijay48's bookie bot!","entities":[{"offset":11,"length":7,"type":"bold"}],"reply_markup":{"inline_keyboard":[[{"text":"\ud83d\udcb0 Deposit","callback_data":"DEPOSIT"}],[{"text":"\ud83c\udfe7 Withdraw","callback_data":"WITHDRAW"}]]}},"chat_instance":"-8022870131296560198","data":"DEPOSIT"}}
[2026-03-14 08:33:53] Routing to handleCallback
[2026-03-14 08:34:00] Webhook hit. Token=8164448894:AAFbloa8DU6DxN8Jjo0nMYnP6bL33DzcBu4 Bookie=1
[2026-03-14 08:34:00] Input: {"update_id":896250927,
"message":{"message_id":455,"from":{"id":8152733609,"is_bot":false,"first_name":"Vijay48","language_code":"en"},"chat":{"id":8152733609,"first_name":"Vijay48","type":"private"},"date":1773477241,"text":"50"}}
[2026-03-14 08:34:00] Routing to handleMessage
[2026-03-14 08:34:00] Processing handleMessage loop, text: 50
[2026-03-14 08:34:04] Webhook hit. Token=8164448894:AAFbloa8DU6DxN8Jjo0nMYnP6bL33DzcBu4 Bookie=1
[2026-03-14 08:34:04] Input: {"update_id":896250928,
"callback_query":{"id":"7345608115341550720","from":{"id":8152733609,"is_bot":false,"first_name":"Vijay48","language_code":"en"},"message":{"message_id":456,"from":{"id":8164448894,"is_bot":true,"first_name":"Lbbot_01","username":"Gamerlb01bot"},"chat":{"id":8152733609,"first_name":"Vijay48","type":"private"},"date":1773477242,"text":"Please select the wallet you want to use for this $50 deposit:","reply_markup":{"inline_keyboard":[[{"text":"Wallet: venmo","callback_data":"DEPOSIT_METHOD_venmo"},{"text":"Wallet: paypal","callback_data":"DEPOSIT_METHOD_paypal"}]]}},"chat_instance":"-8022870131296560198","data":"DEPOSIT_METHOD_venmo"}}
[2026-03-14 08:34:04] Routing to handleCallback
[2026-03-14 08:34:19] Webhook hit. Token=8164448894:AAFbloa8DU6DxN8Jjo0nMYnP6bL33DzcBu4 Bookie=1
[2026-03-14 08:34:19] Input: {"update_id":896250929,
"message":{"message_id":458,"from":{"id":8152733609,"is_bot":false,"first_name":"Vijay48","language_code":"en"},"chat":{"id":8152733609,"first_name":"Vijay48","type":"private"},"date":1773477261,"photo":[{"file_id":"AgACAgUAAxkBAAIBymm1HY2cQIWwjP_biOD80K5wPkcjAALIDWsbcAGpVQMUIiU4ZlEBAQADAgADcwADOgQ","file_unique_id":"AQADyA1rG3ABqVV4","file_size":1930,"width":90,"height":70},{"file_id":"AgACAgUAAxkBAAIBymm1HY2cQIWwjP_biOD80K5wPkcjAALIDWsbcAGpVQMUIiU4ZlEBAQADAgADbQADOgQ","file_unique_id":"AQADyA1rG3ABqVVy","file_size":36571,"width":320,"height":249},{"file_id":"AgACAgUAAxkBAAIBymm1HY2cQIWwjP_biOD80K5wPkcjAALIDWsbcAGpVQMUIiU4ZlEBAQADAgADeAADOgQ","file_unique_id":"AQADyA1rG3ABqVV9","file_size":95054,"width":628,"height":488}]}}
[2026-03-14 08:34:19] Routing to handleMessage
[2026-03-14 08:34:19] Processing handleMessage loop, text: 
[2026-03-14 08:47:23] Webhook hit. Token=8164448894:AAFbloa8DU6DxN8Jjo0nMYnP6bL33DzcBu4 Bookie=1
[2026-03-14 08:47:23] Input: {"update_id":896250930,
"message":{"message_id":461,"from":{"id":8204776787,"is_bot":false,"first_name":"Rajani","username":"Rajani1708","language_code":"en"},"chat":{"id":8204776787,"first_name":"Rajani","username":"Rajani1708","type":"private"},"date":1773478044,"text":"/start","entities":[{"offset":0,"length":6,"type":"bot_command"}]}}
[2026-03-14 08:47:23] Routing to handleMessage
[2026-03-14 08:47:23] Processing handleMessage loop, text: /start
[2026-03-14 08:47:23] Telegram response: Array
[2026-03-14 08:47:25] Webhook hit. Token=8164448894:AAFbloa8DU6DxN8Jjo0nMYnP6bL33DzcBu4 Bookie=1
[2026-03-14 08:47:25] Input: {"update_id":896250931,
"callback_query":{"id":"7569131861383196980","from":{"id":8204776787,"is_bot":false,"first_name":"Rajani","username":"Rajani1708","language_code":"en"},"message":{"message_id":462,"from":{"id":8164448894,"is_bot":true,"first_name":"Lbbot_01","username":"Gamerlb01bot"},"chat":{"id":8204776787,"first_name":"Rajani","username":"Rajani1708","type":"private"},"date":1773478045,"text":"Welcome to Rajani's bookie bot!","entities":[{"offset":11,"length":6,"type":"bold"}],"reply_markup":{"inline_keyboard":[[{"text":"\ud83d\udcb0 Deposit","callback_data":"DEPOSIT"}],[{"text":"\ud83c\udfe7 Withdraw","callback_data":"WITHDRAW"}]]}},"chat_instance":"6698031621898929507","data":"WITHDRAW"}}
[2026-03-14 08:47:25] Routing to handleCallback
[2026-03-14 08:47:31] Webhook hit. Token=8164448894:AAFbloa8DU6DxN8Jjo0nMYnP6bL33DzcBu4 Bookie=1
[2026-03-14 08:47:31] Input: {"update_id":896250932,
"message":{"message_id":464,"from":{"id":8204776787,"is_bot":false,"first_name":"Rajani","username":"Rajani1708","language_code":"en"},"chat":{"id":8204776787,"first_name":"Rajani","username":"Rajani1708","type":"private"},"date":1773478052,"text":"50"}}
[2026-03-14 08:47:31] Routing to handleMessage
[2026-03-14 08:47:31] Processing handleMessage loop, text: 50
[2026-03-14 08:47:34] Webhook hit. Token=8164448894:AAFbloa8DU6DxN8Jjo0nMYnP6bL33DzcBu4 Bookie=1
[2026-03-14 08:47:34] Input: {"update_id":896250933,
"callback_query":{"id":"7569131864044526808","from":{"id":8204776787,"is_bot":false,"first_name":"Rajani","username":"Rajani1708","language_code":"en"},"message":{"message_id":465,"from":{"id":8164448894,"is_bot":true,"first_name":"Lbbot_01","username":"Gamerlb01bot"},"chat":{"id":8204776787,"first_name":"Rajani","username":"Rajani1708","type":"private"},"date":1773478053,"text":"Please select a payout method to receive your $50:","reply_markup":{"inline_keyboard":[[{"text":"venmo","callback_data":"SET_METHOD_NAME_venmo"},{"text":"paypal","callback_data":"SET_METHOD_NAME_paypal"}],[{"text":"\u2795 Other Method","callback_data":"ADD_PAYOUT_METHOD"}]]}},"chat_instance":"6698031621898929507","data":"SET_METHOD_NAME_venmo"}}
[2026-03-14 08:47:34] Routing to handleCallback
[2026-03-14 08:47:47] Webhook hit. Token=8164448894:AAFbloa8DU6DxN8Jjo0nMYnP6bL33DzcBu4 Bookie=1
[2026-03-14 08:47:47] Input: {"update_id":896250934,
"message":{"message_id":467,"from":{"id":8204776787,"is_bot":false,"first_name":"Rajani","username":"Rajani1708","language_code":"en"},"chat":{"id":8204776787,"first_name":"Rajani","username":"Rajani1708","type":"private"},"date":1773478068,"text":"$rajani19"}}
[2026-03-14 08:47:47] Routing to handleMessage
[2026-03-14 08:47:47] Processing handleMessage loop, text: $rajani19
[2026-03-14 08:47:59] Webhook hit. Token=8164448894:AAFbloa8DU6DxN8Jjo0nMYnP6bL33DzcBu4 Bookie=1
[2026-03-14 08:47:59] Input: {"update_id":896250935,
"message":{"message_id":470,"from":{"id":8152733609,"is_bot":false,"first_name":"Vijay48","language_code":"en"},"chat":{"id":8152733609,"first_name":"Vijay48","type":"private"},"date":1773478080,"text":"/start","entities":[{"offset":0,"length":6,"type":"bot_command"}]}}
[2026-03-14 08:47:59] Routing to handleMessage
[2026-03-14 08:47:59] Processing handleMessage loop, text: /start
[2026-03-14 08:48:00] Telegram response: Array
[2026-03-14 08:48:02] Webhook hit. Token=8164448894:AAFbloa8DU6DxN8Jjo0nMYnP6bL33DzcBu4 Bookie=1
[2026-03-14 08:48:02] Input: {"update_id":896250936,
"callback_query":{"id":"7345608116192436452","from":{"id":8152733609,"is_bot":false,"first_name":"Vijay48","language_code":"en"},"message":{"message_id":471,"from":{"id":8164448894,"is_bot":true,"first_name":"Lbbot_01","username":"Gamerlb01bot"},"chat":{"id":8152733609,"first_name":"Vijay48","type":"private"},"date":1773478082,"text":"Welcome to Vijay48's bookie bot!","entities":[{"offset":11,"length":7,"type":"bold"}],"reply_markup":{"inline_keyboard":[[{"text":"\ud83d\udcb0 Deposit","callback_data":"DEPOSIT"}],[{"text":"\ud83c\udfe7 Withdraw","callback_data":"WITHDRAW"}]]}},"chat_instance":"-8022870131296560198","data":"DEPOSIT"}}
[2026-03-14 08:48:02] Routing to handleCallback
[2026-03-14 08:48:08] Webhook hit. Token=8164448894:AAFbloa8DU6DxN8Jjo0nMYnP6bL33DzcBu4 Bookie=1
[2026-03-14 08:48:08] Input: {"update_id":896250937,
"message":{"message_id":473,"from":{"id":8152733609,"is_bot":false,"first_name":"Vijay48","language_code":"en"},"chat":{"id":8152733609,"first_name":"Vijay48","type":"private"},"date":1773478090,"text":"100"}}
[2026-03-14 08:48:08] Routing to handleMessage
[2026-03-14 08:48:08] Processing handleMessage loop, text: 100
[2026-03-14 08:48:11] Webhook hit. Token=8164448894:AAFbloa8DU6DxN8Jjo0nMYnP6bL33DzcBu4 Bookie=1
[2026-03-14 08:48:11] Input: {"update_id":896250938,
"callback_query":{"id":"7345608116031533076","from":{"id":8152733609,"is_bot":false,"first_name":"Vijay48","language_code":"en"},"message":{"message_id":474,"from":{"id":8164448894,"is_bot":true,"first_name":"Lbbot_01","username":"Gamerlb01bot"},"chat":{"id":8152733609,"first_name":"Vijay48","type":"private"},"date":1773478091,"text":"Please select the wallet you want to use for this $100 deposit:","reply_markup":{"inline_keyboard":[[{"text":"Wallet: venmo","callback_data":"DEPOSIT_METHOD_venmo"},{"text":"Wallet: paypal","callback_data":"DEPOSIT_METHOD_paypal"}]]}},"chat_instance":"-8022870131296560198","data":"DEPOSIT_METHOD_venmo"}}
[2026-03-14 08:48:11] Routing to handleCallback
[2026-03-14 08:48:25] Webhook hit. Token=8164448894:AAFbloa8DU6DxN8Jjo0nMYnP6bL33DzcBu4 Bookie=1
[2026-03-14 08:48:25] Input: {"update_id":896250939,
"message":{"message_id":476,"from":{"id":8152733609,"is_bot":false,"first_name":"Vijay48","language_code":"en"},"chat":{"id":8152733609,"first_name":"Vijay48","type":"private"},"date":1773478107,"photo":[{"file_id":"AgACAgUAAxkBAAO8abKDF5NGX1qu37nuAXEx-qii8cUAApQTaxunF5BVAAGXYXePvsPiAQADAgADcwADOgQ","file_unique_id":"AQADlBNrG6cXkFV4","file_size":1305,"width":64,"height":90},{"file_id":"AgACAgUAAxkBAAO8abKDF5NGX1qu37nuAXEx-qii8cUAApQTaxunF5BVAAGXYXePvsPiAQADAgADbQADOgQ","file_unique_id":"AQADlBNrG6cXkFVy","file_size":22527,"width":226,"height":320},{"file_id":"AgACAgUAAxkBAAO8abKDF5NGX1qu37nuAXEx-qii8cUAApQTaxunF5BVAAGXYXePvsPiAQADAgADeAADOgQ","file_unique_id":"AQADlBNrG6cXkFV9","file_size":91350,"width":566,"height":800},{"file_id":"AgACAgUAAxkBAAO8abKDF5NGX1qu37nuAXEx-qii8cUAApQTaxunF5BVAAGXYXePvsPiAQADAgADeQADOgQ","file_unique_id":"AQADlBNrG6cXkFV-","file_size":151613,"width":905,"height":1280}]}}
[2026-03-14 08:48:25] Routing to handleMessage
[2026-03-14 08:48:25] Processing handleMessage loop, text: 
[2026-03-14 08:48:36] Webhook hit. Token=8164448894:AAFbloa8DU6DxN8Jjo0nMYnP6bL33DzcBu4 Bookie=1
[2026-03-14 08:48:36] Input: {"update_id":896250940,
"message":{"message_id":479,"from":{"id":8152733609,"is_bot":false,"first_name":"Vijay48","language_code":"en"},"chat":{"id":8152733609,"first_name":"Vijay48","type":"private"},"date":1773478117,"photo":[{"file_id":"AgACAgUAAxkBAAPeabRZZoboKo-KSNH_rbPTRvr7ORAAAlwNaxtwAaFVU7ouQ2BK4DkBAAMCAANzAAM6BA","file_unique_id":"AQADXA1rG3ABoVV4","file_size":1984,"width":67,"height":90},{"file_id":"AgACAgUAAxkBAAPeabRZZoboKo-KSNH_rbPTRvr7ORAAAlwNaxtwAaFVU7ouQ2BK4DkBAAMCAANtAAM6BA","file_unique_id":"AQADXA1rG3ABoVVy","file_size":25224,"width":240,"height":320},{"file_id":"AgACAgUAAxkBAAPeabRZZoboKo-KSNH_rbPTRvr7ORAAAlwNaxtwAaFVU7ouQ2BK4DkBAAMCAAN4AAM6BA","file_unique_id":"AQADXA1rG3ABoVV9","file_size":84342,"width":600,"height":800},{"file_id":"AgACAgUAAxkBAAPeabRZZoboKo-KSNH_rbPTRvr7ORAAAlwNaxtwAaFVU7ouQ2BK4DkBAAMCAAN5AAM6BA","file_unique_id":"AQADXA1rG3ABoVV-","file_size":140345,"width":960,"height":1280}]}}
[2026-03-14 08:48:36] Routing to handleMessage
[2026-03-14 08:48:36] Processing handleMessage loop, text: 
[2026-03-14 09:26:48] Webhook hit. Token=8164448894:AAFbloa8DU6DxN8Jjo0nMYnP6bL33DzcBu4 Bookie=1
[2026-03-14 09:26:48] Input: {"update_id":896250941,
"callback_query":{"id":"8764701367613710944","from":{"id":6335658356,"is_bot":false,"first_name":"Alejandra","last_name":"Rosales","language_code":"en"},"message":{"message_id":73,"from":{"id":8164448894,"is_bot":true,"first_name":"Lbbot_01","username":"Gamerlb01bot"},"chat":{"id":6335658356,"first_name":"Alejandra","last_name":"Rosales","type":"private"},"date":1773126914,"text":"Welcome to Alejandra's bookie bot!","entities":[{"offset":11,"length":9,"type":"bold"}],"reply_markup":{"inline_keyboard":[[{"text":"\ud83d\udcb0 Deposit","callback_data":"DEPOSIT"}],[{"text":"\ud83c\udfe7 Withdraw","callback_data":"WITHDRAW"}]]}},"chat_instance":"4082085802790994207","data":"WITHDRAW"}}
[2026-03-14 09:26:48] Routing to handleCallback
[2026-03-14 14:50:07] Webhook hit. Token=8164448894:AAFbloa8DU6DxN8Jjo0nMYnP6bL33DzcBu4 Bookie=1
[2026-03-14 14:50:07] Input: {"update_id":896250942,
"message":{"message_id":483,"from":{"id":8596579399,"is_bot":false,"first_name":"Goga","last_name":"Lokhande","username":"Goga1708","language_code":"en"},"chat":{"id":8596579399,"first_name":"Goga","last_name":"Lokhande","username":"Goga1708","type":"private"},"date":1773499807,"text":"/start","entities":[{"offset":0,"length":6,"type":"bot_command"}]}}
[2026-03-14 14:50:07] Routing to handleMessage
[2026-03-14 14:50:07] Processing handleMessage loop, text: /start
[2026-03-14 14:50:08] Telegram response: Array
[2026-03-14 14:52:06] Webhook hit. Token=8164448894:AAFbloa8DU6DxN8Jjo0nMYnP6bL33DzcBu4 Bookie=1
[2026-03-14 14:52:06] Input: {"update_id":896250943,
"message":{"message_id":485,"from":{"id":8204776787,"is_bot":false,"first_name":"Rajani","username":"Rajani1708","language_code":"en"},"chat":{"id":8204776787,"first_name":"Rajani","username":"Rajani1708","type":"private"},"date":1773499926,"text":"/start","entities":[{"offset":0,"length":6,"type":"bot_command"}]}}
[2026-03-14 14:52:06] Routing to handleMessage
[2026-03-14 14:52:06] Processing handleMessage loop, text: /start
[2026-03-14 14:52:07] Telegram response: Array
[2026-03-14 14:52:08] Webhook hit. Token=8164448894:AAFbloa8DU6DxN8Jjo0nMYnP6bL33DzcBu4 Bookie=1
[2026-03-14 14:52:08] Input: {"update_id":896250944,
"callback_query":{"id":"7569131862134861955","from":{"id":8204776787,"is_bot":false,"first_name":"Rajani","username":"Rajani1708","language_code":"en"},"message":{"message_id":486,"from":{"id":8164448894,"is_bot":true,"first_name":"Lbbot_01","username":"Gamerlb01bot"},"chat":{"id":8204776787,"first_name":"Rajani","username":"Rajani1708","type":"private"},"date":1773499927,"text":"Welcome to Rajani's bookie bot!","entities":[{"offset":11,"length":6,"type":"bold"}],"reply_markup":{"inline_keyboard":[[{"text":"\ud83d\udcb0 Deposit","callback_data":"DEPOSIT"}],[{"text":"\ud83c\udfe7 Withdraw","callback_data":"WITHDRAW"}],[{"text":"\ud83d\udcca Balance","callback_data":"BALANCE"}]]}},"chat_instance":"6698031621898929507","data":"BALANCE"}}
[2026-03-14 14:52:08] Routing to handleCallback
[2026-03-14 14:52:38] Webhook hit. Token=8164448894:AAFbloa8DU6DxN8Jjo0nMYnP6bL33DzcBu4 Bookie=1
[2026-03-14 14:52:38] Input: {"update_id":896250945,
"message":{"message_id":487,"from":{"id":8152733609,"is_bot":false,"first_name":"Vijay48","language_code":"en"},"chat":{"id":8152733609,"first_name":"Vijay48","type":"private"},"date":1773499958,"text":"/start","entities":[{"offset":0,"length":6,"type":"bot_command"}]}}
[2026-03-14 14:52:38] Routing to handleMessage
[2026-03-14 14:52:38] Processing handleMessage loop, text: /start
[2026-03-14 14:52:39] Telegram response: Array
[2026-03-14 14:52:40] Webhook hit. Token=8164448894:AAFbloa8DU6DxN8Jjo0nMYnP6bL33DzcBu4 Bookie=1
[2026-03-14 14:52:40] Input: {"update_id":896250946,
"callback_query":{"id":"7345608115693149909","from":{"id":8152733609,"is_bot":false,"first_name":"Vijay48","language_code":"en"},"message":{"message_id":488,"from":{"id":8164448894,"is_bot":true,"first_name":"Lbbot_01","username":"Gamerlb01bot"},"chat":{"id":8152733609,"first_name":"Vijay48","type":"private"},"date":1773499959,"text":"Welcome to Vijay48's bookie bot!","entities":[{"offset":11,"length":7,"type":"bold"}],"reply_markup":{"inline_keyboard":[[{"text":"\ud83d\udcb0 Deposit","callback_data":"DEPOSIT"}],[{"text":"\ud83c\udfe7 Withdraw","callback_data":"WITHDRAW"}],[{"text":"\ud83d\udcca Balance","callback_data":"BALANCE"}]]}},"chat_instance":"-8022870131296560198","data":"BALANCE"}}
[2026-03-14 14:52:40] Routing to handleCallback
[2026-03-14 14:56:54] Webhook hit. Token=8164448894:AAFbloa8DU6DxN8Jjo0nMYnP6bL33DzcBu4 Bookie=1
[2026-03-14 14:56:54] Input: {"update_id":896250947,
"callback_query":{"id":"28539230975479285","from":{"id":8596579399,"is_bot":false,"first_name":"Goga","last_name":"Lokhande","username":"Goga1708","language_code":"en"},"message":{"message_id":484,"from":{"id":8164448894,"is_bot":true,"first_name":"Lbbot_01","username":"Gamerlb01bot"},"chat":{"id":8596579399,"first_name":"Goga","last_name":"Lokhande","username":"Goga1708","type":"private"},"date":1773499808,"text":"Welcome to Goga's bookie bot!","entities":[{"offset":11,"length":4,"type":"bold"}],"reply_markup":{"inline_keyboard":[[{"text":"\ud83d\udcb0 Deposit","callback_data":"DEPOSIT"}],[{"text":"\ud83c\udfe7 Withdraw","callback_data":"WITHDRAW"}],[{"text":"\ud83d\udcca Balance","callback_data":"BALANCE"}]]}},"chat_instance":"2599249049092060590","data":"BALANCE"}}
[2026-03-14 14:56:54] Routing to handleCallback
[2026-03-14 17:42:10] Webhook hit. Token=8164448894:AAFbloa8DU6DxN8Jjo0nMYnP6bL33DzcBu4 Bookie=1
[2026-03-14 17:42:10] Input: {"update_id":896250948,
"message":{"message_id":489,"from":{"id":6876259231,"is_bot":false,"first_name":"Big Rob - $KIMCHI on Doge","username":"capetillorob","language_code":"en"},"chat":{"id":6876259231,"first_name":"Big Rob - $KIMCHI on Doge","username":"capetillorob","type":"private"},"date":1773510129,"text":"/start","entities":[{"offset":0,"length":6,"type":"bot_command"}]}}
[2026-03-14 17:42:10] Routing to handleMessage
[2026-03-14 17:42:10] Processing handleMessage loop, text: /start
[2026-03-14 17:42:11] Telegram response: Array
[2026-03-14 17:42:14] Webhook hit. Token=8164448894:AAFbloa8DU6DxN8Jjo0nMYnP6bL33DzcBu4 Bookie=1
[2026-03-14 17:42:14] Input: {"update_id":896250949,
"callback_query":{"id":"1863192406699713217","from":{"id":6876259231,"is_bot":false,"first_name":"Big Rob - $KIMCHI on Doge","username":"capetillorob","language_code":"en"},"message":{"message_id":490,"from":{"id":8164448894,"is_bot":true,"first_name":"Lbbot_01","username":"Gamerlb01bot"},"chat":{"id":6876259231,"first_name":"Big Rob - $KIMCHI on Doge","username":"capetillorob","type":"private"},"date":1773510131,"text":"Welcome to Big Rob - $KIMCHI on Doge's bookie bot!","entities":[{"offset":11,"length":10,"type":"bold"},{"offset":21,"length":7,"type":"cashtag"},{"offset":21,"length":7,"type":"bold"},{"offset":28,"length":8,"type":"bold"}],"reply_markup":{"inline_keyboard":[[{"text":"\ud83d\udcb0 Deposit","callback_data":"DEPOSIT"}],[{"text":"\ud83c\udfe7 Withdraw","callback_data":"WITHDRAW"}],[{"text":"\ud83d\udcca Balance","callback_data":"BALANCE"}]]}},"chat_instance":"501308030367703006","data":"DEPOSIT"}}
[2026-03-14 17:42:14] Routing to handleCallback
[2026-03-14 17:42:20] Webhook hit. Token=8164448894:AAFbloa8DU6DxN8Jjo0nMYnP6bL33DzcBu4 Bookie=1
[2026-03-14 17:42:20] Input: {"update_id":896250950,
"message":{"message_id":492,"from":{"id":6876259231,"is_bot":false,"first_name":"Big Rob - $KIMCHI on Doge","username":"capetillorob","language_code":"en"},"chat":{"id":6876259231,"first_name":"Big Rob - $KIMCHI on Doge","username":"capetillorob","type":"private"},"date":1773510140,"text":"300"}}
[2026-03-14 17:42:20] Routing to handleMessage
[2026-03-14 17:42:20] Processing handleMessage loop, text: 300
[2026-03-14 17:42:24] Webhook hit. Token=8164448894:AAFbloa8DU6DxN8Jjo0nMYnP6bL33DzcBu4 Bookie=1
[2026-03-14 17:42:24] Input: {"update_id":896250951,
"callback_query":{"id":"1863192405580784581","from":{"id":6876259231,"is_bot":false,"first_name":"Big Rob - $KIMCHI on Doge","username":"capetillorob","language_code":"en"},"message":{"message_id":493,"from":{"id":8164448894,"is_bot":true,"first_name":"Lbbot_01","username":"Gamerlb01bot"},"chat":{"id":6876259231,"first_name":"Big Rob - $KIMCHI on Doge","username":"capetillorob","type":"private"},"date":1773510141,"text":"Please select the wallet you want to use for this $300 deposit:","reply_markup":{"inline_keyboard":[[{"text":"Wallet: venmo","callback_data":"DEPOSIT_METHOD_venmo"},{"text":"Wallet: paypal","callback_data":"DEPOSIT_METHOD_paypal"}]]}},"chat_instance":"501308030367703006","data":"DEPOSIT_METHOD_venmo"}}
[2026-03-14 17:42:24] Routing to handleCallback
[2026-03-14 17:42:58] Webhook hit. Token=8164448894:AAFbloa8DU6DxN8Jjo0nMYnP6bL33DzcBu4 Bookie=1
[2026-03-14 17:42:58] Input: {"update_id":896250952,
"message":{"message_id":495,"from":{"id":6876259231,"is_bot":false,"first_name":"Big Rob - $KIMCHI on Doge","username":"capetillorob","language_code":"en"},"chat":{"id":6876259231,"first_name":"Big Rob - $KIMCHI on Doge","username":"capetillorob","type":"private"},"date":1773510177,"photo":[{"file_id":"AgACAgEAAxkBAAIB72m1niECD47tVk84LnQvfuPVvR_bAAK_C2sb4RyoRflyxDNTyj9aAQADAgADcwADOgQ","file_unique_id":"AQADvwtrG-EcqEV4","file_size":1086,"width":42,"height":90},{"file_id":"AgACAgEAAxkBAAIB72m1niECD47tVk84LnQvfuPVvR_bAAK_C2sb4RyoRflyxDNTyj9aAQADAgADbQADOgQ","file_unique_id":"AQADvwtrG-EcqEVy","file_size":16943,"width":149,"height":320},{"file_id":"AgACAgEAAxkBAAIB72m1niECD47tVk84LnQvfuPVvR_bAAK_C2sb4RyoRflyxDNTyj9aAQADAgADeAADOgQ","file_unique_id":"AQADvwtrG-EcqEV9","file_size":75374,"width":373,"height":800},{"file_id":"AgACAgEAAxkBAAIB72m1niECD47tVk84LnQvfuPVvR_bAAK_C2sb4RyoRflyxDNTyj9aAQADAgADeQADOgQ","file_unique_id":"AQADvwtrG-EcqEV-","file_size":133439,"width":597,"height":1280}]}}
[2026-03-14 17:42:58] Routing to handleMessage
[2026-03-14 17:42:58] Processing handleMessage loop, text: 
[2026-03-14 17:46:00] Webhook hit. Token=8164448894:AAFbloa8DU6DxN8Jjo0nMYnP6bL33DzcBu4 Bookie=1
[2026-03-14 17:46:00] Input: {"update_id":896250953,
"message":{"message_id":498,"from":{"id":6876259231,"is_bot":false,"first_name":"Big Rob - $KIMCHI on Doge","username":"capetillorob","language_code":"en"},"chat":{"id":6876259231,"first_name":"Big Rob - $KIMCHI on Doge","username":"capetillorob","type":"private"},"date":1773510360,"text":"/start","entities":[{"offset":0,"length":6,"type":"bot_command"}]}}
[2026-03-14 17:46:00] Routing to handleMessage
[2026-03-14 17:46:00] Processing handleMessage loop, text: /start
[2026-03-14 17:46:01] Telegram response: Array
[2026-03-14 17:46:05] Webhook hit. Token=8164448894:AAFbloa8DU6DxN8Jjo0nMYnP6bL33DzcBu4 Bookie=1
[2026-03-14 17:46:05] Input: {"update_id":896250954,
"callback_query":{"id":"1863192409652257400","from":{"id":6876259231,"is_bot":false,"first_name":"Big Rob - $KIMCHI on Doge","username":"capetillorob","language_code":"en"},"message":{"message_id":499,"from":{"id":8164448894,"is_bot":true,"first_name":"Lbbot_01","username":"Gamerlb01bot"},"chat":{"id":6876259231,"first_name":"Big Rob - $KIMCHI on Doge","username":"capetillorob","type":"private"},"date":1773510361,"text":"Welcome to Big Rob - $KIMCHI on Doge's bookie bot!","entities":[{"offset":11,"length":10,"type":"bold"},{"offset":21,"length":7,"type":"cashtag"},{"offset":21,"length":7,"type":"bold"},{"offset":28,"length":8,"type":"bold"}],"reply_markup":{"inline_keyboard":[[{"text":"\ud83d\udcb0 Deposit","callback_data":"DEPOSIT"}],[{"text":"\ud83c\udfe7 Withdraw","callback_data":"WITHDRAW"}],[{"text":"\ud83d\udcca Balance","callback_data":"BALANCE"}]]}},"chat_instance":"501308030367703006","data":"BALANCE"}}
[2026-03-14 17:46:05] Routing to handleCallback
[2026-03-14 17:46:25] Webhook hit. Token=8164448894:AAFbloa8DU6DxN8Jjo0nMYnP6bL33DzcBu4 Bookie=1
[2026-03-14 17:46:25] Input: {"update_id":896250955,
"message":{"message_id":500,"from":{"id":8204776787,"is_bot":false,"first_name":"Rajani","username":"Rajani1708","language_code":"en"},"chat":{"id":8204776787,"first_name":"Rajani","username":"Rajani1708","type":"private"},"date":1773510385,"text":"/start","entities":[{"offset":0,"length":6,"type":"bot_command"}]}}
[2026-03-14 17:46:25] Routing to handleMessage
[2026-03-14 17:46:25] Processing handleMessage loop, text: /start
[2026-03-14 17:46:26] Telegram response: Array
[2026-03-14 17:46:27] Webhook hit. Token=8164448894:AAFbloa8DU6DxN8Jjo0nMYnP6bL33DzcBu4 Bookie=1
[2026-03-14 17:46:27] Input: {"update_id":896250956,
"callback_query":{"id":"7569131862475435873","from":{"id":8204776787,"is_bot":false,"first_name":"Rajani","username":"Rajani1708","language_code":"en"},"message":{"message_id":501,"from":{"id":8164448894,"is_bot":true,"first_name":"Lbbot_01","username":"Gamerlb01bot"},"chat":{"id":8204776787,"first_name":"Rajani","username":"Rajani1708","type":"private"},"date":1773510386,"text":"Welcome to Rajani's bookie bot!","entities":[{"offset":11,"length":6,"type":"bold"}],"reply_markup":{"inline_keyboard":[[{"text":"\ud83d\udcb0 Deposit","callback_data":"DEPOSIT"}],[{"text":"\ud83c\udfe7 Withdraw","callback_data":"WITHDRAW"}],[{"text":"\ud83d\udcca Balance","callback_data":"BALANCE"}]]}},"chat_instance":"6698031621898929507","data":"WITHDRAW"}}
[2026-03-14 17:46:27] Routing to handleCallback
[2026-03-14 17:46:35] Webhook hit. Token=8164448894:AAFbloa8DU6DxN8Jjo0nMYnP6bL33DzcBu4 Bookie=1
[2026-03-14 17:46:35] Input: {"update_id":896250957,
"message":{"message_id":503,"from":{"id":8204776787,"is_bot":false,"first_name":"Rajani","username":"Rajani1708","language_code":"en"},"chat":{"id":8204776787,"first_name":"Rajani","username":"Rajani1708","type":"private"},"date":1773510395,"text":"100"}}
[2026-03-14 17:46:35] Routing to handleMessage
[2026-03-14 17:46:35] Processing handleMessage loop, text: 100
[2026-03-14 17:46:37] Webhook hit. Token=8164448894:AAFbloa8DU6DxN8Jjo0nMYnP6bL33DzcBu4 Bookie=1
[2026-03-14 17:46:37] Input: {"update_id":896250958,
"callback_query":{"id":"7569131861764964788","from":{"id":8204776787,"is_bot":false,"first_name":"Rajani","username":"Rajani1708","language_code":"en"},"message":{"message_id":504,"from":{"id":8164448894,"is_bot":true,"first_name":"Lbbot_01","username":"Gamerlb01bot"},"chat":{"id":8204776787,"first_name":"Rajani","username":"Rajani1708","type":"private"},"date":1773510395,"text":"Please select a payout method to receive your $100:","reply_markup":{"inline_keyboard":[[{"text":"venmo","callback_data":"SET_METHOD_NAME_venmo"},{"text":"paypal","callback_data":"SET_METHOD_NAME_paypal"}],[{"text":"\u2795 Other Method","callback_data":"ADD_PAYOUT_METHOD"}]]}},"chat_instance":"6698031621898929507","data":"SET_METHOD_NAME_venmo"}}
[2026-03-14 17:46:37] Routing to handleCallback
[2026-03-14 17:46:55] Webhook hit. Token=8164448894:AAFbloa8DU6DxN8Jjo0nMYnP6bL33DzcBu4 Bookie=1
[2026-03-14 17:46:55] Input: {"update_id":896250959,
"message":{"message_id":506,"from":{"id":8204776787,"is_bot":false,"first_name":"Rajani","username":"Rajani1708","language_code":"en"},"chat":{"id":8204776787,"first_name":"Rajani","username":"Rajani1708","type":"private"},"date":1773510414,"text":"$rajani58"}}
[2026-03-14 17:46:55] Routing to handleMessage
[2026-03-14 17:46:55] Processing handleMessage loop, text: $rajani58
[2026-03-14 17:47:32] Webhook hit. Token=8164448894:AAFbloa8DU6DxN8Jjo0nMYnP6bL33DzcBu4 Bookie=1
[2026-03-14 17:47:32] Input: {"update_id":896250960,
"message":{"message_id":509,"from":{"id":6876259231,"is_bot":false,"first_name":"Big Rob - $KIMCHI on Doge","username":"capetillorob","language_code":"en"},"chat":{"id":6876259231,"first_name":"Big Rob - $KIMCHI on Doge","username":"capetillorob","type":"private"},"date":1773510452,"text":"/start","entities":[{"offset":0,"length":6,"type":"bot_command"}]}}
[2026-03-14 17:47:32] Routing to handleMessage
[2026-03-14 17:47:32] Processing handleMessage loop, text: /start
[2026-03-14 17:47:34] Telegram response: Array
[2026-03-14 17:47:34] Webhook hit. Token=8164448894:AAFbloa8DU6DxN8Jjo0nMYnP6bL33DzcBu4 Bookie=1
[2026-03-14 17:47:34] Input: {"update_id":896250961,
"callback_query":{"id":"1863192409588533987","from":{"id":6876259231,"is_bot":false,"first_name":"Big Rob - $KIMCHI on Doge","username":"capetillorob","language_code":"en"},"message":{"message_id":510,"from":{"id":8164448894,"is_bot":true,"first_name":"Lbbot_01","username":"Gamerlb01bot"},"chat":{"id":6876259231,"first_name":"Big Rob - $KIMCHI on Doge","username":"capetillorob","type":"private"},"date":1773510453,"text":"Welcome to Big Rob - $KIMCHI on Doge's bookie bot!","entities":[{"offset":11,"length":10,"type":"bold"},{"offset":21,"length":7,"type":"cashtag"},{"offset":21,"length":7,"type":"bold"},{"offset":28,"length":8,"type":"bold"}],"reply_markup":{"inline_keyboard":[[{"text":"\ud83d\udcb0 Deposit","callback_data":"DEPOSIT"}],[{"text":"\ud83c\udfe7 Withdraw","callback_data":"WITHDRAW"}],[{"text":"\ud83d\udcca Balance","callback_data":"BALANCE"}]]}},"chat_instance":"501308030367703006","data":"DEPOSIT"}}
[2026-03-14 17:47:35] Routing to handleCallback
[2026-03-14 17:47:41] Webhook hit. Token=8164448894:AAFbloa8DU6DxN8Jjo0nMYnP6bL33DzcBu4 Bookie=1
[2026-03-14 17:47:41] Input: {"update_id":896250962,
"message":{"message_id":512,"from":{"id":6876259231,"is_bot":false,"first_name":"Big Rob - $KIMCHI on Doge","username":"capetillorob","language_code":"en"},"chat":{"id":6876259231,"first_name":"Big Rob - $KIMCHI on Doge","username":"capetillorob","type":"private"},"date":1773510461,"text":"200"}}
[2026-03-14 17:47:41] Routing to handleMessage
[2026-03-14 17:47:41] Processing handleMessage loop, text: 200
[2026-03-14 17:47:44] Webhook hit. Token=8164448894:AAFbloa8DU6DxN8Jjo0nMYnP6bL33DzcBu4 Bookie=1
[2026-03-14 17:47:44] Input: {"update_id":896250963,
"callback_query":{"id":"1863192407324616424","from":{"id":6876259231,"is_bot":false,"first_name":"Big Rob - $KIMCHI on Doge","username":"capetillorob","language_code":"en"},"message":{"message_id":513,"from":{"id":8164448894,"is_bot":true,"first_name":"Lbbot_01","username":"Gamerlb01bot"},"chat":{"id":6876259231,"first_name":"Big Rob - $KIMCHI on Doge","username":"capetillorob","type":"private"},"date":1773510461,"text":"Please select the wallet you want to use for this $200 deposit:","reply_markup":{"inline_keyboard":[[{"text":"Wallet: venmo","callback_data":"DEPOSIT_METHOD_venmo"},{"text":"Wallet: paypal","callback_data":"DEPOSIT_METHOD_paypal"}]]}},"chat_instance":"501308030367703006","data":"DEPOSIT_METHOD_venmo"}}
[2026-03-14 17:47:44] Routing to handleCallback
[2026-03-14 17:48:11] Webhook hit. Token=8164448894:AAFbloa8DU6DxN8Jjo0nMYnP6bL33DzcBu4 Bookie=1
[2026-03-14 17:48:11] Input: {"update_id":896250964,
"message":{"message_id":515,"from":{"id":6876259231,"is_bot":false,"first_name":"Big Rob - $KIMCHI on Doge","username":"capetillorob","language_code":"en"},"chat":{"id":6876259231,"first_name":"Big Rob - $KIMCHI on Doge","username":"capetillorob","type":"private"},"date":1773510491,"photo":[{"file_id":"AgACAgEAAxkBAAICA2m1n1vmK1iS_5wEAZ2SZSOF66dDAALAC2sb4RyoRXFy809lLzxBAQADAgADcwADOgQ","file_unique_id":"AQADwAtrG-EcqEV4","file_size":2067,"width":90,"height":90},{"file_id":"AgACAgEAAxkBAAICA2m1n1vmK1iS_5wEAZ2SZSOF66dDAALAC2sb4RyoRXFy809lLzxBAQADAgADbQADOgQ","file_unique_id":"AQADwAtrG-EcqEVy","file_size":29510,"width":320,"height":320},{"file_id":"AgACAgEAAxkBAAICA2m1n1vmK1iS_5wEAZ2SZSOF66dDAALAC2sb4RyoRXFy809lLzxBAQADAgADeAADOgQ","file_unique_id":"AQADwAtrG-EcqEV9","file_size":70293,"width":571,"height":571}]}}
[2026-03-14 17:48:11] Routing to handleMessage
[2026-03-14 17:48:11] Processing handleMessage loop, text: 
[2026-03-14 17:48:23] Webhook hit. Token=8164448894:AAFbloa8DU6DxN8Jjo0nMYnP6bL33DzcBu4 Bookie=1
[2026-03-14 17:48:23] Input: {"update_id":896250965,
"message":{"message_id":518,"from":{"id":6876259231,"is_bot":false,"first_name":"Big Rob - $KIMCHI on Doge","username":"capetillorob","language_code":"en"},"chat":{"id":6876259231,"first_name":"Big Rob - $KIMCHI on Doge","username":"capetillorob","type":"private"},"date":1773510503,"photo":[{"file_id":"AgACAgEAAxkBAAICA2m1n1vmK1iS_5wEAZ2SZSOF66dDAALAC2sb4RyoRXFy809lLzxBAQADAgADcwADOgQ","file_unique_id":"AQADwAtrG-EcqEV4","file_size":2067,"width":90,"height":90},{"file_id":"AgACAgEAAxkBAAICA2m1n1vmK1iS_5wEAZ2SZSOF66dDAALAC2sb4RyoRXFy809lLzxBAQADAgADbQADOgQ","file_unique_id":"AQADwAtrG-EcqEVy","file_size":29510,"width":320,"height":320},{"file_id":"AgACAgEAAxkBAAICA2m1n1vmK1iS_5wEAZ2SZSOF66dDAALAC2sb4RyoRXFy809lLzxBAQADAgADeAADOgQ","file_unique_id":"AQADwAtrG-EcqEV9","file_size":70293,"width":571,"height":571}]}}
[2026-03-14 17:48:23] Routing to handleMessage
[2026-03-14 17:48:23] Processing handleMessage loop, text: 
[2026-03-14 17:48:37] Webhook hit. Token=8164448894:AAFbloa8DU6DxN8Jjo0nMYnP6bL33DzcBu4 Bookie=1
[2026-03-14 17:48:37] Input: {"update_id":896250966,
"message":{"message_id":521,"from":{"id":6876259231,"is_bot":false,"first_name":"Big Rob - $KIMCHI on Doge","username":"capetillorob","language_code":"en"},"chat":{"id":6876259231,"first_name":"Big Rob - $KIMCHI on Doge","username":"capetillorob","type":"private"},"date":1773510517,"text":"/start","entities":[{"offset":0,"length":6,"type":"bot_command"}]}}
[2026-03-14 17:48:37] Routing to handleMessage
[2026-03-14 17:48:37] Processing handleMessage loop, text: /start
[2026-03-14 17:48:38] Telegram response: Array
[2026-03-14 17:48:40] Webhook hit. Token=8164448894:AAFbloa8DU6DxN8Jjo0nMYnP6bL33DzcBu4 Bookie=1
[2026-03-14 17:48:40] Input: {"update_id":896250967,
"callback_query":{"id":"1863192405637389904","from":{"id":6876259231,"is_bot":false,"first_name":"Big Rob - $KIMCHI on Doge","username":"capetillorob","language_code":"en"},"message":{"message_id":522,"from":{"id":8164448894,"is_bot":true,"first_name":"Lbbot_01","username":"Gamerlb01bot"},"chat":{"id":6876259231,"first_name":"Big Rob - $KIMCHI on Doge","username":"capetillorob","type":"private"},"date":1773510518,"text":"Welcome to Big Rob - $KIMCHI on Doge's bookie bot!","entities":[{"offset":11,"length":10,"type":"bold"},{"offset":21,"length":7,"type":"cashtag"},{"offset":21,"length":7,"type":"bold"},{"offset":28,"length":8,"type":"bold"}],"reply_markup":{"inline_keyboard":[[{"text":"\ud83d\udcb0 Deposit","callback_data":"DEPOSIT"}],[{"text":"\ud83c\udfe7 Withdraw","callback_data":"WITHDRAW"}],[{"text":"\ud83d\udcca Balance","callback_data":"BALANCE"}]]}},"chat_instance":"501308030367703006","data":"BALANCE"}}
[2026-03-14 17:48:40] Routing to handleCallback
[2026-03-14 17:51:04] Webhook hit. Token=8164448894:AAFbloa8DU6DxN8Jjo0nMYnP6bL33DzcBu4 Bookie=1
[2026-03-14 17:51:04] Input: {"update_id":896250968,
"message":{"message_id":523,"from":{"id":6876259231,"is_bot":false,"first_name":"Big Rob - $KIMCHI on Doge","username":"capetillorob","language_code":"en"},"chat":{"id":6876259231,"first_name":"Big Rob - $KIMCHI on Doge","username":"capetillorob","type":"private"},"date":1773510664,"text":"/start","entities":[{"offset":0,"length":6,"type":"bot_command"}]}}
[2026-03-14 17:51:04] Routing to handleMessage
[2026-03-14 17:51:04] Processing handleMessage loop, text: /start
[2026-03-14 17:51:05] Telegram response: Array
[2026-03-14 17:51:06] Webhook hit. Token=8164448894:AAFbloa8DU6DxN8Jjo0nMYnP6bL33DzcBu4 Bookie=1
[2026-03-14 17:51:06] Input: {"update_id":896250969,
"callback_query":{"id":"1863192409607949160","from":{"id":6876259231,"is_bot":false,"first_name":"Big Rob - $KIMCHI on Doge","username":"capetillorob","language_code":"en"},"message":{"message_id":524,"from":{"id":8164448894,"is_bot":true,"first_name":"Lbbot_01","username":"Gamerlb01bot"},"chat":{"id":6876259231,"first_name":"Big Rob - $KIMCHI on Doge","username":"capetillorob","type":"private"},"date":1773510665,"text":"Welcome to Big Rob - $KIMCHI on Doge's bookie bot!","entities":[{"offset":11,"length":10,"type":"bold"},{"offset":21,"length":7,"type":"cashtag"},{"offset":21,"length":7,"type":"bold"},{"offset":28,"length":8,"type":"bold"}],"reply_markup":{"inline_keyboard":[[{"text":"\ud83d\udcb0 Deposit","callback_data":"DEPOSIT"}],[{"text":"\ud83c\udfe7 Withdraw","callback_data":"WITHDRAW"}],[{"text":"\ud83d\udcca Balance","callback_data":"BALANCE"}]]}},"chat_instance":"501308030367703006","data":"WITHDRAW"}}
[2026-03-14 17:51:06] Routing to handleCallback
[2026-03-14 17:51:13] Webhook hit. Token=8164448894:AAFbloa8DU6DxN8Jjo0nMYnP6bL33DzcBu4 Bookie=1
[2026-03-14 17:51:13] Input: {"update_id":896250970,
"message":{"message_id":526,"from":{"id":6876259231,"is_bot":false,"first_name":"Big Rob - $KIMCHI on Doge","username":"capetillorob","language_code":"en"},"chat":{"id":6876259231,"first_name":"Big Rob - $KIMCHI on Doge","username":"capetillorob","type":"private"},"date":1773510673,"text":"200"}}
[2026-03-14 17:51:13] Routing to handleMessage
[2026-03-14 17:51:13] Processing handleMessage loop, text: 200
[2026-03-14 17:51:16] Webhook hit. Token=8164448894:AAFbloa8DU6DxN8Jjo0nMYnP6bL33DzcBu4 Bookie=1
[2026-03-14 17:51:16] Input: {"update_id":896250971,
"callback_query":{"id":"1863192409009235446","from":{"id":6876259231,"is_bot":false,"first_name":"Big Rob - $KIMCHI on Doge","username":"capetillorob","language_code":"en"},"message":{"message_id":527,"from":{"id":8164448894,"is_bot":true,"first_name":"Lbbot_01","username":"Gamerlb01bot"},"chat":{"id":6876259231,"first_name":"Big Rob - $KIMCHI on Doge","username":"capetillorob","type":"private"},"date":1773510674,"text":"Please select a payout method to receive your $200:","reply_markup":{"inline_keyboard":[[{"text":"venmo","callback_data":"SET_METHOD_NAME_venmo"},{"text":"paypal","callback_data":"SET_METHOD_NAME_paypal"}],[{"text":"\u2795 Other Method","callback_data":"ADD_PAYOUT_METHOD"}]]}},"chat_instance":"501308030367703006","data":"SET_METHOD_NAME_venmo"}}
[2026-03-14 17:51:16] Routing to handleCallback
[2026-03-14 17:51:54] Webhook hit. Token=8164448894:AAFbloa8DU6DxN8Jjo0nMYnP6bL33DzcBu4 Bookie=1
[2026-03-14 17:51:54] Input: {"update_id":896250972,
"message":{"message_id":529,"from":{"id":6876259231,"is_bot":false,"first_name":"Big Rob - $KIMCHI on Doge","username":"capetillorob","language_code":"en"},"chat":{"id":6876259231,"first_name":"Big Rob - $KIMCHI on Doge","username":"capetillorob","type":"private"},"date":1773510714,"text":"@Robert","entities":[{"offset":0,"length":7,"type":"mention"}]}}
[2026-03-14 17:51:54] Routing to handleMessage
[2026-03-14 17:51:54] Processing handleMessage loop, text: @Robert
[2026-03-14 17:52:05] Webhook hit. Token=8164448894:AAFbloa8DU6DxN8Jjo0nMYnP6bL33DzcBu4 Bookie=1
[2026-03-14 17:52:05] Input: {"update_id":896250973,
"message":{"message_id":532,"from":{"id":6876259231,"is_bot":false,"first_name":"Big Rob - $KIMCHI on Doge","username":"capetillorob","language_code":"en"},"chat":{"id":6876259231,"first_name":"Big Rob - $KIMCHI on Doge","username":"capetillorob","type":"private"},"date":1773510725,"text":"/start","entities":[{"offset":0,"length":6,"type":"bot_command"}]}}
[2026-03-14 17:52:05] Routing to handleMessage
[2026-03-14 17:52:05] Processing handleMessage loop, text: /start
[2026-03-14 17:52:06] Telegram response: Array
[2026-03-14 17:52:07] Webhook hit. Token=8164448894:AAFbloa8DU6DxN8Jjo0nMYnP6bL33DzcBu4 Bookie=1
[2026-03-14 17:52:07] Input: {"update_id":896250974,
"callback_query":{"id":"1863192408381593202","from":{"id":6876259231,"is_bot":false,"first_name":"Big Rob - $KIMCHI on Doge","username":"capetillorob","language_code":"en"},"message":{"message_id":533,"from":{"id":8164448894,"is_bot":true,"first_name":"Lbbot_01","username":"Gamerlb01bot"},"chat":{"id":6876259231,"first_name":"Big Rob - $KIMCHI on Doge","username":"capetillorob","type":"private"},"date":1773510726,"text":"Welcome to Big Rob - $KIMCHI on Doge's bookie bot!","entities":[{"offset":11,"length":10,"type":"bold"},{"offset":21,"length":7,"type":"cashtag"},{"offset":21,"length":7,"type":"bold"},{"offset":28,"length":8,"type":"bold"}],"reply_markup":{"inline_keyboard":[[{"text":"\ud83d\udcb0 Deposit","callback_data":"DEPOSIT"}],[{"text":"\ud83c\udfe7 Withdraw","callback_data":"WITHDRAW"}],[{"text":"\ud83d\udcca Balance","callback_data":"BALANCE"}]]}},"chat_instance":"501308030367703006","data":"BALANCE"}}
[2026-03-14 17:52:07] Routing to handleCallback
[2026-03-14 17:52:26] Webhook hit. Token=8164448894:AAFbloa8DU6DxN8Jjo0nMYnP6bL33DzcBu4 Bookie=1
[2026-03-14 17:52:26] Input: {"update_id":896250975,
"message":{"message_id":534,"from":{"id":8152733609,"is_bot":false,"first_name":"Vijay48","language_code":"en"},"chat":{"id":8152733609,"first_name":"Vijay48","type":"private"},"date":1773510745,"text":"/start","entities":[{"offset":0,"length":6,"type":"bot_command"}]}}
[2026-03-14 17:52:26] Routing to handleMessage
[2026-03-14 17:52:26] Processing handleMessage loop, text: /start
[2026-03-14 17:52:27] Telegram response: Array
[2026-03-14 17:52:30] Webhook hit. Token=8164448894:AAFbloa8DU6DxN8Jjo0nMYnP6bL33DzcBu4 Bookie=1
[2026-03-14 17:52:30] Input: {"update_id":896250976,
"callback_query":{"id":"7345608116576458885","from":{"id":8152733609,"is_bot":false,"first_name":"Vijay48","language_code":"en"},"message":{"message_id":535,"from":{"id":8164448894,"is_bot":true,"first_name":"Lbbot_01","username":"Gamerlb01bot"},"chat":{"id":8152733609,"first_name":"Vijay48","type":"private"},"date":1773510747,"text":"Welcome to Vijay48's bookie bot!","entities":[{"offset":11,"length":7,"type":"bold"}],"reply_markup":{"inline_keyboard":[[{"text":"\ud83d\udcb0 Deposit","callback_data":"DEPOSIT"}],[{"text":"\ud83c\udfe7 Withdraw","callback_data":"WITHDRAW"}],[{"text":"\ud83d\udcca Balance","callback_data":"BALANCE"}]]}},"chat_instance":"-8022870131296560198","data":"DEPOSIT"}}
[2026-03-14 17:52:30] Routing to handleCallback
[2026-03-14 17:52:36] Webhook hit. Token=8164448894:AAFbloa8DU6DxN8Jjo0nMYnP6bL33DzcBu4 Bookie=1
[2026-03-14 17:52:36] Input: {"update_id":896250977,
"message":{"message_id":537,"from":{"id":8152733609,"is_bot":false,"first_name":"Vijay48","language_code":"en"},"chat":{"id":8152733609,"first_name":"Vijay48","type":"private"},"date":1773510756,"text":"250"}}
[2026-03-14 17:52:36] Routing to handleMessage
[2026-03-14 17:52:36] Processing handleMessage loop, text: 250
[2026-03-14 17:52:39] Webhook hit. Token=8164448894:AAFbloa8DU6DxN8Jjo0nMYnP6bL33DzcBu4 Bookie=1
[2026-03-14 17:52:39] Input: {"update_id":896250978,
"callback_query":{"id":"7345608113425799395","from":{"id":8152733609,"is_bot":false,"first_name":"Vijay48","language_code":"en"},"message":{"message_id":538,"from":{"id":8164448894,"is_bot":true,"first_name":"Lbbot_01","username":"Gamerlb01bot"},"chat":{"id":8152733609,"first_name":"Vijay48","type":"private"},"date":1773510757,"text":"Please select the wallet you want to use for this $250 deposit:","reply_markup":{"inline_keyboard":[[{"text":"Wallet: venmo","callback_data":"DEPOSIT_METHOD_venmo"},{"text":"Wallet: paypal","callback_data":"DEPOSIT_METHOD_paypal"}]]}},"chat_instance":"-8022870131296560198","data":"DEPOSIT_METHOD_venmo"}}
[2026-03-14 17:52:39] Routing to handleCallback
[2026-03-14 17:53:08] Webhook hit. Token=8164448894:AAFbloa8DU6DxN8Jjo0nMYnP6bL33DzcBu4 Bookie=1
[2026-03-14 17:53:08] Input: {"update_id":896250979,
"message":{"message_id":540,"from":{"id":8152733609,"is_bot":false,"first_name":"Vijay48","language_code":"en"},"chat":{"id":8152733609,"first_name":"Vijay48","type":"private"},"date":1773510788,"photo":[{"file_id":"AgACAgUAAxkBAAICHGm1oIQidxWwzYI6hraUg5OA4jLHAALFDWsbEfSxVQWYp-fkLkGXAQADAgADcwADOgQ","file_unique_id":"AQADxQ1rGxH0sVV4","file_size":731,"width":49,"height":90},{"file_id":"AgACAgUAAxkBAAICHGm1oIQidxWwzYI6hraUg5OA4jLHAALFDWsbEfSxVQWYp-fkLkGXAQADAgADbQADOgQ","file_unique_id":"AQADxQ1rGxH0sVVy","file_size":6840,"width":176,"height":320},{"file_id":"AgACAgUAAxkBAAICHGm1oIQidxWwzYI6hraUg5OA4jLHAALFDWsbEfSxVQWYp-fkLkGXAQADAgADeAADOgQ","file_unique_id":"AQADxQ1rGxH0sVV9","file_size":23029,"width":439,"height":800},{"file_id":"AgACAgUAAxkBAAICHGm1oIQidxWwzYI6hraUg5OA4jLHAALFDWsbEfSxVQWYp-fkLkGXAQADAgADeQADOgQ","file_unique_id":"AQADxQ1rGxH0sVV-","file_size":33738,"width":703,"height":1280}]}}
[2026-03-14 17:53:08] Routing to handleMessage
[2026-03-14 17:53:08] Processing handleMessage loop, text: 
[2026-03-14 17:53:25] Webhook hit. Token=8164448894:AAFbloa8DU6DxN8Jjo0nMYnP6bL33DzcBu4 Bookie=1
[2026-03-14 17:53:25] Input: {"update_id":896250980,
"message":{"message_id":543,"from":{"id":8152733609,"is_bot":false,"first_name":"Vijay48","language_code":"en"},"chat":{"id":8152733609,"first_name":"Vijay48","type":"private"},"date":1773510804,"photo":[{"file_id":"AgACAgUAAxkBAAO5abKCzRTrfkqfbLS5sdHWbgmKkhcAApATaxunF5BVMUdljEgwkEQBAAMCAANzAAM6BA","file_unique_id":"AQADkBNrG6cXkFV4","file_size":2071,"width":90,"height":85},{"file_id":"AgACAgUAAxkBAAO5abKCzRTrfkqfbLS5sdHWbgmKkhcAApATaxunF5BVMUdljEgwkEQBAAMCAANtAAM6BA","file_unique_id":"AQADkBNrG6cXkFVy","file_size":51102,"width":320,"height":303},{"file_id":"AgACAgUAAxkBAAO5abKCzRTrfkqfbLS5sdHWbgmKkhcAApATaxunF5BVMUdljEgwkEQBAAMCAAN4AAM6BA","file_unique_id":"AQADkBNrG6cXkFV9","file_size":273393,"width":800,"height":757},{"file_id":"AgACAgUAAxkBAAO5abKCzRTrfkqfbLS5sdHWbgmKkhcAApATaxunF5BVMUdljEgwkEQBAAMCAAN5AAM6BA","file_unique_id":"AQADkBNrG6cXkFV-","file_size":486562,"width":1280,"height":1212}]}}
[2026-03-14 17:53:25] Routing to handleMessage
[2026-03-14 17:53:25] Processing handleMessage loop, text: 
[2026-03-14 17:53:46] Webhook hit. Token=8164448894:AAFbloa8DU6DxN8Jjo0nMYnP6bL33DzcBu4 Bookie=1
[2026-03-14 17:53:46] Input: {"update_id":896250981,
"callback_query":{"id":"1863192406763573583","from":{"id":6876259231,"is_bot":false,"first_name":"Big Rob - $KIMCHI on Doge","username":"capetillorob","language_code":"en"},"message":{"message_id":541,"from":{"id":8164448894,"is_bot":true,"first_name":"Lbbot_01","username":"Gamerlb01bot"},"chat":{"id":6876259231,"first_name":"Big Rob - $KIMCHI on Doge","username":"capetillorob","type":"private"},"date":1773510789,"photo":[{"file_id":"AgACAgUAAxkBAAICHGm1oIQidxWwzYI6hraUg5OA4jLHAALFDWsbEfSxVQWYp-fkLkGXAQADAgADcwADOgQ","file_unique_id":"AQADxQ1rGxH0sVV4","file_size":731,"width":49,"height":90},{"file_id":"AgACAgUAAxkBAAICHGm1oIQidxWwzYI6hraUg5OA4jLHAALFDWsbEfSxVQWYp-fkLkGXAQADAgADbQADOgQ","file_unique_id":"AQADxQ1rGxH0sVVy","file_size":6840,"width":176,"height":320},{"file_id":"AgACAgUAAxkBAAICHGm1oIQidxWwzYI6hraUg5OA4jLHAALFDWsbEfSxVQWYp-fkLkGXAQADAgADeAADOgQ","file_unique_id":"AQADxQ1rGxH0sVV9","file_size":23029,"width":439,"height":800},{"file_id":"AgACAgUAAxkBAAICHGm1oIQidxWwzYI6hraUg5OA4jLHAALFDWsbEfSxVQWYp-fkLkGXAQADAgADeQADOgQ","file_unique_id":"AQADxQ1rGxH0sVV-","file_size":33738,"width":703,"height":1280}],"caption":"\ud83d\udcb0 Withdrawal Credited\n\nPlayer Vijay48 has sent $200.00 toward your withdrawal request.\nThis amount has been deposited into your account.\n\nThis payment: $200.00\nTotal requested: $200.00\nPaid so far: $200.00 of $200.00\nRemaining: $0.00\n\nPayment method: venmo\nReference: WD-5 / PART-9\n\nPlease wait at least 10 minutes before pressing 'Didn't Receive' as notifications and transfers can sometimes take a few minutes to process.\n\nReceipt attached below.","caption_entities":[{"offset":0,"length":22,"type":"bold"},{"offset":31,"length":7,"type":"bold"},{"offset":48,"length":7,"type":"bold"},{"offset":109,"length":27,"type":"bold"},{"offset":153,"length":7,"type":"bold"},{"offset":178,"length":7,"type":"bold"},{"offset":199,"length":7,"type":"bold"},{"offset":229,"length":5,"type":"bold"},{"offset":284,"length":140,"type":"italic"}],"reply_markup":{"inline_keyboard":[[{"text":"\ud83d\udea8 Didn't Receive","callback_data":"DISPUTE_SPLIT_9"}]]}},"chat_instance":"501308030367703006","data":"DISPUTE_SPLIT_9"}}
[2026-03-14 17:53:46] Routing to handleCallback
[2026-03-14 17:54:13] Webhook hit. Token=8164448894:AAFbloa8DU6DxN8Jjo0nMYnP6bL33DzcBu4 Bookie=1
[2026-03-14 17:54:13] Input: {"update_id":896250982,
"message":{"message_id":549,"from":{"id":6876259231,"is_bot":false,"first_name":"Big Rob - $KIMCHI on Doge","username":"capetillorob","language_code":"en"},"chat":{"id":6876259231,"first_name":"Big Rob - $KIMCHI on Doge","username":"capetillorob","type":"private"},"date":1773510853,"text":"/balance","entities":[{"offset":0,"length":8,"type":"bot_command"}]}}
[2026-03-14 17:54:13] Routing to handleMessage
[2026-03-14 17:54:13] Processing handleMessage loop, text: /balance
[2026-03-14 17:55:22] Webhook hit. Token=8164448894:AAFbloa8DU6DxN8Jjo0nMYnP6bL33DzcBu4 Bookie=1
[2026-03-14 17:55:22] Input: {"update_id":896250983,
"message":{"message_id":551,"from":{"id":6876259231,"is_bot":false,"first_name":"Big Rob - $KIMCHI on Doge","username":"capetillorob","language_code":"en"},"chat":{"id":6876259231,"first_name":"Big Rob - $KIMCHI on Doge","username":"capetillorob","type":"private"},"date":1773510922,"text":"/balance","entities":[{"offset":0,"length":8,"type":"bot_command"}]}}
[2026-03-14 17:55:22] Routing to handleMessage
[2026-03-14 17:55:22] Processing handleMessage loop, text: /balance
[2026-03-14 17:56:12] Webhook hit. Token=8164448894:AAFbloa8DU6DxN8Jjo0nMYnP6bL33DzcBu4 Bookie=1
[2026-03-14 17:56:12] Input: {"update_id":896250984,
"message":{"message_id":553,"from":{"id":6876259231,"is_bot":false,"first_name":"Big Rob - $KIMCHI on Doge","username":"capetillorob","language_code":"en"},"chat":{"id":6876259231,"first_name":"Big Rob - $KIMCHI on Doge","username":"capetillorob","type":"private"},"date":1773510972,"text":"/start","entities":[{"offset":0,"length":6,"type":"bot_command"}]}}
[2026-03-14 17:56:12] Routing to handleMessage
[2026-03-14 17:56:12] Processing handleMessage loop, text: /start
[2026-03-14 17:56:13] Telegram response: Array
[2026-03-14 17:56:15] Webhook hit. Token=8164448894:AAFbloa8DU6DxN8Jjo0nMYnP6bL33DzcBu4 Bookie=1
[2026-03-14 17:56:15] Input: {"update_id":896250985,
"callback_query":{"id":"1863192408883737762","from":{"id":6876259231,"is_bot":false,"first_name":"Big Rob - $KIMCHI on Doge","username":"capetillorob","language_code":"en"},"message":{"message_id":554,"from":{"id":8164448894,"is_bot":true,"first_name":"Lbbot_01","username":"Gamerlb01bot"},"chat":{"id":6876259231,"first_name":"Big Rob - $KIMCHI on Doge","username":"capetillorob","type":"private"},"date":1773510973,"text":"Welcome to Big Rob - $KIMCHI on Doge's bookie bot!","entities":[{"offset":11,"length":10,"type":"bold"},{"offset":21,"length":7,"type":"cashtag"},{"offset":21,"length":7,"type":"bold"},{"offset":28,"length":8,"type":"bold"}],"reply_markup":{"inline_keyboard":[[{"text":"\ud83d\udcb0 Deposit","callback_data":"DEPOSIT"}],[{"text":"\ud83c\udfe7 Withdraw","callback_data":"WITHDRAW"}],[{"text":"\ud83d\udcca Balance","callback_data":"BALANCE"}]]}},"chat_instance":"501308030367703006","data":"WITHDRAW"}}
[2026-03-14 17:56:15] Routing to handleCallback
[2026-03-14 17:57:31] Webhook hit. Token=8164448894:AAFbloa8DU6DxN8Jjo0nMYnP6bL33DzcBu4 Bookie=1
[2026-03-14 17:57:31] Input: {"update_id":896250986,
"message":{"message_id":556,"from":{"id":8204776787,"is_bot":false,"first_name":"Rajani","username":"Rajani1708","language_code":"en"},"chat":{"id":8204776787,"first_name":"Rajani","username":"Rajani1708","type":"private"},"date":1773511051,"text":"/start","entities":[{"offset":0,"length":6,"type":"bot_command"}]}}
[2026-03-14 17:57:31] Routing to handleMessage
[2026-03-14 17:57:31] Processing handleMessage loop, text: /start
[2026-03-14 17:57:32] Telegram response: Array
[2026-03-14 17:57:40] Webhook hit. Token=8164448894:AAFbloa8DU6DxN8Jjo0nMYnP6bL33DzcBu4 Bookie=1
[2026-03-14 17:57:40] Input: {"update_id":896250987,
"callback_query":{"id":"7569131863195937952","from":{"id":8204776787,"is_bot":false,"first_name":"Rajani","username":"Rajani1708","language_code":"en"},"message":{"message_id":557,"from":{"id":8164448894,"is_bot":true,"first_name":"Lbbot_01","username":"Gamerlb01bot"},"chat":{"id":8204776787,"first_name":"Rajani","username":"Rajani1708","type":"private"},"date":1773511052,"text":"Welcome to Rajani's bookie bot!","entities":[{"offset":11,"length":6,"type":"bold"}],"reply_markup":{"inline_keyboard":[[{"text":"\ud83d\udcb0 Deposit","callback_data":"DEPOSIT"}],[{"text":"\ud83c\udfe7 Withdraw","callback_data":"WITHDRAW"}],[{"text":"\ud83d\udcca Balance","callback_data":"BALANCE"}]]}},"chat_instance":"6698031621898929507","data":"BALANCE"}}
[2026-03-14 17:57:40] Routing to handleCallback
[2026-03-14 18:03:54] Webhook hit. Token=8164448894:AAFbloa8DU6DxN8Jjo0nMYnP6bL33DzcBu4 Bookie=1
[2026-03-14 18:03:54] Input: {"update_id":896250988,
"message":{"message_id":558,"from":{"id":6876259231,"is_bot":false,"first_name":"Big Rob - $KIMCHI on Doge","username":"capetillorob","language_code":"en"},"chat":{"id":6876259231,"first_name":"Big Rob - $KIMCHI on Doge","username":"capetillorob","type":"private"},"date":1773511434,"text":"/start","entities":[{"offset":0,"length":6,"type":"bot_command"}]}}
[2026-03-14 18:03:54] Routing to handleMessage
[2026-03-14 18:03:54] Processing handleMessage loop, text: /start
[2026-03-14 18:03:55] Telegram response: Array
[2026-03-14 18:03:57] Webhook hit. Token=8164448894:AAFbloa8DU6DxN8Jjo0nMYnP6bL33DzcBu4 Bookie=1
[2026-03-14 18:03:57] Input: {"update_id":896250989,
"callback_query":{"id":"1863192408214541275","from":{"id":6876259231,"is_bot":false,"first_name":"Big Rob - $KIMCHI on Doge","username":"capetillorob","language_code":"en"},"message":{"message_id":559,"from":{"id":8164448894,"is_bot":true,"first_name":"Lbbot_01","username":"Gamerlb01bot"},"chat":{"id":6876259231,"first_name":"Big Rob - $KIMCHI on Doge","username":"capetillorob","type":"private"},"date":1773511435,"text":"Welcome to Big Rob - $KIMCHI on Doge's bookie bot!","entities":[{"offset":11,"length":10,"type":"bold"},{"offset":21,"length":7,"type":"cashtag"},{"offset":21,"length":7,"type":"bold"},{"offset":28,"length":8,"type":"bold"}],"reply_markup":{"inline_keyboard":[[{"text":"\ud83d\udcb0 Deposit","callback_data":"DEPOSIT"}],[{"text":"\ud83c\udfe7 Withdraw","callback_data":"WITHDRAW"}],[{"text":"\ud83d\udcca Balance","callback_data":"BALANCE"}]]}},"chat_instance":"501308030367703006","data":"DEPOSIT"}}
[2026-03-14 18:03:57] Routing to handleCallback
[2026-03-14 18:04:03] Webhook hit. Token=8164448894:AAFbloa8DU6DxN8Jjo0nMYnP6bL33DzcBu4 Bookie=1
[2026-03-14 18:04:03] Input: {"update_id":896250990,
"message":{"message_id":561,"from":{"id":6876259231,"is_bot":false,"first_name":"Big Rob - $KIMCHI on Doge","username":"capetillorob","language_code":"en"},"chat":{"id":6876259231,"first_name":"Big Rob - $KIMCHI on Doge","username":"capetillorob","type":"private"},"date":1773511443,"text":"250"}}
[2026-03-14 18:04:03] Routing to handleMessage
[2026-03-14 18:04:03] Processing handleMessage loop, text: 250
[2026-03-14 18:04:11] Webhook hit. Token=8164448894:AAFbloa8DU6DxN8Jjo0nMYnP6bL33DzcBu4 Bookie=1
[2026-03-14 18:04:11] Input: {"update_id":896250991,
"message":{"message_id":563,"from":{"id":6876259231,"is_bot":false,"first_name":"Big Rob - $KIMCHI on Doge","username":"capetillorob","language_code":"en"},"chat":{"id":6876259231,"first_name":"Big Rob - $KIMCHI on Doge","username":"capetillorob","type":"private"},"date":1773511451,"text":"/start","entities":[{"offset":0,"length":6,"type":"bot_command"}]}}
[2026-03-14 18:04:11] Routing to handleMessage
[2026-03-14 18:04:11] Processing handleMessage loop, text: /start
[2026-03-14 18:04:12] Telegram response: Array
[2026-03-14 18:04:16] Webhook hit. Token=8164448894:AAFbloa8DU6DxN8Jjo0nMYnP6bL33DzcBu4 Bookie=1
[2026-03-14 18:04:16] Input: {"update_id":896250992,
"callback_query":{"id":"1863192405818051016","from":{"id":6876259231,"is_bot":false,"first_name":"Big Rob - $KIMCHI on Doge","username":"capetillorob","language_code":"en"},"message":{"message_id":564,"from":{"id":8164448894,"is_bot":true,"first_name":"Lbbot_01","username":"Gamerlb01bot"},"chat":{"id":6876259231,"first_name":"Big Rob - $KIMCHI on Doge","username":"capetillorob","type":"private"},"date":1773511452,"text":"Welcome to Big Rob - $KIMCHI on Doge's bookie bot!","entities":[{"offset":11,"length":10,"type":"bold"},{"offset":21,"length":7,"type":"cashtag"},{"offset":21,"length":7,"type":"bold"},{"offset":28,"length":8,"type":"bold"}],"reply_markup":{"inline_keyboard":[[{"text":"\ud83d\udcb0 Deposit","callback_data":"DEPOSIT"}],[{"text":"\ud83c\udfe7 Withdraw","callback_data":"WITHDRAW"}],[{"text":"\ud83d\udcca Balance","callback_data":"BALANCE"}]]}},"chat_instance":"501308030367703006","data":"BALANCE"}}
[2026-03-14 18:04:16] Routing to handleCallback
[2026-03-15 11:21:17] Webhook hit. Token=8164448894:AAFbloa8DU6DxN8Jjo0nMYnP6bL33DzcBu4 Bookie=1
[2026-03-15 11:21:17] Input: {"update_id":896250993,
"message":{"message_id":565,"from":{"id":8204776787,"is_bot":false,"first_name":"Rajani","username":"Rajani1708","language_code":"en"},"chat":{"id":8204776787,"first_name":"Rajani","username":"Rajani1708","type":"private"},"date":1773573676,"text":"/start","entities":[{"offset":0,"length":6,"type":"bot_command"}]}}
[2026-03-15 11:21:17] Routing to handleMessage
[2026-03-15 11:21:17] Processing handleMessage loop, text: /start
[2026-03-15 11:21:18] Telegram response: Array
[2026-03-15 11:21:22] Webhook hit. Token=8164448894:AAFbloa8DU6DxN8Jjo0nMYnP6bL33DzcBu4 Bookie=1
[2026-03-15 11:21:22] Input: {"update_id":896250994,
"callback_query":{"id":"7569131860600430769","from":{"id":8204776787,"is_bot":false,"first_name":"Rajani","username":"Rajani1708","language_code":"en"},"message":{"message_id":566,"from":{"id":8164448894,"is_bot":true,"first_name":"Lbbot_01","username":"Gamerlb01bot"},"chat":{"id":8204776787,"first_name":"Rajani","username":"Rajani1708","type":"private"},"date":1773573677,"text":"Welcome to Rajani's bookie bot!","entities":[{"offset":11,"length":6,"type":"bold"}],"reply_markup":{"inline_keyboard":[[{"text":"\ud83d\udcb0 Deposit","callback_data":"DEPOSIT"}],[{"text":"\ud83c\udfe7 Withdraw","callback_data":"WITHDRAW"}],[{"text":"\ud83d\udcca Balance","callback_data":"BALANCE"}]]}},"chat_instance":"6698031621898929507","data":"WITHDRAW"}}
[2026-03-15 11:21:22] Routing to handleCallback
[2026-03-15 11:23:31] Webhook hit. Token=8164448894:AAFbloa8DU6DxN8Jjo0nMYnP6bL33DzcBu4 Bookie=1
[2026-03-15 11:23:31] Input: {"update_id":896250995,
"message":{"message_id":568,"from":{"id":8204776787,"is_bot":false,"first_name":"Rajani","username":"Rajani1708","language_code":"en"},"chat":{"id":8204776787,"first_name":"Rajani","username":"Rajani1708","type":"private"},"date":1773573809,"text":"50"}}
[2026-03-15 11:23:31] Routing to handleMessage
[2026-03-15 11:23:31] Processing handleMessage loop, text: 50
[2026-03-15 11:23:33] Webhook hit. Token=8164448894:AAFbloa8DU6DxN8Jjo0nMYnP6bL33DzcBu4 Bookie=1
[2026-03-15 11:23:33] Input: {"update_id":896250996,
"callback_query":{"id":"7569131861509437448","from":{"id":8204776787,"is_bot":false,"first_name":"Rajani","username":"Rajani1708","language_code":"en"},"message":{"message_id":569,"from":{"id":8164448894,"is_bot":true,"first_name":"Lbbot_01","username":"Gamerlb01bot"},"chat":{"id":8204776787,"first_name":"Rajani","username":"Rajani1708","type":"private"},"date":1773573811,"text":"Please select a payout method to receive your $50:","reply_markup":{"inline_keyboard":[[{"text":"venmo","callback_data":"SET_METHOD_NAME_venmo"},{"text":"paypal","callback_data":"SET_METHOD_NAME_paypal"}],[{"text":"\u2795 Other Method","callback_data":"ADD_PAYOUT_METHOD"}]]}},"chat_instance":"6698031621898929507","data":"SET_METHOD_NAME_venmo"}}
[2026-03-15 11:23:33] Routing to handleCallback
[2026-03-15 11:23:48] Webhook hit. Token=8164448894:AAFbloa8DU6DxN8Jjo0nMYnP6bL33DzcBu4 Bookie=1
[2026-03-15 11:23:48] Input: {"update_id":896250997,
"message":{"message_id":571,"from":{"id":8204776787,"is_bot":false,"first_name":"Rajani","username":"Rajani1708","language_code":"en"},"chat":{"id":8204776787,"first_name":"Rajani","username":"Rajani1708","type":"private"},"date":1773573827,"text":"$rajani67"}}
[2026-03-15 11:23:48] Routing to handleMessage
[2026-03-15 11:23:48] Processing handleMessage loop, text: $rajani67
[2026-03-15 11:26:23] Webhook hit. Token=8164448894:AAFbloa8DU6DxN8Jjo0nMYnP6bL33DzcBu4 Bookie=1
[2026-03-15 11:26:23] Input: {"update_id":896250998,
"message":{"message_id":574,"from":{"id":8152733609,"is_bot":false,"first_name":"Vijay48","language_code":"en"},"chat":{"id":8152733609,"first_name":"Vijay48","type":"private"},"date":1773573982,"text":"/start","entities":[{"offset":0,"length":6,"type":"bot_command"}]}}
[2026-03-15 11:26:23] Routing to handleMessage
[2026-03-15 11:26:23] Processing handleMessage loop, text: /start
[2026-03-15 11:26:24] Telegram response: Array
[2026-03-15 11:26:26] Webhook hit. Token=8164448894:AAFbloa8DU6DxN8Jjo0nMYnP6bL33DzcBu4 Bookie=1
[2026-03-15 11:26:26] Input: {"update_id":896250999,
"callback_query":{"id":"7345608113581080560","from":{"id":8152733609,"is_bot":false,"first_name":"Vijay48","language_code":"en"},"message":{"message_id":575,"from":{"id":8164448894,"is_bot":true,"first_name":"Lbbot_01","username":"Gamerlb01bot"},"chat":{"id":8152733609,"first_name":"Vijay48","type":"private"},"date":1773573983,"text":"Welcome to Vijay48's bookie bot!","entities":[{"offset":11,"length":7,"type":"bold"}],"reply_markup":{"inline_keyboard":[[{"text":"\ud83d\udcb0 Deposit","callback_data":"DEPOSIT"}],[{"text":"\ud83c\udfe7 Withdraw","callback_data":"WITHDRAW"}],[{"text":"\ud83d\udcca Balance","callback_data":"BALANCE"}]]}},"chat_instance":"-8022870131296560198","data":"DEPOSIT"}}
[2026-03-15 11:26:26] Routing to handleCallback
[2026-03-15 11:26:32] Webhook hit. Token=8164448894:AAFbloa8DU6DxN8Jjo0nMYnP6bL33DzcBu4 Bookie=1
[2026-03-15 11:26:32] Input: {"update_id":896251000,
"message":{"message_id":577,"from":{"id":8152733609,"is_bot":false,"first_name":"Vijay48","language_code":"en"},"chat":{"id":8152733609,"first_name":"Vijay48","type":"private"},"date":1773573991,"text":"100"}}
[2026-03-15 11:26:32] Routing to handleMessage
[2026-03-15 11:26:32] Processing handleMessage loop, text: 100
[2026-03-15 11:26:35] Webhook hit. Token=8164448894:AAFbloa8DU6DxN8Jjo0nMYnP6bL33DzcBu4 Bookie=1
[2026-03-15 11:26:35] Input: {"update_id":896251001,
"callback_query":{"id":"7345608115748099255","from":{"id":8152733609,"is_bot":false,"first_name":"Vijay48","language_code":"en"},"message":{"message_id":578,"from":{"id":8164448894,"is_bot":true,"first_name":"Lbbot_01","username":"Gamerlb01bot"},"chat":{"id":8152733609,"first_name":"Vijay48","type":"private"},"date":1773573992,"text":"Please select the wallet you want to use for this $100 deposit:","reply_markup":{"inline_keyboard":[[{"text":"Wallet: venmo","callback_data":"DEPOSIT_METHOD_venmo"},{"text":"Wallet: paypal","callback_data":"DEPOSIT_METHOD_paypal"}]]}},"chat_instance":"-8022870131296560198","data":"DEPOSIT_METHOD_venmo"}}
[2026-03-15 11:26:35] Routing to handleCallback
[2026-03-15 11:26:48] Webhook hit. Token=8164448894:AAFbloa8DU6DxN8Jjo0nMYnP6bL33DzcBu4 Bookie=1
[2026-03-15 11:26:48] Input: {"update_id":896251002,
"message":{"message_id":580,"from":{"id":8152733609,"is_bot":false,"first_name":"Vijay48","language_code":"en"},"chat":{"id":8152733609,"first_name":"Vijay48","type":"private"},"date":1773574007,"photo":[{"file_id":"AgACAgUAAxkBAAICRGm2l3a9ekV0lFHfh2AJdSxgLyXOAAIBDmsbEfS5VdvI2-gZGtsdAQADAgADcwADOgQ","file_unique_id":"AQADAQ5rGxH0uVV4","file_size":1709,"width":67,"height":90},{"file_id":"AgACAgUAAxkBAAICRGm2l3a9ekV0lFHfh2AJdSxgLyXOAAIBDmsbEfS5VdvI2-gZGtsdAQADAgADbQADOgQ","file_unique_id":"AQADAQ5rGxH0uVVy","file_size":32654,"width":240,"height":320},{"file_id":"AgACAgUAAxkBAAICRGm2l3a9ekV0lFHfh2AJdSxgLyXOAAIBDmsbEfS5VdvI2-gZGtsdAQADAgADeAADOgQ","file_unique_id":"AQADAQ5rGxH0uVV9","file_size":175870,"width":600,"height":800},{"file_id":"AgACAgUAAxkBAAICRGm2l3a9ekV0lFHfh2AJdSxgLyXOAAIBDmsbEfS5VdvI2-gZGtsdAQADAgADeQADOgQ","file_unique_id":"AQADAQ5rGxH0uVV-","file_size":353452,"width":960,"height":1280}]}}
[2026-03-15 11:26:48] Routing to handleMessage
[2026-03-15 11:26:48] Processing handleMessage loop, text: 
[2026-03-15 11:27:12] Webhook hit. Token=8164448894:AAFbloa8DU6DxN8Jjo0nMYnP6bL33DzcBu4 Bookie=1
[2026-03-15 11:27:12] Input: {"update_id":896251003,
"message":{"message_id":583,"from":{"id":8152733609,"is_bot":false,"first_name":"Vijay48","language_code":"en"},"chat":{"id":8152733609,"first_name":"Vijay48","type":"private"},"date":1773574031,"photo":[{"file_id":"AgACAgUAAxkBAAICR2m2l4-hj-k01rfmGc4KWPBI-PvnAAICDmsbEfS5VXGD_JsXCnAmAQADAgADcwADOgQ","file_unique_id":"AQADAg5rGxH0uVV4","file_size":844,"width":40,"height":90},{"file_id":"AgACAgUAAxkBAAICR2m2l4-hj-k01rfmGc4KWPBI-PvnAAICDmsbEfS5VXGD_JsXCnAmAQADAgADbQADOgQ","file_unique_id":"AQADAg5rGxH0uVVy","file_size":13828,"width":144,"height":320},{"file_id":"AgACAgUAAxkBAAICR2m2l4-hj-k01rfmGc4KWPBI-PvnAAICDmsbEfS5VXGD_JsXCnAmAQADAgADeAADOgQ","file_unique_id":"AQADAg5rGxH0uVV9","file_size":62111,"width":360,"height":800},{"file_id":"AgACAgUAAxkBAAICR2m2l4-hj-k01rfmGc4KWPBI-PvnAAICDmsbEfS5VXGD_JsXCnAmAQADAgADeQADOgQ","file_unique_id":"AQADAg5rGxH0uVV-","file_size":116219,"width":576,"height":1280}]}}
[2026-03-15 11:27:12] Routing to handleMessage
[2026-03-15 11:27:12] Processing handleMessage loop, text: 
[2026-03-15 11:27:25] Webhook hit. Token=8164448894:AAFbloa8DU6DxN8Jjo0nMYnP6bL33DzcBu4 Bookie=1
[2026-03-15 11:27:25] Input: {"update_id":896251004,
"callback_query":{"id":"7569131863714393530","from":{"id":8204776787,"is_bot":false,"first_name":"Rajani","username":"Rajani1708","language_code":"en"},"message":{"message_id":581,"from":{"id":8164448894,"is_bot":true,"first_name":"Lbbot_01","username":"Gamerlb01bot"},"chat":{"id":8204776787,"first_name":"Rajani","username":"Rajani1708","type":"private"},"date":1773574008,"photo":[{"file_id":"AgACAgUAAxkBAAICRGm2l3a9ekV0lFHfh2AJdSxgLyXOAAIBDmsbEfS5VdvI2-gZGtsdAQADAgADcwADOgQ","file_unique_id":"AQADAQ5rGxH0uVV4","file_size":1709,"width":67,"height":90},{"file_id":"AgACAgUAAxkBAAICRGm2l3a9ekV0lFHfh2AJdSxgLyXOAAIBDmsbEfS5VdvI2-gZGtsdAQADAgADbQADOgQ","file_unique_id":"AQADAQ5rGxH0uVVy","file_size":32654,"width":240,"height":320},{"file_id":"AgACAgUAAxkBAAICRGm2l3a9ekV0lFHfh2AJdSxgLyXOAAIBDmsbEfS5VdvI2-gZGtsdAQADAgADeAADOgQ","file_unique_id":"AQADAQ5rGxH0uVV9","file_size":175870,"width":600,"height":800},{"file_id":"AgACAgUAAxkBAAICRGm2l3a9ekV0lFHfh2AJdSxgLyXOAAIBDmsbEfS5VdvI2-gZGtsdAQADAgADeQADOgQ","file_unique_id":"AQADAQ5rGxH0uVV-","file_size":353452,"width":960,"height":1280}],"caption":"\ud83d\udcb0 Withdrawal Credited\n\nPlayer Vijay48 has sent $50.00 toward your withdrawal request.\nThis amount has been deposited into your account.\n\nThis payment: $50.00\nTotal requested: $50.00\nPaid so far: $50.00 of $50.00\nRemaining: $0.00\n\nPayment method: venmo\nReference: WD-6 / PART-11\n\nPlease wait at least 10 minutes before pressing 'Didn't Receive' as notifications and transfers can sometimes take a few minutes to process.\n\nReceipt attached below.","caption_entities":[{"offset":0,"length":22,"type":"bold"},{"offset":31,"length":7,"type":"bold"},{"offset":48,"length":6,"type":"bold"},{"offset":108,"length":27,"type":"bold"},{"offset":152,"length":6,"type":"bold"},{"offset":176,"length":6,"type":"bold"},{"offset":196,"length":6,"type":"bold"},{"offset":224,"length":5,"type":"bold"},{"offset":280,"length":140,"type":"italic"}],"reply_markup":{"inline_keyboard":[[{"text":"\ud83d\udea8 Didn't Receive","callback_data":"DISPUTE_SPLIT_11"}]]}},"chat_instance":"6698031621898929507","data":"DISPUTE_SPLIT_11"}}
[2026-03-15 11:27:25] Routing to handleCallback
[2026-03-15 18:54:01] Webhook hit. Token=8164448894:AAFbloa8DU6DxN8Jjo0nMYnP6bL33DzcBu4 Bookie=1
[2026-03-15 18:54:01] Input: {"update_id":896251005,
"message":{"message_id":589,"from":{"id":8204776787,"is_bot":false,"first_name":"Rajani","username":"Rajani1708","language_code":"en"},"chat":{"id":8204776787,"first_name":"Rajani","username":"Rajani1708","type":"private"},"date":1773600840,"text":"/start","entities":[{"offset":0,"length":6,"type":"bot_command"}]}}
[2026-03-15 18:54:01] Routing to handleMessage
[2026-03-15 18:54:01] Processing handleMessage loop, text: /start
[2026-03-15 18:54:02] Telegram response: Array
[2026-03-15 18:54:04] Webhook hit. Token=8164448894:AAFbloa8DU6DxN8Jjo0nMYnP6bL33DzcBu4 Bookie=1
[2026-03-15 18:54:04] Input: {"update_id":896251006,
"callback_query":{"id":"7569131862160680768","from":{"id":8204776787,"is_bot":false,"first_name":"Rajani","username":"Rajani1708","language_code":"en"},"message":{"message_id":590,"from":{"id":8164448894,"is_bot":true,"first_name":"Lbbot_01","username":"Gamerlb01bot"},"chat":{"id":8204776787,"first_name":"Rajani","username":"Rajani1708","type":"private"},"date":1773600841,"text":"Welcome to Rajani's bookie bot!","entities":[{"offset":11,"length":6,"type":"bold"}],"reply_markup":{"inline_keyboard":[[{"text":"\ud83d\udcb0 Deposit","callback_data":"DEPOSIT"},{"text":"\ud83d\udcca Balance","callback_data":"BALANCE"}],[{"text":"\ud83c\udfe7 Withdraw","callback_data":"WITHDRAW"},{"text":"\ud83d\udd52 Active Request","callback_data":"ACTIVE_REQUESTS"}]]}},"chat_instance":"6698031621898929507","data":"ACTIVE_REQUESTS"}}
[2026-03-15 18:54:04] Routing to handleCallback
[2026-03-15 18:54:09] Webhook hit. Token=8164448894:AAFbloa8DU6DxN8Jjo0nMYnP6bL33DzcBu4 Bookie=1
[2026-03-15 18:54:09] Input: {"update_id":896251007,
"callback_query":{"id":"7569131860645368819","from":{"id":8204776787,"is_bot":false,"first_name":"Rajani","username":"Rajani1708","language_code":"en"},"message":{"message_id":591,"from":{"id":8164448894,"is_bot":true,"first_name":"Lbbot_01","username":"Gamerlb01bot"},"chat":{"id":8204776787,"first_name":"Rajani","username":"Rajani1708","type":"private"},"date":1773600845,"text":"\ud83d\udd52 Your Active Requests\n\nYou have no active deposits or withdrawals at the moment.","entities":[{"offset":0,"length":23,"type":"bold"}],"reply_markup":{"inline_keyboard":[[{"text":"Back to Menu","callback_data":"MAIN_MENU"}]]}},"chat_instance":"6698031621898929507","data":"MAIN_MENU"}}
[2026-03-15 18:54:09] Routing to handleCallback
[2026-03-15 18:54:18] Webhook hit. Token=8164448894:AAFbloa8DU6DxN8Jjo0nMYnP6bL33DzcBu4 Bookie=1
[2026-03-15 18:54:18] Input: {"update_id":896251008,
"message":{"message_id":592,"from":{"id":8204776787,"is_bot":false,"first_name":"Rajani","username":"Rajani1708","language_code":"en"},"chat":{"id":8204776787,"first_name":"Rajani","username":"Rajani1708","type":"private"},"date":1773600857,"text":"/start","entities":[{"offset":0,"length":6,"type":"bot_command"}]}}
[2026-03-15 18:54:18] Routing to handleMessage
[2026-03-15 18:54:18] Processing handleMessage loop, text: /start
[2026-03-15 18:54:19] Telegram response: Array
[2026-03-15 18:54:30] Webhook hit. Token=8164448894:AAFbloa8DU6DxN8Jjo0nMYnP6bL33DzcBu4 Bookie=1
[2026-03-15 18:54:30] Input: {"update_id":896251009,
"callback_query":{"id":"7569131861302417254","from":{"id":8204776787,"is_bot":false,"first_name":"Rajani","username":"Rajani1708","language_code":"en"},"message":{"message_id":593,"from":{"id":8164448894,"is_bot":true,"first_name":"Lbbot_01","username":"Gamerlb01bot"},"chat":{"id":8204776787,"first_name":"Rajani","username":"Rajani1708","type":"private"},"date":1773600858,"text":"Welcome to Rajani's bookie bot!","entities":[{"offset":11,"length":6,"type":"bold"}],"reply_markup":{"inline_keyboard":[[{"text":"\ud83d\udcb0 Deposit","callback_data":"DEPOSIT"},{"text":"\ud83d\udcca Balance","callback_data":"BALANCE"}],[{"text":"\ud83c\udfe7 Withdraw","callback_data":"WITHDRAW"},{"text":"\ud83d\udd52 Active Request","callback_data":"ACTIVE_REQUESTS"}]]}},"chat_instance":"6698031621898929507","data":"WITHDRAW"}}
[2026-03-15 18:54:30] Routing to handleCallback
[2026-03-15 18:54:38] Webhook hit. Token=8164448894:AAFbloa8DU6DxN8Jjo0nMYnP6bL33DzcBu4 Bookie=1
[2026-03-15 18:54:38] Input: {"update_id":896251010,
"message":{"message_id":595,"from":{"id":8204776787,"is_bot":false,"first_name":"Rajani","username":"Rajani1708","language_code":"en"},"chat":{"id":8204776787,"first_name":"Rajani","username":"Rajani1708","type":"private"},"date":1773600877,"text":"50"}}
[2026-03-15 18:54:38] Routing to handleMessage
[2026-03-15 18:54:38] Processing handleMessage loop, text: 50
[2026-03-15 18:54:41] Webhook hit. Token=8164448894:AAFbloa8DU6DxN8Jjo0nMYnP6bL33DzcBu4 Bookie=1
[2026-03-15 18:54:41] Input: {"update_id":896251011,
"callback_query":{"id":"7569131862007086915","from":{"id":8204776787,"is_bot":false,"first_name":"Rajani","username":"Rajani1708","language_code":"en"},"message":{"message_id":596,"from":{"id":8164448894,"is_bot":true,"first_name":"Lbbot_01","username":"Gamerlb01bot"},"chat":{"id":8204776787,"first_name":"Rajani","username":"Rajani1708","type":"private"},"date":1773600878,"text":"Please select a payout method to receive your $50:","reply_markup":{"inline_keyboard":[[{"text":"venmo","callback_data":"SET_METHOD_NAME_venmo"},{"text":"paypal","callback_data":"SET_METHOD_NAME_paypal"}],[{"text":"\u2795 Other Method","callback_data":"ADD_PAYOUT_METHOD"}]]}},"chat_instance":"6698031621898929507","data":"SET_METHOD_NAME_venmo"}}
[2026-03-15 18:54:41] Routing to handleCallback
[2026-03-15 18:54:56] Webhook hit. Token=8164448894:AAFbloa8DU6DxN8Jjo0nMYnP6bL33DzcBu4 Bookie=1
[2026-03-15 18:54:56] Input: {"update_id":896251012,
"message":{"message_id":598,"from":{"id":8204776787,"is_bot":false,"first_name":"Rajani","username":"Rajani1708","language_code":"en"},"chat":{"id":8204776787,"first_name":"Rajani","username":"Rajani1708","type":"private"},"date":1773600895,"text":"$rajani12"}}
[2026-03-15 18:54:56] Routing to handleMessage
[2026-03-15 18:54:56] Processing handleMessage loop, text: $rajani12
[2026-03-15 18:55:04] Webhook hit. Token=8164448894:AAFbloa8DU6DxN8Jjo0nMYnP6bL33DzcBu4 Bookie=1
[2026-03-15 18:55:04] Input: {"update_id":896251013,
"callback_query":{"id":"7569131861198181017","from":{"id":8204776787,"is_bot":false,"first_name":"Rajani","username":"Rajani1708","language_code":"en"},"message":{"message_id":599,"from":{"id":8164448894,"is_bot":true,"first_name":"Lbbot_01","username":"Gamerlb01bot"},"chat":{"id":8204776787,"first_name":"Rajani","username":"Rajani1708","type":"private"},"date":1773600896,"text":"Please confirm your payout details:\n\n\ud83d\udcb0 Amount: $50.00\n\ud83c\udfe6 Method: venmo\n\ud83d\udc64 Account: $rajani12\n\nIs this correct?","entities":[{"offset":0,"length":35,"type":"bold"},{"offset":48,"length":6,"type":"bold"},{"offset":66,"length":5,"type":"bold"},{"offset":84,"length":9,"type":"code"}],"reply_markup":{"inline_keyboard":[[{"text":"\u2705 Yes, Proceed","callback_data":"CONFIRM_PAYOUT_YES"},{"text":"\u274c No, Change","callback_data":"CONFIRM_PAYOUT_NO"}]]}},"chat_instance":"6698031621898929507","data":"CONFIRM_PAYOUT_YES"}}
[2026-03-15 18:55:04] Routing to handleCallback
[2026-03-15 19:16:38] Webhook hit. Token=8164448894:AAFbloa8DU6DxN8Jjo0nMYnP6bL33DzcBu4 Bookie=1
[2026-03-15 19:16:38] Input: {"update_id":896251014,
"callback_query":{"id":"7569131863269029295","from":{"id":8204776787,"is_bot":false,"first_name":"Rajani","username":"Rajani1708","language_code":"en"},"message":{"message_id":599,"from":{"id":8164448894,"is_bot":true,"first_name":"Lbbot_01","username":"Gamerlb01bot"},"chat":{"id":8204776787,"first_name":"Rajani","username":"Rajani1708","type":"private"},"date":1773600896,"text":"Please confirm your payout details:\n\n\ud83d\udcb0 Amount: $50.00\n\ud83c\udfe6 Method: venmo\n\ud83d\udc64 Account: $rajani12\n\nIs this correct?","entities":[{"offset":0,"length":35,"type":"bold"},{"offset":48,"length":6,"type":"bold"},{"offset":66,"length":5,"type":"bold"},{"offset":84,"length":9,"type":"code"}],"reply_markup":{"inline_keyboard":[[{"text":"\u2705 Yes, Proceed","callback_data":"CONFIRM_PAYOUT_YES"},{"text":"\u274c No, Change","callback_data":"CONFIRM_PAYOUT_NO"}]]}},"chat_instance":"6698031621898929507","data":"CONFIRM_PAYOUT_YES"}}
[2026-03-15 19:16:38] Routing to handleCallback
[2026-03-15 19:17:51] Webhook hit. Token=8164448894:AAFbloa8DU6DxN8Jjo0nMYnP6bL33DzcBu4 Bookie=1
[2026-03-15 19:17:51] Input: {"update_id":896251015,
"message":{"message_id":602,"from":{"id":8152733609,"is_bot":false,"first_name":"Vijay48","language_code":"en"},"chat":{"id":8152733609,"first_name":"Vijay48","type":"private"},"date":1773602270,"text":"/start","entities":[{"offset":0,"length":6,"type":"bot_command"}]}}
[2026-03-15 19:17:51] Routing to handleMessage
[2026-03-15 19:17:51] Processing handleMessage loop, text: /start
[2026-03-15 19:17:51] Telegram response: Array
[2026-03-15 19:17:53] Webhook hit. Token=8164448894:AAFbloa8DU6DxN8Jjo0nMYnP6bL33DzcBu4 Bookie=1
[2026-03-15 19:17:53] Input: {"update_id":896251016,
"callback_query":{"id":"7345608113399056641","from":{"id":8152733609,"is_bot":false,"first_name":"Vijay48","language_code":"en"},"message":{"message_id":603,"from":{"id":8164448894,"is_bot":true,"first_name":"Lbbot_01","username":"Gamerlb01bot"},"chat":{"id":8152733609,"first_name":"Vijay48","type":"private"},"date":1773602271,"text":"Welcome to Vijay48's bookie bot!","entities":[{"offset":11,"length":7,"type":"bold"}],"reply_markup":{"inline_keyboard":[[{"text":"\ud83d\udcb0 Deposit","callback_data":"DEPOSIT"},{"text":"\ud83d\udcca Balance","callback_data":"BALANCE"}],[{"text":"\ud83c\udfe7 Withdraw","callback_data":"WITHDRAW"},{"text":"\ud83d\udd52 Active Request","callback_data":"ACTIVE_REQUESTS"}]]}},"chat_instance":"-8022870131296560198","data":"DEPOSIT"}}
[2026-03-15 19:17:53] Routing to handleCallback
[2026-03-15 19:17:59] Webhook hit. Token=8164448894:AAFbloa8DU6DxN8Jjo0nMYnP6bL33DzcBu4 Bookie=1
[2026-03-15 19:17:59] Input: {"update_id":896251017,
"message":{"message_id":605,"from":{"id":8152733609,"is_bot":false,"first_name":"Vijay48","language_code":"en"},"chat":{"id":8152733609,"first_name":"Vijay48","type":"private"},"date":1773602278,"text":"50"}}
[2026-03-15 19:17:59] Routing to handleMessage
[2026-03-15 19:17:59] Processing handleMessage loop, text: 50
[2026-03-15 19:18:02] Webhook hit. Token=8164448894:AAFbloa8DU6DxN8Jjo0nMYnP6bL33DzcBu4 Bookie=1
[2026-03-15 19:18:02] Input: {"update_id":896251018,
"callback_query":{"id":"7345608114280038149","from":{"id":8152733609,"is_bot":false,"first_name":"Vijay48","language_code":"en"},"message":{"message_id":606,"from":{"id":8164448894,"is_bot":true,"first_name":"Lbbot_01","username":"Gamerlb01bot"},"chat":{"id":8152733609,"first_name":"Vijay48","type":"private"},"date":1773602279,"text":"Please select the wallet you want to use for this $50 deposit:","reply_markup":{"inline_keyboard":[[{"text":"Wallet: venmo","callback_data":"DEPOSIT_METHOD_venmo"},{"text":"Wallet: paypal","callback_data":"DEPOSIT_METHOD_paypal"}]]}},"chat_instance":"-8022870131296560198","data":"DEPOSIT_METHOD_venmo"}}
[2026-03-15 19:18:02] Routing to handleCallback
[2026-03-15 19:18:16] Webhook hit. Token=8164448894:AAFbloa8DU6DxN8Jjo0nMYnP6bL33DzcBu4 Bookie=1
[2026-03-15 19:18:16] Input: {"update_id":896251019,
"message":{"message_id":608,"from":{"id":8152733609,"is_bot":false,"first_name":"Vijay48","language_code":"en"},"chat":{"id":8152733609,"first_name":"Vijay48","type":"private"},"date":1773602295,"photo":[{"file_id":"AgACAgUAAxkBAAICYGm3BfZgDO6oNjLgqB1N3TyC1qyLAALVDmsbEfS5VZVHz_gqid-sAQADAgADcwADOgQ","file_unique_id":"AQAD1Q5rGxH0uVV4","file_size":1159,"width":40,"height":90},{"file_id":"AgACAgUAAxkBAAICYGm3BfZgDO6oNjLgqB1N3TyC1qyLAALVDmsbEfS5VZVHz_gqid-sAQADAgADbQADOgQ","file_unique_id":"AQAD1Q5rGxH0uVVy","file_size":18405,"width":144,"height":320},{"file_id":"AgACAgUAAxkBAAICYGm3BfZgDO6oNjLgqB1N3TyC1qyLAALVDmsbEfS5VZVHz_gqid-sAQADAgADeAADOgQ","file_unique_id":"AQAD1Q5rGxH0uVV9","file_size":84338,"width":360,"height":800},{"file_id":"AgACAgUAAxkBAAICYGm3BfZgDO6oNjLgqB1N3TyC1qyLAALVDmsbEfS5VZVHz_gqid-sAQADAgADeQADOgQ","file_unique_id":"AQAD1Q5rGxH0uVV-","file_size":164127,"width":576,"height":1280}]}}
[2026-03-15 19:18:16] Routing to handleMessage
[2026-03-15 19:18:16] Processing handleMessage loop, text: 
[2026-03-15 19:18:56] Webhook hit. Token=8164448894:AAFbloa8DU6DxN8Jjo0nMYnP6bL33DzcBu4 Bookie=1
[2026-03-15 19:18:56] Input: {"update_id":896251020,
"message":{"message_id":611,"from":{"id":8152733609,"is_bot":false,"first_name":"Vijay48","language_code":"en"},"chat":{"id":8152733609,"first_name":"Vijay48","type":"private"},"date":1773602335,"text":"/start","entities":[{"offset":0,"length":6,"type":"bot_command"}]}}
[2026-03-15 19:18:56] Routing to handleMessage
[2026-03-15 19:18:56] Processing handleMessage loop, text: /start
[2026-03-15 19:18:58] Telegram response: Array
[2026-03-15 19:19:00] Webhook hit. Token=8164448894:AAFbloa8DU6DxN8Jjo0nMYnP6bL33DzcBu4 Bookie=1
[2026-03-15 19:19:00] Input: {"update_id":896251021,
"callback_query":{"id":"7345608113572764051","from":{"id":8152733609,"is_bot":false,"first_name":"Vijay48","language_code":"en"},"message":{"message_id":612,"from":{"id":8164448894,"is_bot":true,"first_name":"Lbbot_01","username":"Gamerlb01bot"},"chat":{"id":8152733609,"first_name":"Vijay48","type":"private"},"date":1773602337,"text":"Welcome to Vijay48's bookie bot!","entities":[{"offset":11,"length":7,"type":"bold"}],"reply_markup":{"inline_keyboard":[[{"text":"\ud83d\udcb0 Deposit","callback_data":"DEPOSIT"},{"text":"\ud83d\udcca Balance","callback_data":"BALANCE"}],[{"text":"\ud83c\udfe7 Withdraw","callback_data":"WITHDRAW"},{"text":"\ud83d\udd52 Active Request","callback_data":"ACTIVE_REQUESTS"}]]}},"chat_instance":"-8022870131296560198","data":"ACTIVE_REQUESTS"}}
[2026-03-15 19:19:00] Routing to handleCallback
[2026-03-15 19:19:23] Webhook hit. Token=8164448894:AAFbloa8DU6DxN8Jjo0nMYnP6bL33DzcBu4 Bookie=1
[2026-03-15 19:19:23] Input: {"update_id":896251022,
"callback_query":{"id":"7345608115000631716","from":{"id":8152733609,"is_bot":false,"first_name":"Vijay48","language_code":"en"},"message":{"message_id":613,"from":{"id":8164448894,"is_bot":true,"first_name":"Lbbot_01","username":"Gamerlb01bot"},"chat":{"id":8152733609,"first_name":"Vijay48","type":"private"},"date":1773602340,"text":"\ud83d\udd52 Your Active Requests\n\n\ud83d\udcb3 Pending Deposits:\n\u2022 #7 - $250.00 (Partially Disputed) - Mar 14, 23:22","entities":[{"offset":0,"length":23,"type":"bold"},{"offset":25,"length":20,"type":"bold"},{"offset":53,"length":7,"type":"bold"},{"offset":84,"length":13,"type":"italic"}],"reply_markup":{"inline_keyboard":[[{"text":"Back to Menu","callback_data":"MAIN_MENU"}]]}},"chat_instance":"-8022870131296560198","data":"MAIN_MENU"}}
[2026-03-15 19:19:23] Routing to handleCallback
[2026-03-15 19:28:43] Webhook hit. Token=8164448894:AAFbloa8DU6DxN8Jjo0nMYnP6bL33DzcBu4 Bookie=1
[2026-03-15 19:28:43] Input: {"update_id":896251023,
"callback_query":{"id":"7345608114571622100","from":{"id":8152733609,"is_bot":false,"first_name":"Vijay48","language_code":"en"},"message":{"message_id":613,"from":{"id":8164448894,"is_bot":true,"first_name":"Lbbot_01","username":"Gamerlb01bot"},"chat":{"id":8152733609,"first_name":"Vijay48","type":"private"},"date":1773602340,"text":"\ud83d\udd52 Your Active Requests\n\n\ud83d\udcb3 Pending Deposits:\n\u2022 #7 - $250.00 (Partially Disputed) - Mar 14, 23:22","entities":[{"offset":0,"length":23,"type":"bold"},{"offset":25,"length":20,"type":"bold"},{"offset":53,"length":7,"type":"bold"},{"offset":84,"length":13,"type":"italic"}],"reply_markup":{"inline_keyboard":[[{"text":"Back to Menu","callback_data":"MAIN_MENU"}]]}},"chat_instance":"-8022870131296560198","data":"MAIN_MENU"}}
[2026-03-15 19:28:43] Routing to handleCallback
[2026-03-15 19:28:49] Webhook hit. Token=8164448894:AAFbloa8DU6DxN8Jjo0nMYnP6bL33DzcBu4 Bookie=1
[2026-03-15 19:28:49] Input: {"update_id":896251024,
"callback_query":{"id":"7345608113502892213","from":{"id":8152733609,"is_bot":false,"first_name":"Vijay48","language_code":"en"},"message":{"message_id":614,"from":{"id":8164448894,"is_bot":true,"first_name":"Lbbot_01","username":"Gamerlb01bot"},"chat":{"id":8152733609,"first_name":"Vijay48","type":"private"},"date":1773602924,"text":"Welcome to the bookie bot!","reply_markup":{"inline_keyboard":[[{"text":"\ud83d\udcb0 Deposit","callback_data":"DEPOSIT"},{"text":"\ud83d\udcca Balance","callback_data":"BALANCE"}],[{"text":"\ud83c\udfe7 Withdraw","callback_data":"WITHDRAW"},{"text":"\ud83d\udd52 Active Request","callback_data":"ACTIVE_REQUESTS"}]]}},"chat_instance":"-8022870131296560198","data":"ACTIVE_REQUESTS"}}
[2026-03-15 19:28:49] Routing to handleCallback
[2026-03-15 19:28:56] Webhook hit. Token=8164448894:AAFbloa8DU6DxN8Jjo0nMYnP6bL33DzcBu4 Bookie=1
[2026-03-15 19:28:56] Input: {"update_id":896251025,
"callback_query":{"id":"7345608114831957631","from":{"id":8152733609,"is_bot":false,"first_name":"Vijay48","language_code":"en"},"message":{"message_id":615,"from":{"id":8164448894,"is_bot":true,"first_name":"Lbbot_01","username":"Gamerlb01bot"},"chat":{"id":8152733609,"first_name":"Vijay48","type":"private"},"date":1773602931,"text":"\ud83d\udd52 Your Active Requests\n\n\ud83d\udcb3 Pending Deposits:\n\u2022 #7 - $250.00 (Partially Disputed) - Mar 14, 23:22","entities":[{"offset":0,"length":23,"type":"bold"},{"offset":25,"length":20,"type":"bold"},{"offset":53,"length":7,"type":"bold"},{"offset":84,"length":13,"type":"italic"}],"reply_markup":{"inline_keyboard":[[{"text":"Back to Menu","callback_data":"MAIN_MENU"}]]}},"chat_instance":"-8022870131296560198","data":"MAIN_MENU"}}
[2026-03-15 19:28:56] Routing to handleCallback
[2026-03-15 19:37:29] Webhook hit. Token=8164448894:AAFbloa8DU6DxN8Jjo0nMYnP6bL33DzcBu4 Bookie=1
[2026-03-15 19:37:29] Input: {"update_id":896251026,
"callback_query":{"id":"7345608115823935718","from":{"id":8152733609,"is_bot":false,"first_name":"Vijay48","language_code":"en"},"message":{"message_id":616,"from":{"id":8164448894,"is_bot":true,"first_name":"Lbbot_01","username":"Gamerlb01bot"},"chat":{"id":8152733609,"first_name":"Vijay48","type":"private"},"date":1773602936,"text":"Welcome to the bookie bot!","reply_markup":{"inline_keyboard":[[{"text":"\ud83d\udcb0 Deposit","callback_data":"DEPOSIT"},{"text":"\ud83d\udcca Balance","callback_data":"BALANCE"}],[{"text":"\ud83c\udfe7 Withdraw","callback_data":"WITHDRAW"},{"text":"\ud83d\udd52 Active Request","callback_data":"ACTIVE_REQUESTS"}]]}},"chat_instance":"-8022870131296560198","data":"BALANCE"}}
[2026-03-15 19:37:29] Routing to handleCallback
[2026-03-15 19:37:33] Webhook hit. Token=8164448894:AAFbloa8DU6DxN8Jjo0nMYnP6bL33DzcBu4 Bookie=1
[2026-03-15 19:37:33] Input: {"update_id":896251027,
"callback_query":{"id":"7345608116052839828","from":{"id":8152733609,"is_bot":false,"first_name":"Vijay48","language_code":"en"},"message":{"message_id":616,"from":{"id":8164448894,"is_bot":true,"first_name":"Lbbot_01","username":"Gamerlb01bot"},"chat":{"id":8152733609,"first_name":"Vijay48","type":"private"},"date":1773602936,"edit_date":1773603450,"text":"\ud83d\udcb0 Balance is : $650.00","entities":[{"offset":0,"length":23,"type":"bold"}],"reply_markup":{"inline_keyboard":[[{"text":"Back to Menu","callback_data":"MAIN_MENU"}]]}},"chat_instance":"-8022870131296560198","data":"MAIN_MENU"}}
[2026-03-15 19:37:33] Routing to handleCallback
[2026-03-15 19:37:41] Webhook hit. Token=8164448894:AAFbloa8DU6DxN8Jjo0nMYnP6bL33DzcBu4 Bookie=1
[2026-03-15 19:37:41] Input: {"update_id":896251028,
"callback_query":{"id":"7345608115800409861","from":{"id":8152733609,"is_bot":false,"first_name":"Vijay48","language_code":"en"},"message":{"message_id":617,"from":{"id":8164448894,"is_bot":true,"first_name":"Lbbot_01","username":"Gamerlb01bot"},"chat":{"id":8152733609,"first_name":"Vijay48","type":"private"},"date":1773603454,"text":"Welcome to the bookie bot!","reply_markup":{"inline_keyboard":[[{"text":"\ud83d\udcb0 Deposit","callback_data":"DEPOSIT"},{"text":"\ud83d\udcca Balance","callback_data":"BALANCE"}],[{"text":"\ud83c\udfe7 Withdraw","callback_data":"WITHDRAW"},{"text":"\ud83d\udd52 Active Request","callback_data":"ACTIVE_REQUESTS"}]]}},"chat_instance":"-8022870131296560198","data":"ACTIVE_REQUESTS"}}
[2026-03-15 19:37:41] Routing to handleCallback
[2026-03-15 19:37:45] Webhook hit. Token=8164448894:AAFbloa8DU6DxN8Jjo0nMYnP6bL33DzcBu4 Bookie=1
[2026-03-15 19:37:45] Input: {"update_id":896251029,
"callback_query":{"id":"7345608113309884490","from":{"id":8152733609,"is_bot":false,"first_name":"Vijay48","language_code":"en"},"message":{"message_id":618,"from":{"id":8164448894,"is_bot":true,"first_name":"Lbbot_01","username":"Gamerlb01bot"},"chat":{"id":8152733609,"first_name":"Vijay48","type":"private"},"date":1773603463,"text":"\ud83d\udd52 Your Active Requests\n\n\ud83d\udcb3 Pending Deposits:\n\u2022 #7 - $250.00 (Partially Disputed) - Mar 14, 23:22","entities":[{"offset":0,"length":23,"type":"bold"},{"offset":25,"length":20,"type":"bold"},{"offset":53,"length":7,"type":"bold"},{"offset":84,"length":13,"type":"italic"}],"reply_markup":{"inline_keyboard":[[{"text":"Back to Menu","callback_data":"MAIN_MENU"}]]}},"chat_instance":"-8022870131296560198","data":"MAIN_MENU"}}
[2026-03-15 19:37:45] Routing to handleCallback
[2026-03-15 19:38:03] Webhook hit. Token=8164448894:AAFbloa8DU6DxN8Jjo0nMYnP6bL33DzcBu4 Bookie=1
[2026-03-15 19:38:03] Input: {"update_id":896251030,
"message":{"message_id":620,"from":{"id":8204776787,"is_bot":false,"first_name":"Rajani","username":"Rajani1708","language_code":"en"},"chat":{"id":8204776787,"first_name":"Rajani","username":"Rajani1708","type":"private"},"date":1773603482,"text":"/start","entities":[{"offset":0,"length":6,"type":"bot_command"}]}}
[2026-03-15 19:38:03] Routing to handleMessage
[2026-03-15 19:38:03] Processing handleMessage loop, text: /start
[2026-03-15 19:38:04] Telegram response: Array
[2026-03-15 19:38:07] Webhook hit. Token=8164448894:AAFbloa8DU6DxN8Jjo0nMYnP6bL33DzcBu4 Bookie=1
[2026-03-15 19:38:07] Input: {"update_id":896251031,
"callback_query":{"id":"7569131861533449550","from":{"id":8204776787,"is_bot":false,"first_name":"Rajani","username":"Rajani1708","language_code":"en"},"message":{"message_id":621,"from":{"id":8164448894,"is_bot":true,"first_name":"Lbbot_01","username":"Gamerlb01bot"},"chat":{"id":8204776787,"first_name":"Rajani","username":"Rajani1708","type":"private"},"date":1773603483,"text":"Welcome to Rajani's bookie bot!","entities":[{"offset":11,"length":6,"type":"bold"}],"reply_markup":{"inline_keyboard":[[{"text":"\ud83d\udcb0 Deposit","callback_data":"DEPOSIT"},{"text":"\ud83d\udcca Balance","callback_data":"BALANCE"}],[{"text":"\ud83c\udfe7 Withdraw","callback_data":"WITHDRAW"},{"text":"\ud83d\udd52 Active Request","callback_data":"ACTIVE_REQUESTS"}]]}},"chat_instance":"6698031621898929507","data":"WITHDRAW"}}
[2026-03-15 19:38:07] Routing to handleCallback
[2026-03-15 19:38:13] Webhook hit. Token=8164448894:AAFbloa8DU6DxN8Jjo0nMYnP6bL33DzcBu4 Bookie=1
[2026-03-15 19:38:13] Input: {"update_id":896251032,
"message":{"message_id":623,"from":{"id":8204776787,"is_bot":false,"first_name":"Rajani","username":"Rajani1708","language_code":"en"},"chat":{"id":8204776787,"first_name":"Rajani","username":"Rajani1708","type":"private"},"date":1773603492,"text":"20"}}
[2026-03-15 19:38:13] Routing to handleMessage
[2026-03-15 19:38:13] Processing handleMessage loop, text: 20
[2026-03-15 19:38:16] Webhook hit. Token=8164448894:AAFbloa8DU6DxN8Jjo0nMYnP6bL33DzcBu4 Bookie=1
[2026-03-15 19:38:16] Input: {"update_id":896251033,
"callback_query":{"id":"7569131863472792260","from":{"id":8204776787,"is_bot":false,"first_name":"Rajani","username":"Rajani1708","language_code":"en"},"message":{"message_id":624,"from":{"id":8164448894,"is_bot":true,"first_name":"Lbbot_01","username":"Gamerlb01bot"},"chat":{"id":8204776787,"first_name":"Rajani","username":"Rajani1708","type":"private"},"date":1773603493,"text":"Please select a payout method to receive your $20:","reply_markup":{"inline_keyboard":[[{"text":"venmo","callback_data":"SET_METHOD_NAME_venmo"},{"text":"paypal","callback_data":"SET_METHOD_NAME_paypal"}],[{"text":"\u2795 Other Method","callback_data":"ADD_PAYOUT_METHOD"}]]}},"chat_instance":"6698031621898929507","data":"SET_METHOD_NAME_venmo"}}
[2026-03-15 19:38:16] Routing to handleCallback
[2026-03-15 19:38:35] Webhook hit. Token=8164448894:AAFbloa8DU6DxN8Jjo0nMYnP6bL33DzcBu4 Bookie=1
[2026-03-15 19:38:35] Input: {"update_id":896251034,
"message":{"message_id":626,"from":{"id":8204776787,"is_bot":false,"first_name":"Rajani","username":"Rajani1708","language_code":"en"},"chat":{"id":8204776787,"first_name":"Rajani","username":"Rajani1708","type":"private"},"date":1773603514,"text":"$rajani67"}}
[2026-03-15 19:38:35] Routing to handleMessage
[2026-03-15 19:38:35] Processing handleMessage loop, text: $rajani67
[2026-03-15 19:38:40] Webhook hit. Token=8164448894:AAFbloa8DU6DxN8Jjo0nMYnP6bL33DzcBu4 Bookie=1
[2026-03-15 19:38:40] Input: {"update_id":896251035,
"callback_query":{"id":"7569131862369601713","from":{"id":8204776787,"is_bot":false,"first_name":"Rajani","username":"Rajani1708","language_code":"en"},"message":{"message_id":627,"from":{"id":8164448894,"is_bot":true,"first_name":"Lbbot_01","username":"Gamerlb01bot"},"chat":{"id":8204776787,"first_name":"Rajani","username":"Rajani1708","type":"private"},"date":1773603515,"text":"Please confirm your payout details:\n\n\ud83d\udcb0 Amount: $20.00\n\ud83c\udfe6 Method: venmo\n\ud83d\udc64 Account: $rajani67\n\nIs this correct?","entities":[{"offset":0,"length":35,"type":"bold"},{"offset":48,"length":6,"type":"bold"},{"offset":66,"length":5,"type":"bold"},{"offset":84,"length":9,"type":"code"}],"reply_markup":{"inline_keyboard":[[{"text":"\u2705 Yes, Proceed","callback_data":"CONFIRM_PAYOUT_YES"},{"text":"\u274c No, Change","callback_data":"CONFIRM_PAYOUT_NO"}]]}},"chat_instance":"6698031621898929507","data":"CONFIRM_PAYOUT_YES"}}
[2026-03-15 19:38:40] Routing to handleCallback
[2026-03-15 19:38:47] Webhook hit. Token=8164448894:AAFbloa8DU6DxN8Jjo0nMYnP6bL33DzcBu4 Bookie=1
[2026-03-15 19:38:47] Input: {"update_id":896251036,
"callback_query":{"id":"7345608114151584163","from":{"id":8152733609,"is_bot":false,"first_name":"Vijay48","language_code":"en"},"message":{"message_id":619,"from":{"id":8164448894,"is_bot":true,"first_name":"Lbbot_01","username":"Gamerlb01bot"},"chat":{"id":8152733609,"first_name":"Vijay48","type":"private"},"date":1773603466,"text":"Welcome to the bookie bot!","reply_markup":{"inline_keyboard":[[{"text":"\ud83d\udcb0 Deposit","callback_data":"DEPOSIT"},{"text":"\ud83d\udcca Balance","callback_data":"BALANCE"}],[{"text":"\ud83c\udfe7 Withdraw","callback_data":"WITHDRAW"},{"text":"\ud83d\udd52 Active Request","callback_data":"ACTIVE_REQUESTS"}]]}},"chat_instance":"-8022870131296560198","data":"DEPOSIT"}}
[2026-03-15 19:38:47] Routing to handleCallback
[2026-03-15 19:38:55] Webhook hit. Token=8164448894:AAFbloa8DU6DxN8Jjo0nMYnP6bL33DzcBu4 Bookie=1
[2026-03-15 19:38:55] Input: {"update_id":896251037,
"message":{"message_id":631,"from":{"id":8152733609,"is_bot":false,"first_name":"Vijay48","language_code":"en"},"chat":{"id":8152733609,"first_name":"Vijay48","type":"private"},"date":1773603534,"text":"20"}}
[2026-03-15 19:38:55] Routing to handleMessage
[2026-03-15 19:38:55] Processing handleMessage loop, text: 20
[2026-03-15 19:38:58] Webhook hit. Token=8164448894:AAFbloa8DU6DxN8Jjo0nMYnP6bL33DzcBu4 Bookie=1
[2026-03-15 19:38:58] Input: {"update_id":896251038,
"callback_query":{"id":"7345608115705900850","from":{"id":8152733609,"is_bot":false,"first_name":"Vijay48","language_code":"en"},"message":{"message_id":632,"from":{"id":8164448894,"is_bot":true,"first_name":"Lbbot_01","username":"Gamerlb01bot"},"chat":{"id":8152733609,"first_name":"Vijay48","type":"private"},"date":1773603535,"text":"Please select the wallet you want to use for this $20 deposit:","reply_markup":{"inline_keyboard":[[{"text":"Wallet: venmo","callback_data":"DEPOSIT_METHOD_venmo"},{"text":"Wallet: paypal","callback_data":"DEPOSIT_METHOD_paypal"}]]}},"chat_instance":"-8022870131296560198","data":"DEPOSIT_METHOD_venmo"}}
[2026-03-15 19:38:58] Routing to handleCallback
[2026-03-15 19:39:15] Webhook hit. Token=8164448894:AAFbloa8DU6DxN8Jjo0nMYnP6bL33DzcBu4 Bookie=1
[2026-03-15 19:39:15] Input: {"update_id":896251039,
"message":{"message_id":634,"from":{"id":8152733609,"is_bot":false,"first_name":"Vijay48","language_code":"en"},"chat":{"id":8152733609,"first_name":"Vijay48","type":"private"},"date":1773603554,"photo":[{"file_id":"AgACAgUAAxkBAAICemm3CuEZXL4EXMiOlyVa2W-4Ei6KAALWDmsbEfS5VbjSyx4rui1KAQADAgADcwADOgQ","file_unique_id":"AQAD1g5rGxH0uVV4","file_size":1064,"width":40,"height":90},{"file_id":"AgACAgUAAxkBAAICemm3CuEZXL4EXMiOlyVa2W-4Ei6KAALWDmsbEfS5VbjSyx4rui1KAQADAgADbQADOgQ","file_unique_id":"AQAD1g5rGxH0uVVy","file_size":16309,"width":144,"height":320},{"file_id":"AgACAgUAAxkBAAICemm3CuEZXL4EXMiOlyVa2W-4Ei6KAALWDmsbEfS5VbjSyx4rui1KAQADAgADeAADOgQ","file_unique_id":"AQAD1g5rGxH0uVV9","file_size":82137,"width":360,"height":800},{"file_id":"AgACAgUAAxkBAAICemm3CuEZXL4EXMiOlyVa2W-4Ei6KAALWDmsbEfS5VbjSyx4rui1KAQADAgADeQADOgQ","file_unique_id":"AQAD1g5rGxH0uVV-","file_size":168859,"width":576,"height":1280}]}}
[2026-03-15 19:39:15] Routing to handleMessage
[2026-03-15 19:39:15] Processing handleMessage loop, text: 
[2026-03-15 19:39:24] Webhook hit. Token=8164448894:AAFbloa8DU6DxN8Jjo0nMYnP6bL33DzcBu4 Bookie=1
[2026-03-15 19:39:24] Input: {"update_id":896251040,
"callback_query":{"id":"7569131862178335591","from":{"id":8204776787,"is_bot":false,"first_name":"Rajani","username":"Rajani1708","language_code":"en"},"message":{"message_id":635,"from":{"id":8164448894,"is_bot":true,"first_name":"Lbbot_01","username":"Gamerlb01bot"},"chat":{"id":8204776787,"first_name":"Rajani","username":"Rajani1708","type":"private"},"date":1773603555,"photo":[{"file_id":"AgACAgUAAxkBAAICemm3CuEZXL4EXMiOlyVa2W-4Ei6KAALWDmsbEfS5VbjSyx4rui1KAQADAgADcwADOgQ","file_unique_id":"AQAD1g5rGxH0uVV4","file_size":1064,"width":40,"height":90},{"file_id":"AgACAgUAAxkBAAICemm3CuEZXL4EXMiOlyVa2W-4Ei6KAALWDmsbEfS5VbjSyx4rui1KAQADAgADbQADOgQ","file_unique_id":"AQAD1g5rGxH0uVVy","file_size":16309,"width":144,"height":320},{"file_id":"AgACAgUAAxkBAAICemm3CuEZXL4EXMiOlyVa2W-4Ei6KAALWDmsbEfS5VbjSyx4rui1KAQADAgADeAADOgQ","file_unique_id":"AQAD1g5rGxH0uVV9","file_size":82137,"width":360,"height":800},{"file_id":"AgACAgUAAxkBAAICemm3CuEZXL4EXMiOlyVa2W-4Ei6KAALWDmsbEfS5VbjSyx4rui1KAQADAgADeQADOgQ","file_unique_id":"AQAD1g5rGxH0uVV-","file_size":168859,"width":576,"height":1280}],"caption":"\ud83d\udcb0 Withdrawal Credited\n\nPlayer Vijay48 has sent $20.00 toward your withdrawal request.\nThis amount has been deposited into your account.\n\nThis payment: $20.00\nTotal requested: $20.00\nPaid so far: $20.00 of $20.00\nRemaining: $0.00\n\nPayment method: venmo\nReference: WD-8 / PART-14\n\nPlease wait at least 10 minutes before pressing 'Didn't Receive' as notifications and transfers can sometimes take a few minutes to process.\n\nReceipt attached below.","caption_entities":[{"offset":0,"length":22,"type":"bold"},{"offset":31,"length":7,"type":"bold"},{"offset":48,"length":6,"type":"bold"},{"offset":108,"length":27,"type":"bold"},{"offset":152,"length":6,"type":"bold"},{"offset":176,"length":6,"type":"bold"},{"offset":196,"length":6,"type":"bold"},{"offset":224,"length":5,"type":"bold"},{"offset":280,"length":140,"type":"italic"}],"reply_markup":{"inline_keyboard":[[{"text":"\ud83d\udea8 Didn't Receive","callback_data":"DISPUTE_SPLIT_14"},{"text":"Back to Menu","callback_data":"MAIN_MENU"}]]}},"chat_instance":"6698031621898929507","data":"MAIN_MENU"}}
[2026-03-15 19:39:24] Routing to handleCallback
[2026-03-15 19:39:30] Webhook hit. Token=8164448894:AAFbloa8DU6DxN8Jjo0nMYnP6bL33DzcBu4 Bookie=1
[2026-03-15 19:39:30] Input: {"update_id":896251041,
"callback_query":{"id":"7345608113564820314","from":{"id":8152733609,"is_bot":false,"first_name":"Vijay48","language_code":"en"},"message":{"message_id":636,"from":{"id":8164448894,"is_bot":true,"first_name":"Lbbot_01","username":"Gamerlb01bot"},"chat":{"id":8152733609,"first_name":"Vijay48","type":"private"},"date":1773603556,"text":"\u2705 All payment receipts have been submitted.\nYour deposit has been approved and your wallet is credited instantly! Recipients have 10 minutes to review the payment.","entities":[{"offset":2,"length":41,"type":"bold"}],"reply_markup":{"inline_keyboard":[[{"text":"Back to Menu","callback_data":"MAIN_MENU"}]]}},"chat_instance":"-8022870131296560198","data":"MAIN_MENU"}}
[2026-03-15 19:39:30] Routing to handleCallback
[2026-03-16 04:50:46] Webhook hit. Token=8164448894:AAFbloa8DU6DxN8Jjo0nMYnP6bL33DzcBu4 Bookie=1
[2026-03-16 04:50:46] Input: {"update_id":896251042,
"message":{"message_id":639,"from":{"id":6876259231,"is_bot":false,"first_name":"Big Rob - $KIMCHI on Doge","username":"capetillorob","language_code":"en"},"chat":{"id":6876259231,"first_name":"Big Rob - $KIMCHI on Doge","username":"capetillorob","type":"private"},"date":1773636645,"text":"/start","entities":[{"offset":0,"length":6,"type":"bot_command"}]}}
[2026-03-16 04:50:46] Routing to handleMessage
[2026-03-16 04:50:46] Processing handleMessage loop, text: /start
[2026-03-16 04:50:47] Telegram response: Array
[2026-03-16 04:50:49] Webhook hit. Token=8164448894:AAFbloa8DU6DxN8Jjo0nMYnP6bL33DzcBu4 Bookie=1
[2026-03-16 04:50:49] Input: {"update_id":896251043,
"callback_query":{"id":"1863192407810409575","from":{"id":6876259231,"is_bot":false,"first_name":"Big Rob - $KIMCHI on Doge","username":"capetillorob","language_code":"en"},"message":{"message_id":640,"from":{"id":8164448894,"is_bot":true,"first_name":"Lbbot_01","username":"Gamerlb01bot"},"chat":{"id":6876259231,"first_name":"Big Rob - $KIMCHI on Doge","username":"capetillorob","type":"private"},"date":1773636646,"text":"Welcome to Big Rob - $KIMCHI on Doge's bookie bot!","entities":[{"offset":11,"length":10,"type":"bold"},{"offset":21,"length":7,"type":"cashtag"},{"offset":21,"length":7,"type":"bold"},{"offset":28,"length":8,"type":"bold"}],"reply_markup":{"inline_keyboard":[[{"text":"\ud83d\udcb0 Deposit","callback_data":"DEPOSIT"},{"text":"\ud83d\udcca Balance","callback_data":"BALANCE"}],[{"text":"\ud83c\udfe7 Withdraw","callback_data":"WITHDRAW"},{"text":"\ud83d\udd52 Active Request","callback_data":"ACTIVE_REQUESTS"}]]}},"chat_instance":"501308030367703006","data":"WITHDRAW"}}
[2026-03-16 04:50:49] Routing to handleCallback
[2026-03-16 04:50:54] Webhook hit. Token=8164448894:AAFbloa8DU6DxN8Jjo0nMYnP6bL33DzcBu4 Bookie=1
[2026-03-16 04:50:54] Input: {"update_id":896251044,
"message":{"message_id":642,"from":{"id":6876259231,"is_bot":false,"first_name":"Big Rob - $KIMCHI on Doge","username":"capetillorob","language_code":"en"},"chat":{"id":6876259231,"first_name":"Big Rob - $KIMCHI on Doge","username":"capetillorob","type":"private"},"date":1773636653,"text":"50"}}
[2026-03-16 04:50:54] Routing to handleMessage
[2026-03-16 04:50:54] Processing handleMessage loop, text: 50
[2026-03-16 04:50:58] Webhook hit. Token=8164448894:AAFbloa8DU6DxN8Jjo0nMYnP6bL33DzcBu4 Bookie=1
[2026-03-16 04:50:58] Input: {"update_id":896251045,
"callback_query":{"id":"1863192407862661750","from":{"id":6876259231,"is_bot":false,"first_name":"Big Rob - $KIMCHI on Doge","username":"capetillorob","language_code":"en"},"message":{"message_id":643,"from":{"id":8164448894,"is_bot":true,"first_name":"Lbbot_01","username":"Gamerlb01bot"},"chat":{"id":6876259231,"first_name":"Big Rob - $KIMCHI on Doge","username":"capetillorob","type":"private"},"date":1773636654,"text":"Please select a payout method to receive your $50:","reply_markup":{"inline_keyboard":[[{"text":"venmo","callback_data":"SET_METHOD_NAME_venmo"},{"text":"paypal","callback_data":"SET_METHOD_NAME_paypal"}],[{"text":"\u2795 Other Method","callback_data":"ADD_PAYOUT_METHOD"}]]}},"chat_instance":"501308030367703006","data":"SET_METHOD_NAME_venmo"}}
[2026-03-16 04:50:58] Routing to handleCallback
[2026-03-16 04:51:08] Webhook hit. Token=8164448894:AAFbloa8DU6DxN8Jjo0nMYnP6bL33DzcBu4 Bookie=1
[2026-03-16 04:51:08] Input: {"update_id":896251046,
"message":{"message_id":645,"from":{"id":6876259231,"is_bot":false,"first_name":"Big Rob - $KIMCHI on Doge","username":"capetillorob","language_code":"en"},"chat":{"id":6876259231,"first_name":"Big Rob - $KIMCHI on Doge","username":"capetillorob","type":"private"},"date":1773636667,"text":"$Rob"}}
[2026-03-16 04:51:08] Routing to handleMessage
[2026-03-16 04:51:08] Processing handleMessage loop, text: $Rob
[2026-03-16 04:51:12] Webhook hit. Token=8164448894:AAFbloa8DU6DxN8Jjo0nMYnP6bL33DzcBu4 Bookie=1
[2026-03-16 04:51:12] Input: {"update_id":896251047,
"callback_query":{"id":"1863192409477967982","from":{"id":6876259231,"is_bot":false,"first_name":"Big Rob - $KIMCHI on Doge","username":"capetillorob","language_code":"en"},"message":{"message_id":646,"from":{"id":8164448894,"is_bot":true,"first_name":"Lbbot_01","username":"Gamerlb01bot"},"chat":{"id":6876259231,"first_name":"Big Rob - $KIMCHI on Doge","username":"capetillorob","type":"private"},"date":1773636668,"text":"Please confirm your payout details:\n\n\ud83d\udcb0 Amount: $50.00\n\ud83c\udfe6 Method: venmo\n\ud83d\udc64 Account: $Rob\n\nIs this correct?","entities":[{"offset":0,"length":35,"type":"bold"},{"offset":48,"length":6,"type":"bold"},{"offset":66,"length":5,"type":"bold"},{"offset":84,"length":4,"type":"code"}],"reply_markup":{"inline_keyboard":[[{"text":"\u2705 Yes, Proceed","callback_data":"CONFIRM_PAYOUT_YES"},{"text":"\u274c No, Change","callback_data":"CONFIRM_PAYOUT_NO"}]]}},"chat_instance":"501308030367703006","data":"CONFIRM_PAYOUT_YES"}}
[2026-03-16 04:51:12] Routing to handleCallback
[2026-03-16 04:51:22] Webhook hit. Token=8164448894:AAFbloa8DU6DxN8Jjo0nMYnP6bL33DzcBu4 Bookie=1
[2026-03-16 04:51:22] Input: {"update_id":896251048,
"callback_query":{"id":"1863192409382728736","from":{"id":6876259231,"is_bot":false,"first_name":"Big Rob - $KIMCHI on Doge","username":"capetillorob","language_code":"en"},"message":{"message_id":647,"from":{"id":8164448894,"is_bot":true,"first_name":"Lbbot_01","username":"Gamerlb01bot"},"chat":{"id":6876259231,"first_name":"Big Rob - $KIMCHI on Doge","username":"capetillorob","type":"private"},"date":1773636674,"text":"\u2705 Withdrawal Requested!\n$50 has been locked and added to the payout queue. We will notify you when it is processed.","entities":[{"offset":2,"length":21,"type":"bold"}],"reply_markup":{"inline_keyboard":[[{"text":"Back to Menu","callback_data":"MAIN_MENU"}]]}},"chat_instance":"501308030367703006","data":"MAIN_MENU"}}
[2026-03-16 04:51:22] Routing to handleCallback
[2026-03-16 04:51:25] Webhook hit. Token=8164448894:AAFbloa8DU6DxN8Jjo0nMYnP6bL33DzcBu4 Bookie=1
[2026-03-16 04:51:25] Input: {"update_id":896251049,
"callback_query":{"id":"1863192407830550548","from":{"id":6876259231,"is_bot":false,"first_name":"Big Rob - $KIMCHI on Doge","username":"capetillorob","language_code":"en"},"message":{"message_id":649,"from":{"id":8164448894,"is_bot":true,"first_name":"Lbbot_01","username":"Gamerlb01bot"},"chat":{"id":6876259231,"first_name":"Big Rob - $KIMCHI on Doge","username":"capetillorob","type":"private"},"date":1773636683,"text":"Welcome to the bookie bot!","reply_markup":{"inline_keyboard":[[{"text":"\ud83d\udcb0 Deposit","callback_data":"DEPOSIT"},{"text":"\ud83d\udcca Balance","callback_data":"BALANCE"}],[{"text":"\ud83c\udfe7 Withdraw","callback_data":"WITHDRAW"},{"text":"\ud83d\udd52 Active Request","callback_data":"ACTIVE_REQUESTS"}]]}},"chat_instance":"501308030367703006","data":"ACTIVE_REQUESTS"}}
[2026-03-16 04:51:25] Routing to handleCallback
[2026-03-16 04:59:26] Webhook hit. Token=8164448894:AAFbloa8DU6DxN8Jjo0nMYnP6bL33DzcBu4 Bookie=1
[2026-03-16 04:59:26] Input: {"update_id":896251050,
"callback_query":{"id":"1863192409375243712","from":{"id":6876259231,"is_bot":false,"first_name":"Big Rob - $KIMCHI on Doge","username":"capetillorob","language_code":"en"},"message":{"message_id":647,"from":{"id":8164448894,"is_bot":true,"first_name":"Lbbot_01","username":"Gamerlb01bot"},"chat":{"id":6876259231,"first_name":"Big Rob - $KIMCHI on Doge","username":"capetillorob","type":"private"},"date":1773636674,"text":"\u2705 Withdrawal Requested!\n$50 has been locked and added to the payout queue. We will notify you when it is processed.","entities":[{"offset":2,"length":21,"type":"bold"}],"reply_markup":{"inline_keyboard":[[{"text":"Back to Menu","callback_data":"MAIN_MENU"}]]}},"chat_instance":"501308030367703006","data":"MAIN_MENU"}}
[2026-03-16 04:59:26] Routing to handleCallback
[2026-03-16 05:49:13] Webhook hit. Token=8164448894:AAFbloa8DU6DxN8Jjo0nMYnP6bL33DzcBu4 Bookie=1
[2026-03-16 05:49:13] Input: {"update_id":896251051,
"message":{"message_id":652,"from":{"id":6335658356,"is_bot":false,"first_name":"Alejandra","last_name":"Rosales","language_code":"en"},"chat":{"id":6335658356,"first_name":"Alejandra","last_name":"Rosales","type":"private"},"date":1773640152,"text":"Start"}}
[2026-03-16 05:49:13] Routing to handleMessage
[2026-03-16 05:49:13] Processing handleMessage loop, text: Start
[2026-03-16 05:49:38] Webhook hit. Token=8164448894:AAFbloa8DU6DxN8Jjo0nMYnP6bL33DzcBu4 Bookie=1
[2026-03-16 05:49:38] Input: {"update_id":896251052,
"message":{"message_id":654,"from":{"id":6335658356,"is_bot":false,"first_name":"Alejandra","last_name":"Rosales","language_code":"en"},"chat":{"id":6335658356,"first_name":"Alejandra","last_name":"Rosales","type":"private"},"date":1773640177,"text":"Start"}}
[2026-03-16 05:49:38] Routing to handleMessage
[2026-03-16 05:49:38] Processing handleMessage loop, text: Start
[2026-03-16 05:49:58] Webhook hit. Token=8164448894:AAFbloa8DU6DxN8Jjo0nMYnP6bL33DzcBu4 Bookie=1
[2026-03-16 05:49:58] Input: {"update_id":896251053,
"callback_query":{"id":"8764701367772308223","from":{"id":6335658356,"is_bot":false,"first_name":"Alejandra","last_name":"Rosales","language_code":"en"},"message":{"message_id":71,"from":{"id":8164448894,"is_bot":true,"first_name":"Lbbot_01","username":"Gamerlb01bot"},"chat":{"id":6335658356,"first_name":"Alejandra","last_name":"Rosales","type":"private"},"date":1773126913,"text":"Welcome to Alejandra's bookie bot!","entities":[{"offset":11,"length":9,"type":"bold"}],"reply_markup":{"inline_keyboard":[[{"text":"\ud83d\udcb0 Deposit","callback_data":"DEPOSIT"}],[{"text":"\ud83c\udfe7 Withdraw","callback_data":"WITHDRAW"}]]}},"chat_instance":"4082085802790994207","data":"DEPOSIT"}}
[2026-03-16 05:49:58] Routing to handleCallback
[2026-03-16 05:50:27] Webhook hit. Token=8164448894:AAFbloa8DU6DxN8Jjo0nMYnP6bL33DzcBu4 Bookie=1
[2026-03-16 05:50:27] Input: {"update_id":896251054,
"message":{"message_id":657,"from":{"id":6335658356,"is_bot":false,"first_name":"Alejandra","last_name":"Rosales","language_code":"en"},"chat":{"id":6335658356,"first_name":"Alejandra","last_name":"Rosales","type":"private"},"date":1773640227,"text":"100"}}
[2026-03-16 05:50:27] Routing to handleMessage
[2026-03-16 05:50:27] Processing handleMessage loop, text: 100
[2026-03-16 05:50:32] Webhook hit. Token=8164448894:AAFbloa8DU6DxN8Jjo0nMYnP6bL33DzcBu4 Bookie=1
[2026-03-16 05:50:32] Input: {"update_id":896251055,
"callback_query":{"id":"8764701366366471873","from":{"id":6335658356,"is_bot":false,"first_name":"Alejandra","last_name":"Rosales","language_code":"en"},"message":{"message_id":658,"from":{"id":8164448894,"is_bot":true,"first_name":"Lbbot_01","username":"Gamerlb01bot"},"chat":{"id":6335658356,"first_name":"Alejandra","last_name":"Rosales","type":"private"},"date":1773640228,"text":"Please select the wallet you want to use for this $100 deposit:","reply_markup":{"inline_keyboard":[[{"text":"Wallet: venmo","callback_data":"DEPOSIT_METHOD_venmo"},{"text":"Wallet: paypal","callback_data":"DEPOSIT_METHOD_paypal"}]]}},"chat_instance":"4082085802790994207","data":"DEPOSIT_METHOD_venmo"}}
[2026-03-16 05:50:32] Routing to handleCallback
[2026-03-16 05:51:04] Webhook hit. Token=8164448894:AAFbloa8DU6DxN8Jjo0nMYnP6bL33DzcBu4 Bookie=1
[2026-03-16 05:51:04] Input: {"update_id":896251056,
"callback_query":{"id":"1863192406357243937","from":{"id":6876259231,"is_bot":false,"first_name":"Big Rob - $KIMCHI on Doge","username":"capetillorob","language_code":"en"},"message":{"message_id":651,"from":{"id":8164448894,"is_bot":true,"first_name":"Lbbot_01","username":"Gamerlb01bot"},"chat":{"id":6876259231,"first_name":"Big Rob - $KIMCHI on Doge","username":"capetillorob","type":"private"},"date":1773637167,"text":"Welcome to the bookie bot!","reply_markup":{"inline_keyboard":[[{"text":"\ud83d\udcb0 Deposit","callback_data":"DEPOSIT"},{"text":"\ud83d\udcca Balance","callback_data":"BALANCE"}],[{"text":"\ud83c\udfe7 Withdraw","callback_data":"WITHDRAW"},{"text":"\ud83d\udd52 Active Request","callback_data":"ACTIVE_REQUESTS"}]]}},"chat_instance":"501308030367703006","data":"ACTIVE_REQUESTS"}}
[2026-03-16 05:51:04] Routing to handleCallback
[2026-03-16 05:51:48] Webhook hit. Token=8164448894:AAFbloa8DU6DxN8Jjo0nMYnP6bL33DzcBu4 Bookie=1
[2026-03-16 05:51:48] Input: {"update_id":896251057,
"message":{"message_id":661,"from":{"id":6335658356,"is_bot":false,"first_name":"Alejandra","last_name":"Rosales","language_code":"en"},"chat":{"id":6335658356,"first_name":"Alejandra","last_name":"Rosales","type":"private"},"date":1773640307,"reply_to_message":{"message_id":659,"from":{"id":8164448894,"is_bot":true,"first_name":"Lbbot_01","username":"Gamerlb01bot"},"chat":{"id":6335658356,"first_name":"Alejandra","last_name":"Rosales","type":"private"},"date":1773640234,"text":"Step 1 of 2\nSend $50.00 to Big Rob - $KIMCHI on Doge\n\nMethod: venmo\nHandle: $Rob\n\n\ud83d\udcf8 After sending the payment, upload the receipt here.","entities":[{"offset":0,"length":11,"type":"bold"},{"offset":17,"length":6,"type":"bold"},{"offset":27,"length":10,"type":"bold"},{"offset":37,"length":7,"type":"cashtag"},{"offset":37,"length":7,"type":"bold"},{"offset":44,"length":8,"type":"bold"},{"offset":62,"length":5,"type":"code"},{"offset":76,"length":4,"type":"code"}]},"photo":[{"file_id":"AgACAgEAAxkBAAIClWm3mnMd3qrDzhiaMZd8uD6e9mVfAAJ-C2sbBJbARevbpgd0hnHgAQADAgADcwADOgQ","file_unique_id":"AQADfgtrGwSWwEV4","file_size":1236,"width":42,"height":90},{"file_id":"AgACAgEAAxkBAAIClWm3mnMd3qrDzhiaMZd8uD6e9mVfAAJ-C2sbBJbARevbpgd0hnHgAQADAgADbQADOgQ","file_unique_id":"AQADfgtrGwSWwEVy","file_size":12058,"width":148,"height":320},{"file_id":"AgACAgEAAxkBAAIClWm3mnMd3qrDzhiaMZd8uD6e9mVfAAJ-C2sbBJbARevbpgd0hnHgAQADAgADeAADOgQ","file_unique_id":"AQADfgtrGwSWwEV9","file_size":43202,"width":369,"height":800},{"file_id":"AgACAgEAAxkBAAIClWm3mnMd3qrDzhiaMZd8uD6e9mVfAAJ-C2sbBJbARevbpgd0hnHgAQADAgADeQADOgQ","file_unique_id":"AQADfgtrGwSWwEV-","file_size":56832,"width":590,"height":1280}]}}
[2026-03-16 05:51:48] Routing to handleMessage
[2026-03-16 05:51:48] Processing handleMessage loop, text: 
[2026-03-16 05:52:51] Webhook hit. Token=8164448894:AAFbloa8DU6DxN8Jjo0nMYnP6bL33DzcBu4 Bookie=1
[2026-03-16 05:52:51] Input: {"update_id":896251058,
"message":{"message_id":664,"from":{"id":6335658356,"is_bot":false,"first_name":"Alejandra","last_name":"Rosales","language_code":"en"},"chat":{"id":6335658356,"first_name":"Alejandra","last_name":"Rosales","type":"private"},"date":1773640370,"photo":[{"file_id":"AgACAgEAAxkBAAICmGm3mrKhadD0NUsSksherMBFjm5yAAJ_C2sbBJbARZuoaApq9dv8AQADAgADcwADOgQ","file_unique_id":"AQADfwtrGwSWwEV4","file_size":1088,"width":42,"height":90},{"file_id":"AgACAgEAAxkBAAICmGm3mrKhadD0NUsSksherMBFjm5yAAJ_C2sbBJbARZuoaApq9dv8AQADAgADbQADOgQ","file_unique_id":"AQADfwtrGwSWwEVy","file_size":13847,"width":148,"height":320},{"file_id":"AgACAgEAAxkBAAICmGm3mrKhadD0NUsSksherMBFjm5yAAJ_C2sbBJbARZuoaApq9dv8AQADAgADeAADOgQ","file_unique_id":"AQADfwtrGwSWwEV9","file_size":52809,"width":369,"height":800},{"file_id":"AgACAgEAAxkBAAICmGm3mrKhadD0NUsSksherMBFjm5yAAJ_C2sbBJbARZuoaApq9dv8AQADAgADeQADOgQ","file_unique_id":"AQADfwtrGwSWwEV-","file_size":67937,"width":590,"height":1280}]}}
[2026-03-16 05:52:51] Routing to handleMessage
[2026-03-16 05:52:51] Processing handleMessage loop, text: 
[2026-03-16 05:55:32] Webhook hit. Token=8164448894:AAFbloa8DU6DxN8Jjo0nMYnP6bL33DzcBu4 Bookie=1
[2026-03-16 05:55:32] Input: {"update_id":896251059,
"callback_query":{"id":"8764701366391465392","from":{"id":6335658356,"is_bot":false,"first_name":"Alejandra","last_name":"Rosales","language_code":"en"},"message":{"message_id":666,"from":{"id":8164448894,"is_bot":true,"first_name":"Lbbot_01","username":"Gamerlb01bot"},"chat":{"id":6335658356,"first_name":"Alejandra","last_name":"Rosales","type":"private"},"date":1773640372,"text":"\u2705 All payment receipts have been submitted.\nYour deposit has been approved and your wallet is credited instantly! Recipients have 10 minutes to review the payment.","entities":[{"offset":2,"length":41,"type":"bold"}],"reply_markup":{"inline_keyboard":[[{"text":"Back to Menu","callback_data":"MAIN_MENU"}]]}},"chat_instance":"4082085802790994207","data":"MAIN_MENU"}}
[2026-03-16 05:55:32] Routing to handleCallback
[2026-03-16 05:55:34] Webhook hit. Token=8164448894:AAFbloa8DU6DxN8Jjo0nMYnP6bL33DzcBu4 Bookie=1
[2026-03-16 05:55:34] Input: {"update_id":896251060,
"callback_query":{"id":"1863192408235486054","from":{"id":6876259231,"is_bot":false,"first_name":"Big Rob - $KIMCHI on Doge","username":"capetillorob","language_code":"en"},"message":{"message_id":662,"from":{"id":8164448894,"is_bot":true,"first_name":"Lbbot_01","username":"Gamerlb01bot"},"chat":{"id":6876259231,"first_name":"Big Rob - $KIMCHI on Doge","username":"capetillorob","type":"private"},"date":1773640309,"photo":[{"file_id":"AgACAgEAAxkBAAIClWm3mnMd3qrDzhiaMZd8uD6e9mVfAAJ-C2sbBJbARevbpgd0hnHgAQADAgADcwADOgQ","file_unique_id":"AQADfgtrGwSWwEV4","file_size":1236,"width":42,"height":90},{"file_id":"AgACAgEAAxkBAAIClWm3mnMd3qrDzhiaMZd8uD6e9mVfAAJ-C2sbBJbARevbpgd0hnHgAQADAgADbQADOgQ","file_unique_id":"AQADfgtrGwSWwEVy","file_size":12058,"width":148,"height":320},{"file_id":"AgACAgEAAxkBAAIClWm3mnMd3qrDzhiaMZd8uD6e9mVfAAJ-C2sbBJbARevbpgd0hnHgAQADAgADeAADOgQ","file_unique_id":"AQADfgtrGwSWwEV9","file_size":43202,"width":369,"height":800},{"file_id":"AgACAgEAAxkBAAIClWm3mnMd3qrDzhiaMZd8uD6e9mVfAAJ-C2sbBJbARevbpgd0hnHgAQADAgADeQADOgQ","file_unique_id":"AQADfgtrGwSWwEV-","file_size":56832,"width":590,"height":1280}],"caption":"\ud83d\udcb0 Withdrawal Credited\n\nPlayer Alejandra has sent $50.00 toward your withdrawal request.\nThis amount has been deposited into your account.\n\nThis payment: $50.00\nTotal requested: $50.00\nPaid so far: $50.00 of $50.00\nRemaining: $0.00\n\nPayment method: venmo\nReference: WD-9 / PART-15\n\nPlease wait at least 10 minutes before pressing 'Didn't Receive' as notifications and transfers can sometimes take a few minutes to process.\n\nReceipt attached below.","caption_entities":[{"offset":0,"length":22,"type":"bold"},{"offset":31,"length":9,"type":"bold"},{"offset":50,"length":6,"type":"bold"},{"offset":110,"length":27,"type":"bold"},{"offset":154,"length":6,"type":"bold"},{"offset":178,"length":6,"type":"bold"},{"offset":198,"length":6,"type":"bold"},{"offset":226,"length":5,"type":"bold"},{"offset":282,"length":140,"type":"italic"}],"reply_markup":{"inline_keyboard":[[{"text":"\ud83d\udea8 Didn't Receive","callback_data":"DISPUTE_SPLIT_15"},{"text":"Back to Menu","callback_data":"MAIN_MENU"}]]}},"chat_instance":"501308030367703006","data":"DISPUTE_SPLIT_15"}}
[2026-03-16 05:55:34] Routing to handleCallback
[2026-03-16 05:55:35] Webhook hit. Token=8164448894:AAFbloa8DU6DxN8Jjo0nMYnP6bL33DzcBu4 Bookie=1
[2026-03-16 05:55:35] Input: {"update_id":896251061,
"callback_query":{"id":"8764701365453558090","from":{"id":6335658356,"is_bot":false,"first_name":"Alejandra","last_name":"Rosales","language_code":"en"},"message":{"message_id":667,"from":{"id":8164448894,"is_bot":true,"first_name":"Lbbot_01","username":"Gamerlb01bot"},"chat":{"id":6335658356,"first_name":"Alejandra","last_name":"Rosales","type":"private"},"date":1773640533,"text":"Welcome to the bookie bot!","reply_markup":{"inline_keyboard":[[{"text":"\ud83d\udcb0 Deposit","callback_data":"DEPOSIT"},{"text":"\ud83d\udcca Balance","callback_data":"BALANCE"}],[{"text":"\ud83c\udfe7 Withdraw","callback_data":"WITHDRAW"},{"text":"\ud83d\udd52 Active Request","callback_data":"ACTIVE_REQUESTS"}]]}},"chat_instance":"4082085802790994207","data":"BALANCE"}}
[2026-03-16 05:55:35] Routing to handleCallback
[2026-03-16 05:55:39] Webhook hit. Token=8164448894:AAFbloa8DU6DxN8Jjo0nMYnP6bL33DzcBu4 Bookie=1
[2026-03-16 05:55:39] Input: {"update_id":896251062,
"callback_query":{"id":"1863192408989858091","from":{"id":6876259231,"is_bot":false,"first_name":"Big Rob - $KIMCHI on Doge","username":"capetillorob","language_code":"en"},"message":{"message_id":662,"from":{"id":8164448894,"is_bot":true,"first_name":"Lbbot_01","username":"Gamerlb01bot"},"chat":{"id":6876259231,"first_name":"Big Rob - $KIMCHI on Doge","username":"capetillorob","type":"private"},"date":1773640309,"photo":[{"file_id":"AgACAgEAAxkBAAIClWm3mnMd3qrDzhiaMZd8uD6e9mVfAAJ-C2sbBJbARevbpgd0hnHgAQADAgADcwADOgQ","file_unique_id":"AQADfgtrGwSWwEV4","file_size":1236,"width":42,"height":90},{"file_id":"AgACAgEAAxkBAAIClWm3mnMd3qrDzhiaMZd8uD6e9mVfAAJ-C2sbBJbARevbpgd0hnHgAQADAgADbQADOgQ","file_unique_id":"AQADfgtrGwSWwEVy","file_size":12058,"width":148,"height":320},{"file_id":"AgACAgEAAxkBAAIClWm3mnMd3qrDzhiaMZd8uD6e9mVfAAJ-C2sbBJbARevbpgd0hnHgAQADAgADeAADOgQ","file_unique_id":"AQADfgtrGwSWwEV9","file_size":43202,"width":369,"height":800},{"file_id":"AgACAgEAAxkBAAIClWm3mnMd3qrDzhiaMZd8uD6e9mVfAAJ-C2sbBJbARevbpgd0hnHgAQADAgADeQADOgQ","file_unique_id":"AQADfgtrGwSWwEV-","file_size":56832,"width":590,"height":1280}],"caption":"\ud83d\udcb0 Withdrawal Credited\n\nPlayer Alejandra has sent $50.00 toward your withdrawal request.\nThis amount has been deposited into your account.\n\nThis payment: $50.00\nTotal requested: $50.00\nPaid so far: $50.00 of $50.00\nRemaining: $0.00\n\nPayment method: venmo\nReference: WD-9 / PART-15\n\nPlease wait at least 10 minutes before pressing 'Didn't Receive' as notifications and transfers can sometimes take a few minutes to process.\n\nReceipt attached below.","caption_entities":[{"offset":0,"length":22,"type":"bold"},{"offset":31,"length":9,"type":"bold"},{"offset":50,"length":6,"type":"bold"},{"offset":110,"length":27,"type":"bold"},{"offset":154,"length":6,"type":"bold"},{"offset":178,"length":6,"type":"bold"},{"offset":198,"length":6,"type":"bold"},{"offset":226,"length":5,"type":"bold"},{"offset":282,"length":140,"type":"italic"}],"reply_markup":{"inline_keyboard":[[{"text":"\ud83d\udea8 Didn't Receive","callback_data":"DISPUTE_SPLIT_15"},{"text":"Back to Menu","callback_data":"MAIN_MENU"}]]}},"chat_instance":"501308030367703006","data":"MAIN_MENU"}}
[2026-03-16 05:55:39] Routing to handleCallback
[2026-03-16 05:55:43] Webhook hit. Token=8164448894:AAFbloa8DU6DxN8Jjo0nMYnP6bL33DzcBu4 Bookie=1
[2026-03-16 05:55:43] Input: {"update_id":896251063,
"callback_query":{"id":"1863192408127648364","from":{"id":6876259231,"is_bot":false,"first_name":"Big Rob - $KIMCHI on Doge","username":"capetillorob","language_code":"en"},"message":{"message_id":671,"from":{"id":8164448894,"is_bot":true,"first_name":"Lbbot_01","username":"Gamerlb01bot"},"chat":{"id":6876259231,"first_name":"Big Rob - $KIMCHI on Doge","username":"capetillorob","type":"private"},"date":1773640540,"text":"Welcome to the bookie bot!","reply_markup":{"inline_keyboard":[[{"text":"\ud83d\udcb0 Deposit","callback_data":"DEPOSIT"},{"text":"\ud83d\udcca Balance","callback_data":"BALANCE"}],[{"text":"\ud83c\udfe7 Withdraw","callback_data":"WITHDRAW"},{"text":"\ud83d\udd52 Active Request","callback_data":"ACTIVE_REQUESTS"}]]}},"chat_instance":"501308030367703006","data":"BALANCE"}}
[2026-03-16 05:55:43] Routing to handleCallback
[2026-03-16 05:56:46] Webhook hit. Token=8164448894:AAFbloa8DU6DxN8Jjo0nMYnP6bL33DzcBu4 Bookie=1
[2026-03-16 05:56:46] Input: {"update_id":896251064,
"callback_query":{"id":"1863192406556578547","from":{"id":6876259231,"is_bot":false,"first_name":"Big Rob - $KIMCHI on Doge","username":"capetillorob","language_code":"en"},"message":{"message_id":671,"from":{"id":8164448894,"is_bot":true,"first_name":"Lbbot_01","username":"Gamerlb01bot"},"chat":{"id":6876259231,"first_name":"Big Rob - $KIMCHI on Doge","username":"capetillorob","type":"private"},"date":1773640540,"edit_date":1773640544,"text":"\ud83d\udcb0 Balance is : $250.00","entities":[{"offset":0,"length":23,"type":"bold"}],"reply_markup":{"inline_keyboard":[[{"text":"Back to Menu","callback_data":"MAIN_MENU"}]]}},"chat_instance":"501308030367703006","data":"MAIN_MENU"}}
[2026-03-16 05:56:46] Routing to handleCallback
[2026-03-16 05:56:50] Webhook hit. Token=8164448894:AAFbloa8DU6DxN8Jjo0nMYnP6bL33DzcBu4 Bookie=1
[2026-03-16 05:56:50] Input: {"update_id":896251065,
"callback_query":{"id":"1863192408859370594","from":{"id":6876259231,"is_bot":false,"first_name":"Big Rob - $KIMCHI on Doge","username":"capetillorob","language_code":"en"},"message":{"message_id":672,"from":{"id":8164448894,"is_bot":true,"first_name":"Lbbot_01","username":"Gamerlb01bot"},"chat":{"id":6876259231,"first_name":"Big Rob - $KIMCHI on Doge","username":"capetillorob","type":"private"},"date":1773640607,"text":"Welcome to the bookie bot!","reply_markup":{"inline_keyboard":[[{"text":"\ud83d\udcb0 Deposit","callback_data":"DEPOSIT"},{"text":"\ud83d\udcca Balance","callback_data":"BALANCE"}],[{"text":"\ud83c\udfe7 Withdraw","callback_data":"WITHDRAW"},{"text":"\ud83d\udd52 Active Request","callback_data":"ACTIVE_REQUESTS"}]]}},"chat_instance":"501308030367703006","data":"BALANCE"}}
[2026-03-16 05:56:50] Routing to handleCallback
[2026-03-16 05:57:03] Webhook hit. Token=8164448894:AAFbloa8DU6DxN8Jjo0nMYnP6bL33DzcBu4 Bookie=1
[2026-03-16 05:57:03] Input: {"update_id":896251066,
"callback_query":{"id":"1863192406270820591","from":{"id":6876259231,"is_bot":false,"first_name":"Big Rob - $KIMCHI on Doge","username":"capetillorob","language_code":"en"},"message":{"message_id":672,"from":{"id":8164448894,"is_bot":true,"first_name":"Lbbot_01","username":"Gamerlb01bot"},"chat":{"id":6876259231,"first_name":"Big Rob - $KIMCHI on Doge","username":"capetillorob","type":"private"},"date":1773640607,"edit_date":1773640612,"text":"\ud83d\udcb0 Balance is : $250.00","entities":[{"offset":0,"length":23,"type":"bold"}],"reply_markup":{"inline_keyboard":[[{"text":"Back to Menu","callback_data":"MAIN_MENU"}]]}},"chat_instance":"501308030367703006","data":"MAIN_MENU"}}
[2026-03-16 05:57:03] Routing to handleCallback
[2026-03-16 05:57:06] Webhook hit. Token=8164448894:AAFbloa8DU6DxN8Jjo0nMYnP6bL33DzcBu4 Bookie=1
[2026-03-16 05:57:06] Input: {"update_id":896251067,
"callback_query":{"id":"1863192406136167024","from":{"id":6876259231,"is_bot":false,"first_name":"Big Rob - $KIMCHI on Doge","username":"capetillorob","language_code":"en"},"message":{"message_id":674,"from":{"id":8164448894,"is_bot":true,"first_name":"Lbbot_01","username":"Gamerlb01bot"},"chat":{"id":6876259231,"first_name":"Big Rob - $KIMCHI on Doge","username":"capetillorob","type":"private"},"date":1773640625,"text":"Welcome to the bookie bot!","reply_markup":{"inline_keyboard":[[{"text":"\ud83d\udcb0 Deposit","callback_data":"DEPOSIT"},{"text":"\ud83d\udcca Balance","callback_data":"BALANCE"}],[{"text":"\ud83c\udfe7 Withdraw","callback_data":"WITHDRAW"},{"text":"\ud83d\udd52 Active Request","callback_data":"ACTIVE_REQUESTS"}]]}},"chat_instance":"501308030367703006","data":"BALANCE"}}
[2026-03-16 05:57:06] Routing to handleCallback
[2026-03-16 05:59:26] Webhook hit. Token=8164448894:AAFbloa8DU6DxN8Jjo0nMYnP6bL33DzcBu4 Bookie=1
[2026-03-16 05:59:26] Input: {"update_id":896251068,
"callback_query":{"id":"1863192407075176780","from":{"id":6876259231,"is_bot":false,"first_name":"Big Rob - $KIMCHI on Doge","username":"capetillorob","language_code":"en"},"message":{"message_id":671,"from":{"id":8164448894,"is_bot":true,"first_name":"Lbbot_01","username":"Gamerlb01bot"},"chat":{"id":6876259231,"first_name":"Big Rob - $KIMCHI on Doge","username":"capetillorob","type":"private"},"date":1773640540,"edit_date":1773640544,"text":"\ud83d\udcb0 Balance is : $250.00","entities":[{"offset":0,"length":23,"type":"bold"}],"reply_markup":{"inline_keyboard":[[{"text":"Back to Menu","callback_data":"MAIN_MENU"}]]}},"chat_instance":"501308030367703006","data":"MAIN_MENU"}}
[2026-03-16 05:59:26] Routing to handleCallback
[2026-03-16 05:59:29] Webhook hit. Token=8164448894:AAFbloa8DU6DxN8Jjo0nMYnP6bL33DzcBu4 Bookie=1
[2026-03-16 05:59:29] Input: {"update_id":896251069,
"callback_query":{"id":"1863192406808702470","from":{"id":6876259231,"is_bot":false,"first_name":"Big Rob - $KIMCHI on Doge","username":"capetillorob","language_code":"en"},"message":{"message_id":675,"from":{"id":8164448894,"is_bot":true,"first_name":"Lbbot_01","username":"Gamerlb01bot"},"chat":{"id":6876259231,"first_name":"Big Rob - $KIMCHI on Doge","username":"capetillorob","type":"private"},"date":1773640767,"text":"Welcome to the bookie bot!","reply_markup":{"inline_keyboard":[[{"text":"\ud83d\udcb0 Deposit","callback_data":"DEPOSIT"},{"text":"\ud83d\udcca Balance","callback_data":"BALANCE"}],[{"text":"\ud83c\udfe7 Withdraw","callback_data":"WITHDRAW"},{"text":"\ud83d\udd52 Active Request","callback_data":"ACTIVE_REQUESTS"}]]}},"chat_instance":"501308030367703006","data":"BALANCE"}}
[2026-03-16 05:59:29] Routing to handleCallback
[2026-03-16 06:06:41] Webhook hit. Token=8164448894:AAFbloa8DU6DxN8Jjo0nMYnP6bL33DzcBu4 Bookie=1
[2026-03-16 06:06:41] Input: {"update_id":896251070,
"callback_query":{"id":"28539232003933849","from":{"id":8596579399,"is_bot":false,"first_name":"Goga","last_name":"Lokhande","username":"Goga1708","language_code":"en"},"message":{"message_id":665,"from":{"id":8164448894,"is_bot":true,"first_name":"Lbbot_01","username":"Gamerlb01bot"},"chat":{"id":8596579399,"first_name":"Goga","last_name":"Lokhande","username":"Goga1708","type":"private"},"date":1773640371,"photo":[{"file_id":"AgACAgEAAxkBAAICmGm3mrKhadD0NUsSksherMBFjm5yAAJ_C2sbBJbARZuoaApq9dv8AQADAgADcwADOgQ","file_unique_id":"AQADfwtrGwSWwEV4","file_size":1088,"width":42,"height":90},{"file_id":"AgACAgEAAxkBAAICmGm3mrKhadD0NUsSksherMBFjm5yAAJ_C2sbBJbARZuoaApq9dv8AQADAgADbQADOgQ","file_unique_id":"AQADfwtrGwSWwEVy","file_size":13847,"width":148,"height":320},{"file_id":"AgACAgEAAxkBAAICmGm3mrKhadD0NUsSksherMBFjm5yAAJ_C2sbBJbARZuoaApq9dv8AQADAgADeAADOgQ","file_unique_id":"AQADfwtrGwSWwEV9","file_size":52809,"width":369,"height":800},{"file_id":"AgACAgEAAxkBAAICmGm3mrKhadD0NUsSksherMBFjm5yAAJ_C2sbBJbARZuoaApq9dv8AQADAgADeQADOgQ","file_unique_id":"AQADfwtrGwSWwEV-","file_size":67937,"width":590,"height":1280}],"caption":"\ud83d\udcb0 Deposit Credited\n\nPlayer Alejandra has sent $50.00 directly to you.\nThis amount has been deposited into your account.\n\nPayment method: venmo\nReference: PART-16\n\nPlease wait at least 10 minutes before pressing 'Didn't Receive' as notifications and transfers can sometimes take a few minutes to process.\n\nReceipt attached below.","caption_entities":[{"offset":0,"length":19,"type":"bold"},{"offset":28,"length":9,"type":"bold"},{"offset":47,"length":6,"type":"bold"},{"offset":92,"length":27,"type":"bold"},{"offset":164,"length":140,"type":"italic"}],"reply_markup":{"inline_keyboard":[[{"text":"\ud83d\udea8 Didn't Receive","callback_data":"DISPUTE_SPLIT_16"},{"text":"Back to Menu","callback_data":"MAIN_MENU"}]]}},"chat_instance":"2599249049092060590","data":"MAIN_MENU"}}
[2026-03-16 06:06:41] Routing to handleCallback
[2026-03-16 06:54:18] Webhook hit. Token=8164448894:AAFbloa8DU6DxN8Jjo0nMYnP6bL33DzcBu4 Bookie=1
[2026-03-16 06:54:18] Input: {"update_id":896251071,
"callback_query":{"id":"8764701365166161758","from":{"id":6335658356,"is_bot":false,"first_name":"Alejandra","last_name":"Rosales","language_code":"en"},"message":{"message_id":667,"from":{"id":8164448894,"is_bot":true,"first_name":"Lbbot_01","username":"Gamerlb01bot"},"chat":{"id":6335658356,"first_name":"Alejandra","last_name":"Rosales","type":"private"},"date":1773640533,"edit_date":1773640537,"text":"\ud83d\udcb0 Balance is : $100.00","entities":[{"offset":0,"length":23,"type":"bold"}],"reply_markup":{"inline_keyboard":[[{"text":"Back to Menu","callback_data":"MAIN_MENU"}]]}},"chat_instance":"4082085802790994207","data":"MAIN_MENU"}}
[2026-03-16 06:54:18] Routing to handleCallback
[2026-03-16 06:54:23] Webhook hit. Token=8164448894:AAFbloa8DU6DxN8Jjo0nMYnP6bL33DzcBu4 Bookie=1
[2026-03-16 06:54:23] Input: {"update_id":896251072,
"callback_query":{"id":"8764701364915076583","from":{"id":6335658356,"is_bot":false,"first_name":"Alejandra","last_name":"Rosales","language_code":"en"},"message":{"message_id":677,"from":{"id":8164448894,"is_bot":true,"first_name":"Lbbot_01","username":"Gamerlb01bot"},"chat":{"id":6335658356,"first_name":"Alejandra","last_name":"Rosales","type":"private"},"date":1773644059,"text":"Welcome to the bookie bot!","reply_markup":{"inline_keyboard":[[{"text":"\ud83d\udcb0 Deposit","callback_data":"DEPOSIT"},{"text":"\ud83d\udcca Balance","callback_data":"BALANCE"}],[{"text":"\ud83c\udfe7 Withdraw","callback_data":"WITHDRAW"},{"text":"\ud83d\udd52 Active Request","callback_data":"ACTIVE_REQUESTS"}]]}},"chat_instance":"4082085802790994207","data":"ACTIVE_REQUESTS"}}
[2026-03-16 06:54:23] Routing to handleCallback
[2026-03-16 06:54:27] Webhook hit. Token=8164448894:AAFbloa8DU6DxN8Jjo0nMYnP6bL33DzcBu4 Bookie=1
[2026-03-16 06:54:27] Input: {"update_id":896251073,
"callback_query":{"id":"8764701367773597954","from":{"id":6335658356,"is_bot":false,"first_name":"Alejandra","last_name":"Rosales","language_code":"en"},"message":{"message_id":678,"from":{"id":8164448894,"is_bot":true,"first_name":"Lbbot_01","username":"Gamerlb01bot"},"chat":{"id":6335658356,"first_name":"Alejandra","last_name":"Rosales","type":"private"},"date":1773644065,"text":"\ud83d\udd52 Your Active Requests\n\nYou have no active deposits or withdrawals at the moment.","entities":[{"offset":0,"length":23,"type":"bold"}],"reply_markup":{"inline_keyboard":[[{"text":"Back to Menu","callback_data":"MAIN_MENU"}]]}},"chat_instance":"4082085802790994207","data":"MAIN_MENU"}}
[2026-03-16 06:54:27] Routing to handleCallback
[2026-03-17 10:32:42] Webhook hit. Token=8164448894:AAFbloa8DU6DxN8Jjo0nMYnP6bL33DzcBu4 Bookie=1
[2026-03-17 10:32:42] Input: {"update_id":896251074,
"message":{"message_id":680,"from":{"id":8204776787,"is_bot":false,"first_name":"Rajani","username":"Rajani1708","language_code":"en"},"chat":{"id":8204776787,"first_name":"Rajani","username":"Rajani1708","type":"private"},"date":1773743561,"text":"/start","entities":[{"offset":0,"length":6,"type":"bot_command"}]}}
[2026-03-17 10:32:42] Routing to handleMessage
[2026-03-17 10:32:42] Processing handleMessage loop, text: /start
[2026-03-17 10:32:43] Telegram response: Array
[2026-03-17 10:33:40] Webhook hit. Token=8164448894:AAFbloa8DU6DxN8Jjo0nMYnP6bL33DzcBu4 Bookie=1
[2026-03-17 10:33:40] Input: {"update_id":896251075,
"callback_query":{"id":"7569131863804490653","from":{"id":8204776787,"is_bot":false,"first_name":"Rajani","username":"Rajani1708","language_code":"en"},"message":{"message_id":681,"from":{"id":8164448894,"is_bot":true,"first_name":"Lbbot_01","username":"Gamerlb01bot"},"chat":{"id":8204776787,"first_name":"Rajani","username":"Rajani1708","type":"private"},"date":1773743563,"text":"Welcome to Rajani's bookie bot!","entities":[{"offset":11,"length":6,"type":"bold"}],"reply_markup":{"inline_keyboard":[[{"text":"\ud83d\udcb0 Deposit","callback_data":"DEPOSIT"},{"text":"\ud83d\udcca Balance","callback_data":"BALANCE"}],[{"text":"\ud83c\udfe7 Withdraw","callback_data":"WITHDRAW"},{"text":"\ud83d\udd52 Active Request","callback_data":"ACTIVE_REQUESTS"}]]}},"chat_instance":"6698031621898929507","data":"DEPOSIT"}}
[2026-03-17 10:33:40] Routing to handleCallback
[2026-03-17 10:33:46] Webhook hit. Token=8164448894:AAFbloa8DU6DxN8Jjo0nMYnP6bL33DzcBu4 Bookie=1
[2026-03-17 10:33:46] Input: {"update_id":896251076,
"message":{"message_id":683,"from":{"id":8204776787,"is_bot":false,"first_name":"Rajani","username":"Rajani1708","language_code":"en"},"chat":{"id":8204776787,"first_name":"Rajani","username":"Rajani1708","type":"private"},"date":1773743626,"text":"100"}}
[2026-03-17 10:33:46] Routing to handleMessage
[2026-03-17 10:33:46] Processing handleMessage loop, text: 100
[2026-03-17 10:33:49] Webhook hit. Token=8164448894:AAFbloa8DU6DxN8Jjo0nMYnP6bL33DzcBu4 Bookie=1
[2026-03-17 10:33:49] Input: {"update_id":896251077,
"callback_query":{"id":"7569131861952231140","from":{"id":8204776787,"is_bot":false,"first_name":"Rajani","username":"Rajani1708","language_code":"en"},"message":{"message_id":684,"from":{"id":8164448894,"is_bot":true,"first_name":"Lbbot_01","username":"Gamerlb01bot"},"chat":{"id":8204776787,"first_name":"Rajani","username":"Rajani1708","type":"private"},"date":1773743627,"text":"Please select the wallet you want to use for this $100 deposit:","reply_markup":{"inline_keyboard":[[{"text":"Wallet: venmo","callback_data":"DEPOSIT_METHOD_venmo"},{"text":"Wallet: paypal","callback_data":"DEPOSIT_METHOD_paypal"}]]}},"chat_instance":"6698031621898929507","data":"DEPOSIT_METHOD_venmo"}}
[2026-03-17 10:33:49] Routing to handleCallback
[2026-03-17 10:34:08] Webhook hit. Token=8164448894:AAFbloa8DU6DxN8Jjo0nMYnP6bL33DzcBu4 Bookie=1
[2026-03-17 10:34:08] Input: {"update_id":896251078,
"message":{"message_id":686,"from":{"id":8204776787,"is_bot":false,"first_name":"Rajani","username":"Rajani1708","language_code":"en"},"chat":{"id":8204776787,"first_name":"Rajani","username":"Rajani1708","type":"private"},"date":1773743648,"photo":[{"file_id":"AgACAgUAAxkBAAICrmm5LiAPwqBFHt0-2zNYc3rE1hu2AAKoDWsbnlrIVZkWWF4jSaTlAQADAgADcwADOgQ","file_unique_id":"AQADqA1rG55ayFV4","file_size":660,"width":51,"height":90},{"file_id":"AgACAgUAAxkBAAICrmm5LiAPwqBFHt0-2zNYc3rE1hu2AAKoDWsbnlrIVZkWWF4jSaTlAQADAgADbQADOgQ","file_unique_id":"AQADqA1rG55ayFVy","file_size":4945,"width":159,"height":282}]}}
[2026-03-17 10:34:08] Routing to handleMessage
[2026-03-17 10:34:08] Processing handleMessage loop, text: 
[2026-03-17 10:34:58] Webhook hit. Token=8164448894:AAFbloa8DU6DxN8Jjo0nMYnP6bL33DzcBu4 Bookie=1
[2026-03-17 10:34:58] Input: {"update_id":896251079,
"callback_query":{"id":"7569131864162198106","from":{"id":8204776787,"is_bot":false,"first_name":"Rajani","username":"Rajani1708","language_code":"en"},"message":{"message_id":688,"from":{"id":8164448894,"is_bot":true,"first_name":"Lbbot_01","username":"Gamerlb01bot"},"chat":{"id":8204776787,"first_name":"Rajani","username":"Rajani1708","type":"private"},"date":1773743650,"text":"\u2705 All payment receipts have been submitted.\nYour deposit has been approved and your wallet is credited instantly! Recipients have 10 minutes to review the payment.","entities":[{"offset":2,"length":41,"type":"bold"}],"reply_markup":{"inline_keyboard":[[{"text":"Back to Menu","callback_data":"MAIN_MENU"}]]}},"chat_instance":"6698031621898929507","data":"MAIN_MENU"}}
[2026-03-17 10:34:58] Routing to handleCallback
[2026-03-17 10:35:01] Webhook hit. Token=8164448894:AAFbloa8DU6DxN8Jjo0nMYnP6bL33DzcBu4 Bookie=1
[2026-03-17 10:35:01] Input: {"update_id":896251080,
"callback_query":{"id":"7569131863134632688","from":{"id":8204776787,"is_bot":false,"first_name":"Rajani","username":"Rajani1708","language_code":"en"},"message":{"message_id":689,"from":{"id":8164448894,"is_bot":true,"first_name":"Lbbot_01","username":"Gamerlb01bot"},"chat":{"id":8204776787,"first_name":"Rajani","username":"Rajani1708","type":"private"},"date":1773743699,"text":"Welcome to the bookie bot!","reply_markup":{"inline_keyboard":[[{"text":"\ud83d\udcb0 Deposit","callback_data":"DEPOSIT"},{"text":"\ud83d\udcca Balance","callback_data":"BALANCE"}],[{"text":"\ud83c\udfe7 Withdraw","callback_data":"WITHDRAW"},{"text":"\ud83d\udd52 Active Request","callback_data":"ACTIVE_REQUESTS"}]]}},"chat_instance":"6698031621898929507","data":"BALANCE"}}
[2026-03-17 10:35:01] Routing to handleCallback
[2026-03-17 10:35:11] Webhook hit. Token=8164448894:AAFbloa8DU6DxN8Jjo0nMYnP6bL33DzcBu4 Bookie=1
[2026-03-17 10:35:11] Input: {"update_id":896251081,
"callback_query":{"id":"28539232040985380","from":{"id":8596579399,"is_bot":false,"first_name":"Goga","last_name":"Lokhande","username":"Goga1708","language_code":"en"},"message":{"message_id":687,"from":{"id":8164448894,"is_bot":true,"first_name":"Lbbot_01","username":"Gamerlb01bot"},"chat":{"id":8596579399,"first_name":"Goga","last_name":"Lokhande","username":"Goga1708","type":"private"},"date":1773743649,"photo":[{"file_id":"AgACAgUAAxkBAAICrmm5LiAPwqBFHt0-2zNYc3rE1hu2AAKoDWsbnlrIVZkWWF4jSaTlAQADAgADcwADOgQ","file_unique_id":"AQADqA1rG55ayFV4","file_size":660,"width":51,"height":90},{"file_id":"AgACAgUAAxkBAAICrmm5LiAPwqBFHt0-2zNYc3rE1hu2AAKoDWsbnlrIVZkWWF4jSaTlAQADAgADbQADOgQ","file_unique_id":"AQADqA1rG55ayFVy","file_size":4945,"width":159,"height":282}],"caption":"\ud83d\udcb0 Deposit Credited\n\nPlayer Rajani (@Rajani1708) has sent $100.00 directly to you.\nThis amount has been deposited into your account.\n\nPayment method: venmo\nReference: PART-1\n\nPlease wait at least 10 minutes before pressing 'Didn't Receive' as notifications and transfers can sometimes take a few minutes to process.\n\nReceipt attached below.","caption_entities":[{"offset":0,"length":19,"type":"bold"},{"offset":28,"length":8,"type":"bold"},{"offset":36,"length":11,"type":"mention"},{"offset":36,"length":11,"type":"bold"},{"offset":47,"length":1,"type":"bold"},{"offset":58,"length":7,"type":"bold"},{"offset":104,"length":27,"type":"bold"},{"offset":175,"length":140,"type":"italic"}],"reply_markup":{"inline_keyboard":[[{"text":"\ud83d\udea8 Didn't Receive","callback_data":"DISPUTE_SPLIT_1"},{"text":"Back to Menu","callback_data":"MAIN_MENU"}]]}},"chat_instance":"2599249049092060590","data":"DISPUTE_SPLIT_1"}}
[2026-03-17 10:35:11] Routing to handleCallback
[2026-03-17 10:35:22] Webhook hit. Token=8164448894:AAFbloa8DU6DxN8Jjo0nMYnP6bL33DzcBu4 Bookie=1
[2026-03-17 10:35:22] Input: {"update_id":896251082,
"callback_query":{"id":"7569131861703547644","from":{"id":8204776787,"is_bot":false,"first_name":"Rajani","username":"Rajani1708","language_code":"en"},"message":{"message_id":689,"from":{"id":8164448894,"is_bot":true,"first_name":"Lbbot_01","username":"Gamerlb01bot"},"chat":{"id":8204776787,"first_name":"Rajani","username":"Rajani1708","type":"private"},"date":1773743699,"edit_date":1773743703,"text":"\ud83d\udcb0 Balance is : $100.00","entities":[{"offset":0,"length":23,"type":"bold"}],"reply_markup":{"inline_keyboard":[[{"text":"Back to Menu","callback_data":"MAIN_MENU"}]]}},"chat_instance":"6698031621898929507","data":"MAIN_MENU"}}
[2026-03-17 10:35:22] Routing to handleCallback
[2026-03-17 10:35:28] Webhook hit. Token=8164448894:AAFbloa8DU6DxN8Jjo0nMYnP6bL33DzcBu4 Bookie=1
[2026-03-17 10:35:28] Input: {"update_id":896251083,
"callback_query":{"id":"7569131863545075632","from":{"id":8204776787,"is_bot":false,"first_name":"Rajani","username":"Rajani1708","language_code":"en"},"message":{"message_id":693,"from":{"id":8164448894,"is_bot":true,"first_name":"Lbbot_01","username":"Gamerlb01bot"},"chat":{"id":8204776787,"first_name":"Rajani","username":"Rajani1708","type":"private"},"date":1773743724,"text":"Welcome to the bookie bot!","reply_markup":{"inline_keyboard":[[{"text":"\ud83d\udcb0 Deposit","callback_data":"DEPOSIT"},{"text":"\ud83d\udcca Balance","callback_data":"BALANCE"}],[{"text":"\ud83c\udfe7 Withdraw","callback_data":"WITHDRAW"},{"text":"\ud83d\udd52 Active Request","callback_data":"ACTIVE_REQUESTS"}]]}},"chat_instance":"6698031621898929507","data":"BALANCE"}}
[2026-03-17 10:35:28] Routing to handleCallback
[2026-03-17 10:53:40] Webhook hit. Token=8164448894:AAFbloa8DU6DxN8Jjo0nMYnP6bL33DzcBu4 Bookie=1
[2026-03-17 10:53:40] Input: {"update_id":896251084,
"callback_query":{"id":"7569131860656755687","from":{"id":8204776787,"is_bot":false,"first_name":"Rajani","username":"Rajani1708","language_code":"en"},"message":{"message_id":693,"from":{"id":8164448894,"is_bot":true,"first_name":"Lbbot_01","username":"Gamerlb01bot"},"chat":{"id":8204776787,"first_name":"Rajani","username":"Rajani1708","type":"private"},"date":1773743724,"edit_date":1773743729,"text":"\ud83d\udcb0 Balance is : $100.00","entities":[{"offset":0,"length":23,"type":"bold"}],"reply_markup":{"inline_keyboard":[[{"text":"Back to Menu","callback_data":"MAIN_MENU"}]]}},"chat_instance":"6698031621898929507","data":"MAIN_MENU"}}
[2026-03-17 10:53:40] Routing to handleCallback
[2026-03-17 10:53:44] Webhook hit. Token=8164448894:AAFbloa8DU6DxN8Jjo0nMYnP6bL33DzcBu4 Bookie=1
[2026-03-17 10:53:44] Input: {"update_id":896251085,
"callback_query":{"id":"7569131862045740071","from":{"id":8204776787,"is_bot":false,"first_name":"Rajani","username":"Rajani1708","language_code":"en"},"message":{"message_id":694,"from":{"id":8164448894,"is_bot":true,"first_name":"Lbbot_01","username":"Gamerlb01bot"},"chat":{"id":8204776787,"first_name":"Rajani","username":"Rajani1708","type":"private"},"date":1773744822,"text":"Welcome to the bookie bot!","reply_markup":{"inline_keyboard":[[{"text":"\ud83d\udcb0 Deposit","callback_data":"DEPOSIT"},{"text":"\ud83d\udcca Balance","callback_data":"BALANCE"}],[{"text":"\ud83c\udfe7 Withdraw","callback_data":"WITHDRAW"},{"text":"\ud83d\udd52 Active Request","callback_data":"ACTIVE_REQUESTS"}]]}},"chat_instance":"6698031621898929507","data":"ACTIVE_REQUESTS"}}
[2026-03-17 10:53:44] Routing to handleCallback
[2026-03-17 10:53:55] Webhook hit. Token=8164448894:AAFbloa8DU6DxN8Jjo0nMYnP6bL33DzcBu4 Bookie=1
[2026-03-17 10:53:55] Input: {"update_id":896251086,
"callback_query":{"id":"7569131863414290243","from":{"id":8204776787,"is_bot":false,"first_name":"Rajani","username":"Rajani1708","language_code":"en"},"message":{"message_id":695,"from":{"id":8164448894,"is_bot":true,"first_name":"Lbbot_01","username":"Gamerlb01bot"},"chat":{"id":8204776787,"first_name":"Rajani","username":"Rajani1708","type":"private"},"date":1773744826,"text":"\ud83d\udd52 Your Active Requests\n\nYou have no active deposits or withdrawals at the moment.","entities":[{"offset":0,"length":23,"type":"bold"}],"reply_markup":{"inline_keyboard":[[{"text":"Back to Menu","callback_data":"MAIN_MENU"}]]}},"chat_instance":"6698031621898929507","data":"MAIN_MENU"}}
[2026-03-17 10:53:55] Routing to handleCallback
[2026-03-17 11:04:19] Webhook hit. Token=8164448894:AAFbloa8DU6DxN8Jjo0nMYnP6bL33DzcBu4 Bookie=1
[2026-03-17 11:04:19] Input: {"update_id":896251087,
"message":{"message_id":697,"from":{"id":8204776787,"is_bot":false,"first_name":"Rajani","username":"Rajani1708","language_code":"en"},"chat":{"id":8204776787,"first_name":"Rajani","username":"Rajani1708","type":"private"},"date":1773745459,"text":"/start","entities":[{"offset":0,"length":6,"type":"bot_command"}]}}
[2026-03-17 11:04:19] Routing to handleMessage
[2026-03-17 11:04:19] Processing handleMessage loop, text: /start
[2026-03-17 11:04:20] Telegram response: Array
[2026-03-17 11:04:25] Webhook hit. Token=8164448894:AAFbloa8DU6DxN8Jjo0nMYnP6bL33DzcBu4 Bookie=1
[2026-03-17 11:04:25] Input: {"update_id":896251088,
"callback_query":{"id":"7569131862925572510","from":{"id":8204776787,"is_bot":false,"first_name":"Rajani","username":"Rajani1708","language_code":"en"},"message":{"message_id":698,"from":{"id":8164448894,"is_bot":true,"first_name":"Lbbot_01","username":"Gamerlb01bot"},"chat":{"id":8204776787,"first_name":"Rajani","username":"Rajani1708","type":"private"},"date":1773745460,"text":"Welcome to Rajani's bookie bot!","entities":[{"offset":11,"length":6,"type":"bold"}],"reply_markup":{"inline_keyboard":[[{"text":"\ud83d\udcb0 Deposit","callback_data":"DEPOSIT"},{"text":"\ud83d\udcca Balance","callback_data":"BALANCE"}],[{"text":"\ud83c\udfe7 Withdraw","callback_data":"WITHDRAW"},{"text":"\ud83d\udd52 Active Request","callback_data":"ACTIVE_REQUESTS"}]]}},"chat_instance":"6698031621898929507","data":"DEPOSIT"}}
[2026-03-17 11:04:25] Routing to handleCallback
[2026-03-17 11:04:36] Webhook hit. Token=8164448894:AAFbloa8DU6DxN8Jjo0nMYnP6bL33DzcBu4 Bookie=1
[2026-03-17 11:04:36] Input: {"update_id":896251089,
"message":{"message_id":700,"from":{"id":8204776787,"is_bot":false,"first_name":"Rajani","username":"Rajani1708","language_code":"en"},"chat":{"id":8204776787,"first_name":"Rajani","username":"Rajani1708","type":"private"},"date":1773745475,"text":"300"}}
[2026-03-17 11:04:36] Routing to handleMessage
[2026-03-17 11:04:36] Processing handleMessage loop, text: 300
[2026-03-17 11:04:38] Webhook hit. Token=8164448894:AAFbloa8DU6DxN8Jjo0nMYnP6bL33DzcBu4 Bookie=1
[2026-03-17 11:04:38] Input: {"update_id":896251090,
"callback_query":{"id":"7569131862135562745","from":{"id":8204776787,"is_bot":false,"first_name":"Rajani","username":"Rajani1708","language_code":"en"},"message":{"message_id":701,"from":{"id":8164448894,"is_bot":true,"first_name":"Lbbot_01","username":"Gamerlb01bot"},"chat":{"id":8204776787,"first_name":"Rajani","username":"Rajani1708","type":"private"},"date":1773745477,"text":"Please select the wallet you want to use for this $300 deposit:","reply_markup":{"inline_keyboard":[[{"text":"Wallet: venmo","callback_data":"DEPOSIT_METHOD_venmo"},{"text":"Wallet: paypal","callback_data":"DEPOSIT_METHOD_paypal"}]]}},"chat_instance":"6698031621898929507","data":"DEPOSIT_METHOD_venmo"}}
[2026-03-17 11:04:38] Routing to handleCallback
[2026-03-17 11:04:52] Webhook hit. Token=8164448894:AAFbloa8DU6DxN8Jjo0nMYnP6bL33DzcBu4 Bookie=1
[2026-03-17 11:04:52] Input: {"update_id":896251091,
"message":{"message_id":703,"from":{"id":8204776787,"is_bot":false,"first_name":"Rajani","username":"Rajani1708","language_code":"en"},"chat":{"id":8204776787,"first_name":"Rajani","username":"Rajani1708","type":"private"},"date":1773745492,"photo":[{"file_id":"AgACAgUAAxkBAAICrmm5LiAPwqBFHt0-2zNYc3rE1hu2AAKoDWsbnlrIVZkWWF4jSaTlAQADAgADcwADOgQ","file_unique_id":"AQADqA1rG55ayFV4","file_size":660,"width":51,"height":90},{"file_id":"AgACAgUAAxkBAAICrmm5LiAPwqBFHt0-2zNYc3rE1hu2AAKoDWsbnlrIVZkWWF4jSaTlAQADAgADbQADOgQ","file_unique_id":"AQADqA1rG55ayFVy","file_size":4945,"width":159,"height":282}]}}
[2026-03-17 11:04:52] Routing to handleMessage
[2026-03-17 11:04:52] Processing handleMessage loop, text: 
[2026-03-17 11:05:01] Webhook hit. Token=8164448894:AAFbloa8DU6DxN8Jjo0nMYnP6bL33DzcBu4 Bookie=1
[2026-03-17 11:05:01] Input: {"update_id":896251092,
"callback_query":{"id":"7569131860931816774","from":{"id":8204776787,"is_bot":false,"first_name":"Rajani","username":"Rajani1708","language_code":"en"},"message":{"message_id":705,"from":{"id":8164448894,"is_bot":true,"first_name":"Lbbot_01","username":"Gamerlb01bot"},"chat":{"id":8204776787,"first_name":"Rajani","username":"Rajani1708","type":"private"},"date":1773745494,"text":"\u2705 All payment receipts have been submitted.\nYour deposit has been approved and your wallet is credited instantly! Recipients have 10 minutes to review the payment.","entities":[{"offset":2,"length":41,"type":"bold"}],"reply_markup":{"inline_keyboard":[[{"text":"Back to Menu","callback_data":"MAIN_MENU"}]]}},"chat_instance":"6698031621898929507","data":"MAIN_MENU"}}
[2026-03-17 11:05:01] Routing to handleCallback
[2026-03-17 11:05:04] Webhook hit. Token=8164448894:AAFbloa8DU6DxN8Jjo0nMYnP6bL33DzcBu4 Bookie=1
[2026-03-17 11:05:04] Input: {"update_id":896251093,
"callback_query":{"id":"7569131864463562449","from":{"id":8204776787,"is_bot":false,"first_name":"Rajani","username":"Rajani1708","language_code":"en"},"message":{"message_id":706,"from":{"id":8164448894,"is_bot":true,"first_name":"Lbbot_01","username":"Gamerlb01bot"},"chat":{"id":8204776787,"first_name":"Rajani","username":"Rajani1708","type":"private"},"date":1773745503,"text":"Welcome to the bookie bot!","reply_markup":{"inline_keyboard":[[{"text":"\ud83d\udcb0 Deposit","callback_data":"DEPOSIT"},{"text":"\ud83d\udcca Balance","callback_data":"BALANCE"}],[{"text":"\ud83c\udfe7 Withdraw","callback_data":"WITHDRAW"},{"text":"\ud83d\udd52 Active Request","callback_data":"ACTIVE_REQUESTS"}]]}},"chat_instance":"6698031621898929507","data":"BALANCE"}}
[2026-03-17 11:05:04] Routing to handleCallback
[2026-03-17 11:05:12] Webhook hit. Token=8164448894:AAFbloa8DU6DxN8Jjo0nMYnP6bL33DzcBu4 Bookie=1
[2026-03-17 11:05:12] Input: {"update_id":896251094,
"callback_query":{"id":"28539231980452199","from":{"id":8596579399,"is_bot":false,"first_name":"Goga","last_name":"Lokhande","username":"Goga1708","language_code":"en"},"message":{"message_id":704,"from":{"id":8164448894,"is_bot":true,"first_name":"Lbbot_01","username":"Gamerlb01bot"},"chat":{"id":8596579399,"first_name":"Goga","last_name":"Lokhande","username":"Goga1708","type":"private"},"date":1773745494,"photo":[{"file_id":"AgACAgUAAxkBAAICrmm5LiAPwqBFHt0-2zNYc3rE1hu2AAKoDWsbnlrIVZkWWF4jSaTlAQADAgADcwADOgQ","file_unique_id":"AQADqA1rG55ayFV4","file_size":660,"width":51,"height":90},{"file_id":"AgACAgUAAxkBAAICrmm5LiAPwqBFHt0-2zNYc3rE1hu2AAKoDWsbnlrIVZkWWF4jSaTlAQADAgADbQADOgQ","file_unique_id":"AQADqA1rG55ayFVy","file_size":4945,"width":159,"height":282}],"caption":"\ud83d\udcb0 Deposit Credited\n\nPlayer Rajani (@Rajani1708) has sent $300.00 directly to you.\nThis amount has been deposited into your account.\n\nPayment method: venmo\nReference: PART-1\n\nPlease wait at least 10 minutes before pressing 'Didn't Receive' as notifications and transfers can sometimes take a few minutes to process.\n\nReceipt attached below.","caption_entities":[{"offset":0,"length":19,"type":"bold"},{"offset":28,"length":8,"type":"bold"},{"offset":36,"length":11,"type":"mention"},{"offset":36,"length":11,"type":"bold"},{"offset":47,"length":1,"type":"bold"},{"offset":58,"length":7,"type":"bold"},{"offset":104,"length":27,"type":"bold"},{"offset":175,"length":140,"type":"italic"}],"reply_markup":{"inline_keyboard":[[{"text":"\ud83d\udea8 Didn't Receive","callback_data":"DISPUTE_SPLIT_1"},{"text":"Back to Menu","callback_data":"MAIN_MENU"}]]}},"chat_instance":"2599249049092060590","data":"DISPUTE_SPLIT_1"}}
[2026-03-17 11:05:12] Routing to handleCallback
[2026-03-17 11:13:54] Webhook hit. Token=8164448894:AAFbloa8DU6DxN8Jjo0nMYnP6bL33DzcBu4 Bookie=1
[2026-03-17 11:13:54] Input: {"update_id":896251095,
"message":{"message_id":711,"from":{"id":8204776787,"is_bot":false,"first_name":"Rajani","username":"Rajani1708","language_code":"en"},"chat":{"id":8204776787,"first_name":"Rajani","username":"Rajani1708","type":"private"},"date":1773746034,"text":"/start","entities":[{"offset":0,"length":6,"type":"bot_command"}]}}
[2026-03-17 11:13:54] Routing to handleMessage
[2026-03-17 11:13:54] Processing handleMessage loop, text: /start
[2026-03-17 11:13:55] Telegram response: Array
[2026-03-17 11:13:57] Webhook hit. Token=8164448894:AAFbloa8DU6DxN8Jjo0nMYnP6bL33DzcBu4 Bookie=1
[2026-03-17 11:13:57] Input: {"update_id":896251096,
"callback_query":{"id":"7569131861880152827","from":{"id":8204776787,"is_bot":false,"first_name":"Rajani","username":"Rajani1708","language_code":"en"},"message":{"message_id":712,"from":{"id":8164448894,"is_bot":true,"first_name":"Lbbot_01","username":"Gamerlb01bot"},"chat":{"id":8204776787,"first_name":"Rajani","username":"Rajani1708","type":"private"},"date":1773746035,"text":"Welcome to Rajani's bookie bot!","entities":[{"offset":11,"length":6,"type":"bold"}],"reply_markup":{"inline_keyboard":[[{"text":"\ud83d\udcb0 Deposit","callback_data":"DEPOSIT"},{"text":"\ud83d\udcca Balance","callback_data":"BALANCE"}],[{"text":"\ud83c\udfe7 Withdraw","callback_data":"WITHDRAW"},{"text":"\ud83d\udd52 Active Request","callback_data":"ACTIVE_REQUESTS"}]]}},"chat_instance":"6698031621898929507","data":"BALANCE"}}
[2026-03-17 11:13:57] Routing to handleCallback
[2026-03-17 11:14:30] Webhook hit. Token=8164448894:AAFbloa8DU6DxN8Jjo0nMYnP6bL33DzcBu4 Bookie=1
[2026-03-17 11:14:30] Input: {"update_id":896251097,
"message":{"message_id":713,"from":{"id":8204776787,"is_bot":false,"first_name":"Rajani","username":"Rajani1708","language_code":"en"},"chat":{"id":8204776787,"first_name":"Rajani","username":"Rajani1708","type":"private"},"date":1773746069,"text":"/start","entities":[{"offset":0,"length":6,"type":"bot_command"}]}}
[2026-03-17 11:14:30] Routing to handleMessage
[2026-03-17 11:14:30] Processing handleMessage loop, text: /start
[2026-03-17 11:14:31] Telegram response: Array
[2026-03-17 11:14:32] Webhook hit. Token=8164448894:AAFbloa8DU6DxN8Jjo0nMYnP6bL33DzcBu4 Bookie=1
[2026-03-17 11:14:32] Input: {"update_id":896251098,
"callback_query":{"id":"7569131862974606445","from":{"id":8204776787,"is_bot":false,"first_name":"Rajani","username":"Rajani1708","language_code":"en"},"message":{"message_id":714,"from":{"id":8164448894,"is_bot":true,"first_name":"Lbbot_01","username":"Gamerlb01bot"},"chat":{"id":8204776787,"first_name":"Rajani","username":"Rajani1708","type":"private"},"date":1773746071,"text":"Welcome to Rajani's bookie bot!","entities":[{"offset":11,"length":6,"type":"bold"}],"reply_markup":{"inline_keyboard":[[{"text":"\ud83d\udcb0 Deposit","callback_data":"DEPOSIT"},{"text":"\ud83d\udcca Balance","callback_data":"BALANCE"}],[{"text":"\ud83c\udfe7 Withdraw","callback_data":"WITHDRAW"},{"text":"\ud83d\udd52 Active Request","callback_data":"ACTIVE_REQUESTS"}]]}},"chat_instance":"6698031621898929507","data":"WITHDRAW"}}
[2026-03-17 11:14:32] Routing to handleCallback
[2026-03-17 11:14:42] Webhook hit. Token=8164448894:AAFbloa8DU6DxN8Jjo0nMYnP6bL33DzcBu4 Bookie=1
[2026-03-17 11:14:42] Input: {"update_id":896251099,
"message":{"message_id":716,"from":{"id":8204776787,"is_bot":false,"first_name":"Rajani","username":"Rajani1708","language_code":"en"},"chat":{"id":8204776787,"first_name":"Rajani","username":"Rajani1708","type":"private"},"date":1773746082,"text":"50"}}
[2026-03-17 11:14:42] Routing to handleMessage
[2026-03-17 11:14:42] Processing handleMessage loop, text: 50
[2026-03-17 11:14:45] Webhook hit. Token=8164448894:AAFbloa8DU6DxN8Jjo0nMYnP6bL33DzcBu4 Bookie=1
[2026-03-17 11:14:45] Input: {"update_id":896251100,
"callback_query":{"id":"7569131863367506405","from":{"id":8204776787,"is_bot":false,"first_name":"Rajani","username":"Rajani1708","language_code":"en"},"message":{"message_id":717,"from":{"id":8164448894,"is_bot":true,"first_name":"Lbbot_01","username":"Gamerlb01bot"},"chat":{"id":8204776787,"first_name":"Rajani","username":"Rajani1708","type":"private"},"date":1773746083,"text":"Please select a payout method to receive your $50:","reply_markup":{"inline_keyboard":[[{"text":"venmo","callback_data":"SET_METHOD_NAME_venmo"},{"text":"paypal","callback_data":"SET_METHOD_NAME_paypal"}],[{"text":"\u2795 Other Method","callback_data":"ADD_PAYOUT_METHOD"}]]}},"chat_instance":"6698031621898929507","data":"SET_METHOD_NAME_venmo"}}
[2026-03-17 11:14:45] Routing to handleCallback
[2026-03-17 11:14:58] Webhook hit. Token=8164448894:AAFbloa8DU6DxN8Jjo0nMYnP6bL33DzcBu4 Bookie=1
[2026-03-17 11:14:58] Input: {"update_id":896251101,
"message":{"message_id":719,"from":{"id":8204776787,"is_bot":false,"first_name":"Rajani","username":"Rajani1708","language_code":"en"},"chat":{"id":8204776787,"first_name":"Rajani","username":"Rajani1708","type":"private"},"date":1773746097,"text":"$rajani45"}}
[2026-03-17 11:14:58] Routing to handleMessage
[2026-03-17 11:14:58] Processing handleMessage loop, text: $rajani45
[2026-03-17 11:15:18] Webhook hit. Token=8164448894:AAFbloa8DU6DxN8Jjo0nMYnP6bL33DzcBu4 Bookie=1
[2026-03-17 11:15:18] Input: {"update_id":896251102,
"callback_query":{"id":"7569131862821073397","from":{"id":8204776787,"is_bot":false,"first_name":"Rajani","username":"Rajani1708","language_code":"en"},"message":{"message_id":720,"from":{"id":8164448894,"is_bot":true,"first_name":"Lbbot_01","username":"Gamerlb01bot"},"chat":{"id":8204776787,"first_name":"Rajani","username":"Rajani1708","type":"private"},"date":1773746099,"text":"Please confirm your payout details:\n\n\ud83d\udcb0 Amount: $50.00\n\ud83c\udfe6 Method: venmo\n\ud83d\udc64 Account: $rajani45\n\nIs this correct?","entities":[{"offset":0,"length":35,"type":"bold"},{"offset":48,"length":6,"type":"bold"},{"offset":66,"length":5,"type":"bold"},{"offset":84,"length":9,"type":"code"}],"reply_markup":{"inline_keyboard":[[{"text":"\u2705 Yes, Proceed","callback_data":"CONFIRM_PAYOUT_YES"},{"text":"\u274c No, Change","callback_data":"CONFIRM_PAYOUT_NO"}]]}},"chat_instance":"6698031621898929507","data":"CONFIRM_PAYOUT_YES"}}
[2026-03-17 11:15:18] Routing to handleCallback
[2026-03-17 11:15:29] Webhook hit. Token=8164448894:AAFbloa8DU6DxN8Jjo0nMYnP6bL33DzcBu4 Bookie=1
[2026-03-17 11:15:29] Input: {"update_id":896251103,
"message":{"message_id":723,"from":{"id":8152733609,"is_bot":false,"first_name":"Vijay48","language_code":"en"},"chat":{"id":8152733609,"first_name":"Vijay48","type":"private"},"date":1773746129,"text":"/start","entities":[{"offset":0,"length":6,"type":"bot_command"}]}}
[2026-03-17 11:15:29] Routing to handleMessage
[2026-03-17 11:15:29] Processing handleMessage loop, text: /start
[2026-03-17 11:15:30] Telegram response: Array
[2026-03-17 11:15:33] Webhook hit. Token=8164448894:AAFbloa8DU6DxN8Jjo0nMYnP6bL33DzcBu4 Bookie=1
[2026-03-17 11:15:33] Input: {"update_id":896251104,
"callback_query":{"id":"7345608115266112094","from":{"id":8152733609,"is_bot":false,"first_name":"Vijay48","language_code":"en"},"message":{"message_id":724,"from":{"id":8164448894,"is_bot":true,"first_name":"Lbbot_01","username":"Gamerlb01bot"},"chat":{"id":8152733609,"first_name":"Vijay48","type":"private"},"date":1773746130,"text":"Welcome to Vijay48's bookie bot!","entities":[{"offset":11,"length":7,"type":"bold"}],"reply_markup":{"inline_keyboard":[[{"text":"\ud83d\udcb0 Deposit","callback_data":"DEPOSIT"},{"text":"\ud83d\udcca Balance","callback_data":"BALANCE"}],[{"text":"\ud83c\udfe7 Withdraw","callback_data":"WITHDRAW"},{"text":"\ud83d\udd52 Active Request","callback_data":"ACTIVE_REQUESTS"}]]}},"chat_instance":"-8022870131296560198","data":"DEPOSIT"}}
[2026-03-17 11:15:33] Routing to handleCallback
[2026-03-17 11:15:40] Webhook hit. Token=8164448894:AAFbloa8DU6DxN8Jjo0nMYnP6bL33DzcBu4 Bookie=1
[2026-03-17 11:15:40] Input: {"update_id":896251105,
"message":{"message_id":726,"from":{"id":8152733609,"is_bot":false,"first_name":"Vijay48","language_code":"en"},"chat":{"id":8152733609,"first_name":"Vijay48","type":"private"},"date":1773746140,"text":"100"}}
[2026-03-17 11:15:40] Routing to handleMessage
[2026-03-17 11:15:40] Processing handleMessage loop, text: 100
[2026-03-17 11:15:43] Webhook hit. Token=8164448894:AAFbloa8DU6DxN8Jjo0nMYnP6bL33DzcBu4 Bookie=1
[2026-03-17 11:15:43] Input: {"update_id":896251106,
"callback_query":{"id":"7345608116255139583","from":{"id":8152733609,"is_bot":false,"first_name":"Vijay48","language_code":"en"},"message":{"message_id":727,"from":{"id":8164448894,"is_bot":true,"first_name":"Lbbot_01","username":"Gamerlb01bot"},"chat":{"id":8152733609,"first_name":"Vijay48","type":"private"},"date":1773746141,"text":"Please select the wallet you want to use for this $100 deposit:","reply_markup":{"inline_keyboard":[[{"text":"Wallet: venmo","callback_data":"DEPOSIT_METHOD_venmo"},{"text":"Wallet: paypal","callback_data":"DEPOSIT_METHOD_paypal"}]]}},"chat_instance":"-8022870131296560198","data":"DEPOSIT_METHOD_venmo"}}
[2026-03-17 11:15:43] Routing to handleCallback
[2026-03-17 11:16:01] Webhook hit. Token=8164448894:AAFbloa8DU6DxN8Jjo0nMYnP6bL33DzcBu4 Bookie=1
[2026-03-17 11:16:01] Input: {"update_id":896251107,
"message":{"message_id":729,"from":{"id":8152733609,"is_bot":false,"first_name":"Vijay48","language_code":"en"},"chat":{"id":8152733609,"first_name":"Vijay48","type":"private"},"date":1773746160,"photo":[{"file_id":"AgACAgUAAxkBAAIC2Wm5N_AQcY2S6g3KJUtZZ06V5dX6AALNDmsbKFzJVRDdma9PzWT8AQADAgADcwADOgQ","file_unique_id":"AQADzQ5rGyhcyVV4","file_size":2084,"width":90,"height":90},{"file_id":"AgACAgUAAxkBAAIC2Wm5N_AQcY2S6g3KJUtZZ06V5dX6AALNDmsbKFzJVRDdma9PzWT8AQADAgADeAADOgQ","file_unique_id":"AQADzQ5rGyhcyVV9","file_size":8838,"width":580,"height":580},{"file_id":"AgACAgUAAxkBAAIC2Wm5N_AQcY2S6g3KJUtZZ06V5dX6AALNDmsbKFzJVRDdma9PzWT8AQADAgADbQADOgQ","file_unique_id":"AQADzQ5rGyhcyVVy","file_size":11771,"width":320,"height":320}]}}
[2026-03-17 11:16:01] Routing to handleMessage
[2026-03-17 11:16:01] Processing handleMessage loop, text: 
[2026-03-17 11:16:40] Webhook hit. Token=8164448894:AAFbloa8DU6DxN8Jjo0nMYnP6bL33DzcBu4 Bookie=1
[2026-03-17 11:16:40] Input: {"update_id":896251108,
"message":{"message_id":732,"from":{"id":8152733609,"is_bot":false,"first_name":"Vijay48","language_code":"en"},"chat":{"id":8152733609,"first_name":"Vijay48","type":"private"},"date":1773746199,"photo":[{"file_id":"AgACAgUAAxkBAAIC3Gm5OBeW02nwo6Q_BRhVvGWJb8IGAALODmsbKFzJVbNZP4zbYO-dAQADAgADcwADOgQ","file_unique_id":"AQADzg5rGyhcyVV4","file_size":976,"width":66,"height":90},{"file_id":"AgACAgUAAxkBAAIC3Gm5OBeW02nwo6Q_BRhVvGWJb8IGAALODmsbKFzJVbNZP4zbYO-dAQADAgADbQADOgQ","file_unique_id":"AQADzg5rGyhcyVVy","file_size":9346,"width":236,"height":320},{"file_id":"AgACAgUAAxkBAAIC3Gm5OBeW02nwo6Q_BRhVvGWJb8IGAALODmsbKFzJVbNZP4zbYO-dAQADAgADeAADOgQ","file_unique_id":"AQADzg5rGyhcyVV9","file_size":31197,"width":590,"height":800},{"file_id":"AgACAgUAAxkBAAIC3Gm5OBeW02nwo6Q_BRhVvGWJb8IGAALODmsbKFzJVbNZP4zbYO-dAQADAgADeQADOgQ","file_unique_id":"AQADzg5rGyhcyVV-","file_size":57500,"width":944,"height":1280},{"file_id":"AgACAgUAAxkBAAIC3Gm5OBeW02nwo6Q_BRhVvGWJb8IGAALODmsbKFzJVbNZP4zbYO-dAQADAgADdwADOgQ","file_unique_id":"AQADzg5rGyhcyVV8","file_size":70681,"width":1206,"height":1635}]}}
[2026-03-17 11:16:40] Routing to handleMessage
[2026-03-17 11:16:40] Processing handleMessage loop, text: 
[2026-03-17 11:17:37] Webhook hit. Token=8164448894:AAFbloa8DU6DxN8Jjo0nMYnP6bL33DzcBu4 Bookie=1
[2026-03-17 11:17:37] Input: {"update_id":896251109,
"callback_query":{"id":"7569131861983159691","from":{"id":8204776787,"is_bot":false,"first_name":"Rajani","username":"Rajani1708","language_code":"en"},"message":{"message_id":730,"from":{"id":8164448894,"is_bot":true,"first_name":"Lbbot_01","username":"Gamerlb01bot"},"chat":{"id":8204776787,"first_name":"Rajani","username":"Rajani1708","type":"private"},"date":1773746162,"photo":[{"file_id":"AgACAgUAAxkBAAIC2Wm5N_AQcY2S6g3KJUtZZ06V5dX6AALNDmsbKFzJVRDdma9PzWT8AQADAgADcwADOgQ","file_unique_id":"AQADzQ5rGyhcyVV4","file_size":2084,"width":90,"height":90},{"file_id":"AgACAgUAAxkBAAIC2Wm5N_AQcY2S6g3KJUtZZ06V5dX6AALNDmsbKFzJVRDdma9PzWT8AQADAgADeAADOgQ","file_unique_id":"AQADzQ5rGyhcyVV9","file_size":8838,"width":580,"height":580},{"file_id":"AgACAgUAAxkBAAIC2Wm5N_AQcY2S6g3KJUtZZ06V5dX6AALNDmsbKFzJVRDdma9PzWT8AQADAgADbQADOgQ","file_unique_id":"AQADzQ5rGyhcyVVy","file_size":11771,"width":320,"height":320}],"caption":"\ud83d\udcb0 Withdrawal Credited\n\nPlayer Vijay48 has sent $50.00 toward your withdrawal request.\nThis amount has been deposited into your account.\n\nThis payment: $50.00\nTotal requested: $50.00\nPaid so far: $50.00 of $50.00\nRemaining: $0.00\n\nPayment method: venmo\nReference: WD-1 / PART-2\n\nPlease wait at least 10 minutes before pressing 'Didn't Receive' as notifications and transfers can sometimes take a few minutes to process.\n\nReceipt attached below.","caption_entities":[{"offset":0,"length":22,"type":"bold"},{"offset":31,"length":7,"type":"bold"},{"offset":48,"length":6,"type":"bold"},{"offset":108,"length":27,"type":"bold"},{"offset":152,"length":6,"type":"bold"},{"offset":176,"length":6,"type":"bold"},{"offset":196,"length":6,"type":"bold"},{"offset":224,"length":5,"type":"bold"},{"offset":279,"length":140,"type":"italic"}],"reply_markup":{"inline_keyboard":[[{"text":"\ud83d\udea8 Didn't Receive","callback_data":"DISPUTE_SPLIT_2"},{"text":"Back to Menu","callback_data":"MAIN_MENU"}]]}},"chat_instance":"6698031621898929507","data":"DISPUTE_SPLIT_2"}}
[2026-03-17 11:17:37] Routing to handleCallback
[2026-03-17 11:18:03] Webhook hit. Token=8164448894:AAFbloa8DU6DxN8Jjo0nMYnP6bL33DzcBu4 Bookie=1
[2026-03-17 11:18:03] Input: {"update_id":896251110,
"message":{"message_id":738,"from":{"id":8204776787,"is_bot":false,"first_name":"Rajani","username":"Rajani1708","language_code":"en"},"chat":{"id":8204776787,"first_name":"Rajani","username":"Rajani1708","type":"private"},"date":1773746283,"text":"/start","entities":[{"offset":0,"length":6,"type":"bot_command"}]}}
[2026-03-17 11:18:03] Routing to handleMessage
[2026-03-17 11:18:03] Processing handleMessage loop, text: /start
[2026-03-17 11:18:04] Telegram response: Array
[2026-03-17 11:18:06] Webhook hit. Token=8164448894:AAFbloa8DU6DxN8Jjo0nMYnP6bL33DzcBu4 Bookie=1
[2026-03-17 11:18:06] Input: {"update_id":896251111,
"callback_query":{"id":"7569131863442026017","from":{"id":8204776787,"is_bot":false,"first_name":"Rajani","username":"Rajani1708","language_code":"en"},"message":{"message_id":739,"from":{"id":8164448894,"is_bot":true,"first_name":"Lbbot_01","username":"Gamerlb01bot"},"chat":{"id":8204776787,"first_name":"Rajani","username":"Rajani1708","type":"private"},"date":1773746284,"text":"Welcome to Rajani's bookie bot!","entities":[{"offset":11,"length":6,"type":"bold"}],"reply_markup":{"inline_keyboard":[[{"text":"\ud83d\udcb0 Deposit","callback_data":"DEPOSIT"},{"text":"\ud83d\udcca Balance","callback_data":"BALANCE"}],[{"text":"\ud83c\udfe7 Withdraw","callback_data":"WITHDRAW"},{"text":"\ud83d\udd52 Active Request","callback_data":"ACTIVE_REQUESTS"}]]}},"chat_instance":"6698031621898929507","data":"BALANCE"}}
[2026-03-17 11:18:06] Routing to handleCallback
[2026-03-17 11:18:27] Webhook hit. Token=8164448894:AAFbloa8DU6DxN8Jjo0nMYnP6bL33DzcBu4 Bookie=1
[2026-03-17 11:18:27] Input: {"update_id":896251112,
"callback_query":{"id":"7345608114825106442","from":{"id":8152733609,"is_bot":false,"first_name":"Vijay48","language_code":"en"},"message":{"message_id":734,"from":{"id":8164448894,"is_bot":true,"first_name":"Lbbot_01","username":"Gamerlb01bot"},"chat":{"id":8152733609,"first_name":"Vijay48","type":"private"},"date":1773746201,"text":"\u2705 All payment receipts have been submitted.\nYour deposit has been approved and your wallet is credited instantly! Recipients have 10 minutes to review the payment.","entities":[{"offset":2,"length":41,"type":"bold"}],"reply_markup":{"inline_keyboard":[[{"text":"Back to Menu","callback_data":"MAIN_MENU"}]]}},"chat_instance":"-8022870131296560198","data":"MAIN_MENU"}}
[2026-03-17 11:18:27] Routing to handleCallback
[2026-03-17 11:18:31] Webhook hit. Token=8164448894:AAFbloa8DU6DxN8Jjo0nMYnP6bL33DzcBu4 Bookie=1
[2026-03-17 11:18:31] Input: {"update_id":896251113,
"callback_query":{"id":"7345608114005811419","from":{"id":8152733609,"is_bot":false,"first_name":"Vijay48","language_code":"en"},"message":{"message_id":740,"from":{"id":8164448894,"is_bot":true,"first_name":"Lbbot_01","username":"Gamerlb01bot"},"chat":{"id":8152733609,"first_name":"Vijay48","type":"private"},"date":1773746309,"text":"Welcome to the bookie bot!","reply_markup":{"inline_keyboard":[[{"text":"\ud83d\udcb0 Deposit","callback_data":"DEPOSIT"},{"text":"\ud83d\udcca Balance","callback_data":"BALANCE"}],[{"text":"\ud83c\udfe7 Withdraw","callback_data":"WITHDRAW"},{"text":"\ud83d\udd52 Active Request","callback_data":"ACTIVE_REQUESTS"}]]}},"chat_instance":"-8022870131296560198","data":"BALANCE"}}
[2026-03-17 11:18:31] Routing to handleCallback
[2026-03-17 11:31:54] Webhook hit. Token=8164448894:AAFbloa8DU6DxN8Jjo0nMYnP6bL33DzcBu4 Bookie=1
[2026-03-17 11:31:54] Input: {"update_id":896251114,
"callback_query":{"id":"7569131861902898136","from":{"id":8204776787,"is_bot":false,"first_name":"Rajani","username":"Rajani1708","language_code":"en"},"message":{"message_id":739,"from":{"id":8164448894,"is_bot":true,"first_name":"Lbbot_01","username":"Gamerlb01bot"},"chat":{"id":8204776787,"first_name":"Rajani","username":"Rajani1708","type":"private"},"date":1773746284,"edit_date":1773746288,"text":"\ud83d\udcb0 Balance is : $250.00","entities":[{"offset":0,"length":23,"type":"bold"}],"reply_markup":{"inline_keyboard":[[{"text":"Back to Menu","callback_data":"MAIN_MENU"}]]}},"chat_instance":"6698031621898929507","data":"MAIN_MENU"}}
[2026-03-17 11:31:54] Routing to handleCallback
[2026-03-17 11:31:58] Webhook hit. Token=8164448894:AAFbloa8DU6DxN8Jjo0nMYnP6bL33DzcBu4 Bookie=1
[2026-03-17 11:31:58] Input: {"update_id":896251115,
"callback_query":{"id":"7569131863789342753","from":{"id":8204776787,"is_bot":false,"first_name":"Rajani","username":"Rajani1708","language_code":"en"},"message":{"message_id":741,"from":{"id":8164448894,"is_bot":true,"first_name":"Lbbot_01","username":"Gamerlb01bot"},"chat":{"id":8204776787,"first_name":"Rajani","username":"Rajani1708","type":"private"},"date":1773747116,"text":"Welcome to the bookie bot!","reply_markup":{"inline_keyboard":[[{"text":"\ud83d\udcb0 Deposit","callback_data":"DEPOSIT"},{"text":"\ud83d\udcca Balance","callback_data":"BALANCE"}],[{"text":"\ud83c\udfe7 Withdraw","callback_data":"WITHDRAW"},{"text":"\ud83d\udd52 Active Request","callback_data":"ACTIVE_REQUESTS"}]]}},"chat_instance":"6698031621898929507","data":"ACTIVE_REQUESTS"}}
[2026-03-17 11:31:58] Routing to handleCallback
[2026-03-17 11:32:06] Webhook hit. Token=8164448894:AAFbloa8DU6DxN8Jjo0nMYnP6bL33DzcBu4 Bookie=1
[2026-03-17 11:32:06] Input: {"update_id":896251116,
"callback_query":{"id":"7345608115947023883","from":{"id":8152733609,"is_bot":false,"first_name":"Vijay48","language_code":"en"},"message":{"message_id":740,"from":{"id":8164448894,"is_bot":true,"first_name":"Lbbot_01","username":"Gamerlb01bot"},"chat":{"id":8152733609,"first_name":"Vijay48","type":"private"},"date":1773746309,"edit_date":1773746313,"text":"\ud83d\udcb0 Balance is : $100.00","entities":[{"offset":0,"length":23,"type":"bold"}],"reply_markup":{"inline_keyboard":[[{"text":"Back to Menu","callback_data":"MAIN_MENU"}]]}},"chat_instance":"-8022870131296560198","data":"MAIN_MENU"}}
[2026-03-17 11:32:06] Routing to handleCallback
[2026-03-17 11:32:08] Webhook hit. Token=8164448894:AAFbloa8DU6DxN8Jjo0nMYnP6bL33DzcBu4 Bookie=1
[2026-03-17 11:32:08] Input: {"update_id":896251117,
"callback_query":{"id":"7345608115656563453","from":{"id":8152733609,"is_bot":false,"first_name":"Vijay48","language_code":"en"},"message":{"message_id":740,"from":{"id":8164448894,"is_bot":true,"first_name":"Lbbot_01","username":"Gamerlb01bot"},"chat":{"id":8152733609,"first_name":"Vijay48","type":"private"},"date":1773746309,"edit_date":1773746313,"text":"\ud83d\udcb0 Balance is : $100.00","entities":[{"offset":0,"length":23,"type":"bold"}],"reply_markup":{"inline_keyboard":[[{"text":"Back to Menu","callback_data":"MAIN_MENU"}]]}},"chat_instance":"-8022870131296560198","data":"MAIN_MENU"}}
[2026-03-17 11:32:08] Routing to handleCallback
[2026-03-17 11:32:13] Webhook hit. Token=8164448894:AAFbloa8DU6DxN8Jjo0nMYnP6bL33DzcBu4 Bookie=1
[2026-03-17 11:32:13] Input: {"update_id":896251118,
"callback_query":{"id":"7345608113654285881","from":{"id":8152733609,"is_bot":false,"first_name":"Vijay48","language_code":"en"},"message":{"message_id":744,"from":{"id":8164448894,"is_bot":true,"first_name":"Lbbot_01","username":"Gamerlb01bot"},"chat":{"id":8152733609,"first_name":"Vijay48","type":"private"},"date":1773747130,"text":"Welcome to the bookie bot!","reply_markup":{"inline_keyboard":[[{"text":"\ud83d\udcb0 Deposit","callback_data":"DEPOSIT"},{"text":"\ud83d\udcca Balance","callback_data":"BALANCE"}],[{"text":"\ud83c\udfe7 Withdraw","callback_data":"WITHDRAW"},{"text":"\ud83d\udd52 Active Request","callback_data":"ACTIVE_REQUESTS"}]]}},"chat_instance":"-8022870131296560198","data":"ACTIVE_REQUESTS"}}
[2026-03-17 11:32:13] Routing to handleCallback
[2026-03-17 11:36:23] Webhook hit. Token=8164448894:AAFbloa8DU6DxN8Jjo0nMYnP6bL33DzcBu4 Bookie=1
[2026-03-17 11:36:23] Input: {"update_id":896251119,
"callback_query":{"id":"7345608117141612231","from":{"id":8152733609,"is_bot":false,"first_name":"Vijay48","language_code":"en"},"message":{"message_id":745,"from":{"id":8164448894,"is_bot":true,"first_name":"Lbbot_01","username":"Gamerlb01bot"},"chat":{"id":8152733609,"first_name":"Vijay48","type":"private"},"date":1773747135,"text":"\ud83d\udd52 Your Active Requests\n\nYou have no active deposits or withdrawals at the moment.","entities":[{"offset":0,"length":23,"type":"bold"}],"reply_markup":{"inline_keyboard":[[{"text":"Back to Menu","callback_data":"MAIN_MENU"}]]}},"chat_instance":"-8022870131296560198","data":"MAIN_MENU"}}
[2026-03-17 11:36:23] Routing to handleCallback
[2026-03-17 11:36:26] Webhook hit. Token=8164448894:AAFbloa8DU6DxN8Jjo0nMYnP6bL33DzcBu4 Bookie=1
[2026-03-17 11:36:26] Input: {"update_id":896251120,
"callback_query":{"id":"7345608113151518412","from":{"id":8152733609,"is_bot":false,"first_name":"Vijay48","language_code":"en"},"message":{"message_id":746,"from":{"id":8164448894,"is_bot":true,"first_name":"Lbbot_01","username":"Gamerlb01bot"},"chat":{"id":8152733609,"first_name":"Vijay48","type":"private"},"date":1773747384,"text":"Welcome to the bookie bot!","reply_markup":{"inline_keyboard":[[{"text":"\ud83d\udcb0 Deposit","callback_data":"DEPOSIT"},{"text":"\ud83d\udcca Balance","callback_data":"BALANCE"}],[{"text":"\ud83c\udfe7 Withdraw","callback_data":"WITHDRAW"},{"text":"\ud83d\udd52 Active Request","callback_data":"ACTIVE_REQUESTS"}]]}},"chat_instance":"-8022870131296560198","data":"BALANCE"}}
[2026-03-17 11:36:26] Routing to handleCallback
[2026-03-17 11:36:31] Webhook hit. Token=8164448894:AAFbloa8DU6DxN8Jjo0nMYnP6bL33DzcBu4 Bookie=1
[2026-03-17 11:36:31] Input: {"update_id":896251121,
"callback_query":{"id":"7569131861875827840","from":{"id":8204776787,"is_bot":false,"first_name":"Rajani","username":"Rajani1708","language_code":"en"},"message":{"message_id":742,"from":{"id":8164448894,"is_bot":true,"first_name":"Lbbot_01","username":"Gamerlb01bot"},"chat":{"id":8204776787,"first_name":"Rajani","username":"Rajani1708","type":"private"},"date":1773747120,"text":"\ud83d\udd52 Your Active Requests\n\nYou have no active deposits or withdrawals at the moment.","entities":[{"offset":0,"length":23,"type":"bold"}],"reply_markup":{"inline_keyboard":[[{"text":"Back to Menu","callback_data":"MAIN_MENU"}]]}},"chat_instance":"6698031621898929507","data":"MAIN_MENU"}}
[2026-03-17 11:36:31] Routing to handleCallback
[2026-03-17 11:36:34] Webhook hit. Token=8164448894:AAFbloa8DU6DxN8Jjo0nMYnP6bL33DzcBu4 Bookie=1
[2026-03-17 11:36:34] Input: {"update_id":896251122,
"callback_query":{"id":"7569131862435613008","from":{"id":8204776787,"is_bot":false,"first_name":"Rajani","username":"Rajani1708","language_code":"en"},"message":{"message_id":747,"from":{"id":8164448894,"is_bot":true,"first_name":"Lbbot_01","username":"Gamerlb01bot"},"chat":{"id":8204776787,"first_name":"Rajani","username":"Rajani1708","type":"private"},"date":1773747392,"text":"Welcome to the bookie bot!","reply_markup":{"inline_keyboard":[[{"text":"\ud83d\udcb0 Deposit","callback_data":"DEPOSIT"},{"text":"\ud83d\udcca Balance","callback_data":"BALANCE"}],[{"text":"\ud83c\udfe7 Withdraw","callback_data":"WITHDRAW"},{"text":"\ud83d\udd52 Active Request","callback_data":"ACTIVE_REQUESTS"}]]}},"chat_instance":"6698031621898929507","data":"BALANCE"}}
[2026-03-17 11:36:34] Routing to handleCallback
[2026-03-17 11:37:32] Webhook hit. Token=8164448894:AAFbloa8DU6DxN8Jjo0nMYnP6bL33DzcBu4 Bookie=1
[2026-03-17 11:37:32] Input: {"update_id":896251123,
"callback_query":{"id":"7345608116547337841","from":{"id":8152733609,"is_bot":false,"first_name":"Vijay48","language_code":"en"},"message":{"message_id":746,"from":{"id":8164448894,"is_bot":true,"first_name":"Lbbot_01","username":"Gamerlb01bot"},"chat":{"id":8152733609,"first_name":"Vijay48","type":"private"},"date":1773747384,"edit_date":1773747388,"text":"\ud83d\udcb0 Balance is : $50.00","entities":[{"offset":0,"length":22,"type":"bold"}],"reply_markup":{"inline_keyboard":[[{"text":"Back to Menu","callback_data":"MAIN_MENU"}]]}},"chat_instance":"-8022870131296560198","data":"MAIN_MENU"}}
[2026-03-17 11:37:32] Routing to handleCallback
[2026-03-17 11:37:43] Webhook hit. Token=8164448894:AAFbloa8DU6DxN8Jjo0nMYnP6bL33DzcBu4 Bookie=1
[2026-03-17 11:37:43] Input: {"update_id":896251124,
"callback_query":{"id":"7345608114491820350","from":{"id":8152733609,"is_bot":false,"first_name":"Vijay48","language_code":"en"},"message":{"message_id":748,"from":{"id":8164448894,"is_bot":true,"first_name":"Lbbot_01","username":"Gamerlb01bot"},"chat":{"id":8152733609,"first_name":"Vijay48","type":"private"},"date":1773747453,"text":"Welcome to the bookie bot!","reply_markup":{"inline_keyboard":[[{"text":"\ud83d\udcb0 Deposit","callback_data":"DEPOSIT"},{"text":"\ud83d\udcca Balance","callback_data":"BALANCE"}],[{"text":"\ud83c\udfe7 Withdraw","callback_data":"WITHDRAW"},{"text":"\ud83d\udd52 Active Request","callback_data":"ACTIVE_REQUESTS"}]]}},"chat_instance":"-8022870131296560198","data":"BALANCE"}}
[2026-03-17 11:37:43] Routing to handleCallback
[2026-03-17 11:38:03] Webhook hit. Token=8164448894:AAFbloa8DU6DxN8Jjo0nMYnP6bL33DzcBu4 Bookie=1
[2026-03-17 11:38:03] Input: {"update_id":896251125,
"callback_query":{"id":"7569131863953326151","from":{"id":8204776787,"is_bot":false,"first_name":"Rajani","username":"Rajani1708","language_code":"en"},"message":{"message_id":747,"from":{"id":8164448894,"is_bot":true,"first_name":"Lbbot_01","username":"Gamerlb01bot"},"chat":{"id":8204776787,"first_name":"Rajani","username":"Rajani1708","type":"private"},"date":1773747392,"edit_date":1773747396,"text":"\ud83d\udcb0 Balance is : $250.00","entities":[{"offset":0,"length":23,"type":"bold"}],"reply_markup":{"inline_keyboard":[[{"text":"Back to Menu","callback_data":"MAIN_MENU"}]]}},"chat_instance":"6698031621898929507","data":"MAIN_MENU"}}
[2026-03-17 11:38:03] Routing to handleCallback
[2026-03-17 11:38:06] Webhook hit. Token=8164448894:AAFbloa8DU6DxN8Jjo0nMYnP6bL33DzcBu4 Bookie=1
[2026-03-17 11:38:06] Input: {"update_id":896251126,
"callback_query":{"id":"7569131861466083950","from":{"id":8204776787,"is_bot":false,"first_name":"Rajani","username":"Rajani1708","language_code":"en"},"message":{"message_id":750,"from":{"id":8164448894,"is_bot":true,"first_name":"Lbbot_01","username":"Gamerlb01bot"},"chat":{"id":8204776787,"first_name":"Rajani","username":"Rajani1708","type":"private"},"date":1773747485,"text":"Welcome to the bookie bot!","reply_markup":{"inline_keyboard":[[{"text":"\ud83d\udcb0 Deposit","callback_data":"DEPOSIT"},{"text":"\ud83d\udcca Balance","callback_data":"BALANCE"}],[{"text":"\ud83c\udfe7 Withdraw","callback_data":"WITHDRAW"},{"text":"\ud83d\udd52 Active Request","callback_data":"ACTIVE_REQUESTS"}]]}},"chat_instance":"6698031621898929507","data":"BALANCE"}}
[2026-03-17 11:38:06] Routing to handleCallback
[2026-03-17 11:38:11] Webhook hit. Token=8164448894:AAFbloa8DU6DxN8Jjo0nMYnP6bL33DzcBu4 Bookie=1
[2026-03-17 11:38:11] Input: {"update_id":896251127,
"callback_query":{"id":"7345608116642428099","from":{"id":8152733609,"is_bot":false,"first_name":"Vijay48","language_code":"en"},"message":{"message_id":748,"from":{"id":8164448894,"is_bot":true,"first_name":"Lbbot_01","username":"Gamerlb01bot"},"chat":{"id":8152733609,"first_name":"Vijay48","type":"private"},"date":1773747453,"edit_date":1773747465,"text":"\ud83d\udcb0 Balance is : $50.00","entities":[{"offset":0,"length":22,"type":"bold"}],"reply_markup":{"inline_keyboard":[[{"text":"Back to Menu","callback_data":"MAIN_MENU"}]]}},"chat_instance":"-8022870131296560198","data":"MAIN_MENU"}}
[2026-03-17 11:38:11] Routing to handleCallback
[2026-03-17 11:38:17] Webhook hit. Token=8164448894:AAFbloa8DU6DxN8Jjo0nMYnP6bL33DzcBu4 Bookie=1
[2026-03-17 11:38:17] Input: {"update_id":896251128,
"callback_query":{"id":"7345608116703304177","from":{"id":8152733609,"is_bot":false,"first_name":"Vijay48","language_code":"en"},"message":{"message_id":751,"from":{"id":8164448894,"is_bot":true,"first_name":"Lbbot_01","username":"Gamerlb01bot"},"chat":{"id":8152733609,"first_name":"Vijay48","type":"private"},"date":1773747492,"text":"Welcome to the bookie bot!","reply_markup":{"inline_keyboard":[[{"text":"\ud83d\udcb0 Deposit","callback_data":"DEPOSIT"},{"text":"\ud83d\udcca Balance","callback_data":"BALANCE"}],[{"text":"\ud83c\udfe7 Withdraw","callback_data":"WITHDRAW"},{"text":"\ud83d\udd52 Active Request","callback_data":"ACTIVE_REQUESTS"}]]}},"chat_instance":"-8022870131296560198","data":"BALANCE"}}
[2026-03-17 11:38:17] Routing to handleCallback
[2026-03-17 11:44:43] Webhook hit. Token=8164448894:AAFbloa8DU6DxN8Jjo0nMYnP6bL33DzcBu4 Bookie=1
[2026-03-17 11:44:43] Input: {"update_id":896251129,
"callback_query":{"id":"7345608117363751305","from":{"id":8152733609,"is_bot":false,"first_name":"Vijay48","language_code":"en"},"message":{"message_id":751,"from":{"id":8164448894,"is_bot":true,"first_name":"Lbbot_01","username":"Gamerlb01bot"},"chat":{"id":8152733609,"first_name":"Vijay48","type":"private"},"date":1773747492,"edit_date":1773747499,"text":"\ud83d\udcb0 Balance is : $50.00","entities":[{"offset":0,"length":22,"type":"bold"}],"reply_markup":{"inline_keyboard":[[{"text":"Back to Menu","callback_data":"MAIN_MENU"}]]}},"chat_instance":"-8022870131296560198","data":"MAIN_MENU"}}
[2026-03-17 11:44:43] Routing to handleCallback
[2026-03-17 11:44:50] Webhook hit. Token=8164448894:AAFbloa8DU6DxN8Jjo0nMYnP6bL33DzcBu4 Bookie=1
[2026-03-17 11:44:50] Input: {"update_id":896251130,
"callback_query":{"id":"7345608115281915628","from":{"id":8152733609,"is_bot":false,"first_name":"Vijay48","language_code":"en"},"message":{"message_id":752,"from":{"id":8164448894,"is_bot":true,"first_name":"Lbbot_01","username":"Gamerlb01bot"},"chat":{"id":8152733609,"first_name":"Vijay48","type":"private"},"date":1773747885,"text":"Welcome to the bookie bot!","reply_markup":{"inline_keyboard":[[{"text":"\ud83d\udcb0 Deposit","callback_data":"DEPOSIT"},{"text":"\ud83d\udcca Balance","callback_data":"BALANCE"}],[{"text":"\ud83c\udfe7 Withdraw","callback_data":"WITHDRAW"},{"text":"\ud83d\udd52 Active Request","callback_data":"ACTIVE_REQUESTS"}]]}},"chat_instance":"-8022870131296560198","data":"BALANCE"}}
[2026-03-17 11:44:50] Routing to handleCallback
[2026-03-17 11:45:50] Webhook hit. Token=8164448894:AAFbloa8DU6DxN8Jjo0nMYnP6bL33DzcBu4 Bookie=1
[2026-03-17 11:45:50] Input: {"update_id":896251131,
"callback_query":{"id":"7569131862215179049","from":{"id":8204776787,"is_bot":false,"first_name":"Rajani","username":"Rajani1708","language_code":"en"},"message":{"message_id":750,"from":{"id":8164448894,"is_bot":true,"first_name":"Lbbot_01","username":"Gamerlb01bot"},"chat":{"id":8204776787,"first_name":"Rajani","username":"Rajani1708","type":"private"},"date":1773747485,"edit_date":1773747488,"text":"\ud83d\udcb0 Balance is : $250.00","entities":[{"offset":0,"length":23,"type":"bold"}],"reply_markup":{"inline_keyboard":[[{"text":"Back to Menu","callback_data":"MAIN_MENU"}]]}},"chat_instance":"6698031621898929507","data":"MAIN_MENU"}}
[2026-03-17 11:45:50] Routing to handleCallback
[2026-03-17 11:45:59] Webhook hit. Token=8164448894:AAFbloa8DU6DxN8Jjo0nMYnP6bL33DzcBu4 Bookie=1
[2026-03-17 11:45:59] Input: {"update_id":896251132,
"callback_query":{"id":"7569131862646008343","from":{"id":8204776787,"is_bot":false,"first_name":"Rajani","username":"Rajani1708","language_code":"en"},"message":{"message_id":753,"from":{"id":8164448894,"is_bot":true,"first_name":"Lbbot_01","username":"Gamerlb01bot"},"chat":{"id":8204776787,"first_name":"Rajani","username":"Rajani1708","type":"private"},"date":1773747951,"text":"Welcome to the bookie bot!","reply_markup":{"inline_keyboard":[[{"text":"\ud83d\udcb0 Deposit","callback_data":"DEPOSIT"},{"text":"\ud83d\udcca Balance","callback_data":"BALANCE"}],[{"text":"\ud83c\udfe7 Withdraw","callback_data":"WITHDRAW"},{"text":"\ud83d\udd52 Active Request","callback_data":"ACTIVE_REQUESTS"}]]}},"chat_instance":"6698031621898929507","data":"WITHDRAW"}}
[2026-03-17 11:45:59] Routing to handleCallback
[2026-03-17 11:46:10] Webhook hit. Token=8164448894:AAFbloa8DU6DxN8Jjo0nMYnP6bL33DzcBu4 Bookie=1
[2026-03-17 11:46:10] Input: {"update_id":896251133,
"message":{"message_id":755,"from":{"id":8204776787,"is_bot":false,"first_name":"Rajani","username":"Rajani1708","language_code":"en"},"chat":{"id":8204776787,"first_name":"Rajani","username":"Rajani1708","type":"private"},"date":1773747969,"text":"100"}}
[2026-03-17 11:46:10] Routing to handleMessage
[2026-03-17 11:46:10] Processing handleMessage loop, text: 100
[2026-03-17 11:46:12] Webhook hit. Token=8164448894:AAFbloa8DU6DxN8Jjo0nMYnP6bL33DzcBu4 Bookie=1
[2026-03-17 11:46:12] Input: {"update_id":896251134,
"callback_query":{"id":"7569131862075715443","from":{"id":8204776787,"is_bot":false,"first_name":"Rajani","username":"Rajani1708","language_code":"en"},"message":{"message_id":756,"from":{"id":8164448894,"is_bot":true,"first_name":"Lbbot_01","username":"Gamerlb01bot"},"chat":{"id":8204776787,"first_name":"Rajani","username":"Rajani1708","type":"private"},"date":1773747970,"text":"Please select a payout method to receive your $100:","reply_markup":{"inline_keyboard":[[{"text":"venmo","callback_data":"SET_METHOD_NAME_venmo"},{"text":"paypal","callback_data":"SET_METHOD_NAME_paypal"}],[{"text":"\u2795 Other Method","callback_data":"ADD_PAYOUT_METHOD"}]]}},"chat_instance":"6698031621898929507","data":"SET_METHOD_NAME_venmo"}}
[2026-03-17 11:46:12] Routing to handleCallback
[2026-03-17 11:46:23] Webhook hit. Token=8164448894:AAFbloa8DU6DxN8Jjo0nMYnP6bL33DzcBu4 Bookie=1
[2026-03-17 11:46:23] Input: {"update_id":896251135,
"message":{"message_id":758,"from":{"id":8204776787,"is_bot":false,"first_name":"Rajani","username":"Rajani1708","language_code":"en"},"chat":{"id":8204776787,"first_name":"Rajani","username":"Rajani1708","type":"private"},"date":1773747983,"text":"$rajani45"}}
[2026-03-17 11:46:23] Routing to handleMessage
[2026-03-17 11:46:23] Processing handleMessage loop, text: $rajani45
[2026-03-17 11:46:28] Webhook hit. Token=8164448894:AAFbloa8DU6DxN8Jjo0nMYnP6bL33DzcBu4 Bookie=1
[2026-03-17 11:46:28] Input: {"update_id":896251136,
"callback_query":{"id":"7569131864766424390","from":{"id":8204776787,"is_bot":false,"first_name":"Rajani","username":"Rajani1708","language_code":"en"},"message":{"message_id":759,"from":{"id":8164448894,"is_bot":true,"first_name":"Lbbot_01","username":"Gamerlb01bot"},"chat":{"id":8204776787,"first_name":"Rajani","username":"Rajani1708","type":"private"},"date":1773747984,"text":"Please confirm your payout details:\n\n\ud83d\udcb0 Amount: $100.00\n\ud83c\udfe6 Method: venmo\n\ud83d\udc64 Account: $rajani45\n\nIs this correct?","entities":[{"offset":0,"length":35,"type":"bold"},{"offset":48,"length":7,"type":"bold"},{"offset":67,"length":5,"type":"bold"},{"offset":85,"length":9,"type":"code"}],"reply_markup":{"inline_keyboard":[[{"text":"\u2705 Yes, Proceed","callback_data":"CONFIRM_PAYOUT_YES"},{"text":"\u274c No, Change","callback_data":"CONFIRM_PAYOUT_NO"}]]}},"chat_instance":"6698031621898929507","data":"CONFIRM_PAYOUT_YES"}}
[2026-03-17 11:46:28] Routing to handleCallback
[2026-03-17 11:46:43] Webhook hit. Token=8164448894:AAFbloa8DU6DxN8Jjo0nMYnP6bL33DzcBu4 Bookie=1
[2026-03-17 11:46:43] Input: {"update_id":896251137,
"callback_query":{"id":"7345608113989289352","from":{"id":8152733609,"is_bot":false,"first_name":"Vijay48","language_code":"en"},"message":{"message_id":752,"from":{"id":8164448894,"is_bot":true,"first_name":"Lbbot_01","username":"Gamerlb01bot"},"chat":{"id":8152733609,"first_name":"Vijay48","type":"private"},"date":1773747885,"edit_date":1773747892,"text":"\ud83d\udcb0 Balance is : $100.00","entities":[{"offset":0,"length":23,"type":"bold"}],"reply_markup":{"inline_keyboard":[[{"text":"Back to Menu","callback_data":"MAIN_MENU"}]]}},"chat_instance":"-8022870131296560198","data":"MAIN_MENU"}}
[2026-03-17 11:46:43] Routing to handleCallback
[2026-03-17 11:46:47] Webhook hit. Token=8164448894:AAFbloa8DU6DxN8Jjo0nMYnP6bL33DzcBu4 Bookie=1
[2026-03-17 11:46:47] Input: {"update_id":896251138,
"callback_query":{"id":"7345608113875540357","from":{"id":8152733609,"is_bot":false,"first_name":"Vijay48","language_code":"en"},"message":{"message_id":762,"from":{"id":8164448894,"is_bot":true,"first_name":"Lbbot_01","username":"Gamerlb01bot"},"chat":{"id":8152733609,"first_name":"Vijay48","type":"private"},"date":1773748005,"text":"Welcome to the bookie bot!","reply_markup":{"inline_keyboard":[[{"text":"\ud83d\udcb0 Deposit","callback_data":"DEPOSIT"},{"text":"\ud83d\udcca Balance","callback_data":"BALANCE"}],[{"text":"\ud83c\udfe7 Withdraw","callback_data":"WITHDRAW"},{"text":"\ud83d\udd52 Active Request","callback_data":"ACTIVE_REQUESTS"}]]}},"chat_instance":"-8022870131296560198","data":"DEPOSIT"}}
[2026-03-17 11:46:47] Routing to handleCallback
[2026-03-17 11:47:02] Webhook hit. Token=8164448894:AAFbloa8DU6DxN8Jjo0nMYnP6bL33DzcBu4 Bookie=1
[2026-03-17 11:47:02] Input: {"update_id":896251139,
"message":{"message_id":764,"from":{"id":8152733609,"is_bot":false,"first_name":"Vijay48","language_code":"en"},"chat":{"id":8152733609,"first_name":"Vijay48","type":"private"},"date":1773748022,"text":"50"}}
[2026-03-17 11:47:02] Routing to handleMessage
[2026-03-17 11:47:02] Processing handleMessage loop, text: 50
[2026-03-17 11:47:05] Webhook hit. Token=8164448894:AAFbloa8DU6DxN8Jjo0nMYnP6bL33DzcBu4 Bookie=1
[2026-03-17 11:47:05] Input: {"update_id":896251140,
"callback_query":{"id":"7345608114480733403","from":{"id":8152733609,"is_bot":false,"first_name":"Vijay48","language_code":"en"},"message":{"message_id":765,"from":{"id":8164448894,"is_bot":true,"first_name":"Lbbot_01","username":"Gamerlb01bot"},"chat":{"id":8152733609,"first_name":"Vijay48","type":"private"},"date":1773748023,"text":"Please select the wallet you want to use for this $50 deposit:","reply_markup":{"inline_keyboard":[[{"text":"Wallet: venmo","callback_data":"DEPOSIT_METHOD_venmo"},{"text":"Wallet: paypal","callback_data":"DEPOSIT_METHOD_paypal"}]]}},"chat_instance":"-8022870131296560198","data":"DEPOSIT_METHOD_venmo"}}
[2026-03-17 11:47:05] Routing to handleCallback
[2026-03-17 11:47:21] Webhook hit. Token=8164448894:AAFbloa8DU6DxN8Jjo0nMYnP6bL33DzcBu4 Bookie=1
[2026-03-17 11:47:21] Input: {"update_id":896251141,
"message":{"message_id":767,"from":{"id":8152733609,"is_bot":false,"first_name":"Vijay48","language_code":"en"},"chat":{"id":8152733609,"first_name":"Vijay48","type":"private"},"date":1773748041,"photo":[{"file_id":"AgACAgUAAxkBAAIC_2m5P0lXY8EQFveIruR3dwE811pIAALfDmsbKFzJVfwfXCa7RUvsAQADAgADcwADOgQ","file_unique_id":"AQAD3w5rGyhcyVV4","file_size":1324,"width":60,"height":90},{"file_id":"AgACAgUAAxkBAAIC_2m5P0lXY8EQFveIruR3dwE811pIAALfDmsbKFzJVfwfXCa7RUvsAQADAgADbQADOgQ","file_unique_id":"AQAD3w5rGyhcyVVy","file_size":12685,"width":213,"height":320},{"file_id":"AgACAgUAAxkBAAIC_2m5P0lXY8EQFveIruR3dwE811pIAALfDmsbKFzJVfwfXCa7RUvsAQADAgADeAADOgQ","file_unique_id":"AQAD3w5rGyhcyVV9","file_size":45828,"width":533,"height":800},{"file_id":"AgACAgUAAxkBAAIC_2m5P0lXY8EQFveIruR3dwE811pIAALfDmsbKFzJVfwfXCa7RUvsAQADAgADeQADOgQ","file_unique_id":"AQAD3w5rGyhcyVV-","file_size":88642,"width":853,"height":1280},{"file_id":"AgACAgUAAxkBAAIC_2m5P0lXY8EQFveIruR3dwE811pIAALfDmsbKFzJVfwfXCa7RUvsAQADAgADdwADOgQ","file_unique_id":"AQAD3w5rGyhcyVV8","file_size":109486,"width":1024,"height":1536}]}}
[2026-03-17 11:47:21] Routing to handleMessage
[2026-03-17 11:47:21] Processing handleMessage loop, text: 
[2026-03-17 11:47:34] Webhook hit. Token=8164448894:AAFbloa8DU6DxN8Jjo0nMYnP6bL33DzcBu4 Bookie=1
[2026-03-17 11:47:34] Input: {"update_id":896251142,
"callback_query":{"id":"7569131861836452549","from":{"id":8204776787,"is_bot":false,"first_name":"Rajani","username":"Rajani1708","language_code":"en"},"message":{"message_id":768,"from":{"id":8164448894,"is_bot":true,"first_name":"Lbbot_01","username":"Gamerlb01bot"},"chat":{"id":8204776787,"first_name":"Rajani","username":"Rajani1708","type":"private"},"date":1773748042,"photo":[{"file_id":"AgACAgUAAxkBAAIC_2m5P0lXY8EQFveIruR3dwE811pIAALfDmsbKFzJVfwfXCa7RUvsAQADAgADcwADOgQ","file_unique_id":"AQAD3w5rGyhcyVV4","file_size":1324,"width":60,"height":90},{"file_id":"AgACAgUAAxkBAAIC_2m5P0lXY8EQFveIruR3dwE811pIAALfDmsbKFzJVfwfXCa7RUvsAQADAgADbQADOgQ","file_unique_id":"AQAD3w5rGyhcyVVy","file_size":12685,"width":213,"height":320},{"file_id":"AgACAgUAAxkBAAIC_2m5P0lXY8EQFveIruR3dwE811pIAALfDmsbKFzJVfwfXCa7RUvsAQADAgADeAADOgQ","file_unique_id":"AQAD3w5rGyhcyVV9","file_size":45828,"width":533,"height":800},{"file_id":"AgACAgUAAxkBAAIC_2m5P0lXY8EQFveIruR3dwE811pIAALfDmsbKFzJVfwfXCa7RUvsAQADAgADeQADOgQ","file_unique_id":"AQAD3w5rGyhcyVV-","file_size":88642,"width":853,"height":1280},{"file_id":"AgACAgUAAxkBAAIC_2m5P0lXY8EQFveIruR3dwE811pIAALfDmsbKFzJVfwfXCa7RUvsAQADAgADdwADOgQ","file_unique_id":"AQAD3w5rGyhcyVV8","file_size":109486,"width":1024,"height":1536}],"caption":"\ud83d\udcb0 Withdrawal Credited\n\nPlayer Vijay48 has sent $50.00 toward your withdrawal request.\nThis amount has been deposited into your account.\n\nThis payment: $50.00\nTotal requested: $100.00\nPaid so far: $50.00 of $100.00\nRemaining: $50.00\n\nPayment method: venmo\nReference: WD-2 / PART-4\n\nPlease wait at least 10 minutes before pressing 'Didn't Receive' as notifications and transfers can sometimes take a few minutes to process.\n\nReceipt attached below.","caption_entities":[{"offset":0,"length":22,"type":"bold"},{"offset":31,"length":7,"type":"bold"},{"offset":48,"length":6,"type":"bold"},{"offset":108,"length":27,"type":"bold"},{"offset":152,"length":6,"type":"bold"},{"offset":176,"length":7,"type":"bold"},{"offset":197,"length":6,"type":"bold"},{"offset":226,"length":6,"type":"bold"},{"offset":282,"length":140,"type":"italic"}],"reply_markup":{"inline_keyboard":[[{"text":"\ud83d\udea8 Didn't Receive","callback_data":"DISPUTE_SPLIT_4"},{"text":"Back to Menu","callback_data":"MAIN_MENU"}]]}},"chat_instance":"6698031621898929507","data":"MAIN_MENU"}}
[2026-03-17 11:47:34] Routing to handleCallback
[2026-03-17 11:47:42] Webhook hit. Token=8164448894:AAFbloa8DU6DxN8Jjo0nMYnP6bL33DzcBu4 Bookie=1
[2026-03-17 11:47:42] Input: {"update_id":896251143,
"callback_query":{"id":"7569131861487181426","from":{"id":8204776787,"is_bot":false,"first_name":"Rajani","username":"Rajani1708","language_code":"en"},"message":{"message_id":770,"from":{"id":8164448894,"is_bot":true,"first_name":"Lbbot_01","username":"Gamerlb01bot"},"chat":{"id":8204776787,"first_name":"Rajani","username":"Rajani1708","type":"private"},"date":1773748056,"text":"Welcome to the bookie bot!","reply_markup":{"inline_keyboard":[[{"text":"\ud83d\udcb0 Deposit","callback_data":"DEPOSIT"},{"text":"\ud83d\udcca Balance","callback_data":"BALANCE"}],[{"text":"\ud83c\udfe7 Withdraw","callback_data":"WITHDRAW"},{"text":"\ud83d\udd52 Active Request","callback_data":"ACTIVE_REQUESTS"}]]}},"chat_instance":"6698031621898929507","data":"BALANCE"}}
[2026-03-17 11:47:42] Routing to handleCallback
[2026-03-17 11:47:49] Webhook hit. Token=8164448894:AAFbloa8DU6DxN8Jjo0nMYnP6bL33DzcBu4 Bookie=1
[2026-03-17 11:47:49] Input: {"update_id":896251144,
"callback_query":{"id":"7569131864702858102","from":{"id":8204776787,"is_bot":false,"first_name":"Rajani","username":"Rajani1708","language_code":"en"},"message":{"message_id":770,"from":{"id":8164448894,"is_bot":true,"first_name":"Lbbot_01","username":"Gamerlb01bot"},"chat":{"id":8204776787,"first_name":"Rajani","username":"Rajani1708","type":"private"},"date":1773748056,"edit_date":1773748063,"text":"\ud83d\udcb0 Balance is : $150.00","entities":[{"offset":0,"length":23,"type":"bold"}],"reply_markup":{"inline_keyboard":[[{"text":"Back to Menu","callback_data":"MAIN_MENU"}]]}},"chat_instance":"6698031621898929507","data":"MAIN_MENU"}}
[2026-03-17 11:47:49] Routing to handleCallback
[2026-03-17 11:47:52] Webhook hit. Token=8164448894:AAFbloa8DU6DxN8Jjo0nMYnP6bL33DzcBu4 Bookie=1
[2026-03-17 11:47:52] Input: {"update_id":896251145,
"callback_query":{"id":"7569131863552286975","from":{"id":8204776787,"is_bot":false,"first_name":"Rajani","username":"Rajani1708","language_code":"en"},"message":{"message_id":771,"from":{"id":8164448894,"is_bot":true,"first_name":"Lbbot_01","username":"Gamerlb01bot"},"chat":{"id":8204776787,"first_name":"Rajani","username":"Rajani1708","type":"private"},"date":1773748071,"text":"Welcome to the bookie bot!","reply_markup":{"inline_keyboard":[[{"text":"\ud83d\udcb0 Deposit","callback_data":"DEPOSIT"},{"text":"\ud83d\udcca Balance","callback_data":"BALANCE"}],[{"text":"\ud83c\udfe7 Withdraw","callback_data":"WITHDRAW"},{"text":"\ud83d\udd52 Active Request","callback_data":"ACTIVE_REQUESTS"}]]}},"chat_instance":"6698031621898929507","data":"ACTIVE_REQUESTS"}}
[2026-03-17 11:47:52] Routing to handleCallback
[2026-03-17 11:48:12] Webhook hit. Token=8164448894:AAFbloa8DU6DxN8Jjo0nMYnP6bL33DzcBu4 Bookie=1
[2026-03-17 11:48:12] Input: {"update_id":896251146,
"callback_query":{"id":"7345608113163016253","from":{"id":8152733609,"is_bot":false,"first_name":"Vijay48","language_code":"en"},"message":{"message_id":769,"from":{"id":8164448894,"is_bot":true,"first_name":"Lbbot_01","username":"Gamerlb01bot"},"chat":{"id":8152733609,"first_name":"Vijay48","type":"private"},"date":1773748043,"text":"\u2705 All payment receipts have been submitted.\nYour deposit has been approved and your wallet is credited instantly! Recipients have 10 minutes to review the payment.","entities":[{"offset":2,"length":41,"type":"bold"}],"reply_markup":{"inline_keyboard":[[{"text":"Back to Menu","callback_data":"MAIN_MENU"}]]}},"chat_instance":"-8022870131296560198","data":"MAIN_MENU"}}
[2026-03-17 11:48:12] Routing to handleCallback
[2026-03-17 11:48:16] Webhook hit. Token=8164448894:AAFbloa8DU6DxN8Jjo0nMYnP6bL33DzcBu4 Bookie=1
[2026-03-17 11:48:16] Input: {"update_id":896251147,
"callback_query":{"id":"7345608115393391180","from":{"id":8152733609,"is_bot":false,"first_name":"Vijay48","language_code":"en"},"message":{"message_id":773,"from":{"id":8164448894,"is_bot":true,"first_name":"Lbbot_01","username":"Gamerlb01bot"},"chat":{"id":8152733609,"first_name":"Vijay48","type":"private"},"date":1773748094,"text":"Welcome to the bookie bot!","reply_markup":{"inline_keyboard":[[{"text":"\ud83d\udcb0 Deposit","callback_data":"DEPOSIT"},{"text":"\ud83d\udcca Balance","callback_data":"BALANCE"}],[{"text":"\ud83c\udfe7 Withdraw","callback_data":"WITHDRAW"},{"text":"\ud83d\udd52 Active Request","callback_data":"ACTIVE_REQUESTS"}]]}},"chat_instance":"-8022870131296560198","data":"BALANCE"}}
[2026-03-17 11:48:16] Routing to handleCallback
[2026-03-17 11:49:54] Webhook hit. Token=8164448894:AAFbloa8DU6DxN8Jjo0nMYnP6bL33DzcBu4 Bookie=1
[2026-03-17 11:49:54] Input: {"update_id":896251148,
"callback_query":{"id":"7345608116257531525","from":{"id":8152733609,"is_bot":false,"first_name":"Vijay48","language_code":"en"},"message":{"message_id":773,"from":{"id":8164448894,"is_bot":true,"first_name":"Lbbot_01","username":"Gamerlb01bot"},"chat":{"id":8152733609,"first_name":"Vijay48","type":"private"},"date":1773748094,"edit_date":1773748097,"text":"\ud83d\udcb0 Balance is : $150.00","entities":[{"offset":0,"length":23,"type":"bold"}],"reply_markup":{"inline_keyboard":[[{"text":"Back to Menu","callback_data":"MAIN_MENU"}]]}},"chat_instance":"-8022870131296560198","data":"MAIN_MENU"}}
[2026-03-17 11:49:54] Routing to handleCallback
[2026-03-17 11:49:57] Webhook hit. Token=8164448894:AAFbloa8DU6DxN8Jjo0nMYnP6bL33DzcBu4 Bookie=1
[2026-03-17 11:49:57] Input: {"update_id":896251149,
"callback_query":{"id":"7345608115259803539","from":{"id":8152733609,"is_bot":false,"first_name":"Vijay48","language_code":"en"},"message":{"message_id":774,"from":{"id":8164448894,"is_bot":true,"first_name":"Lbbot_01","username":"Gamerlb01bot"},"chat":{"id":8152733609,"first_name":"Vijay48","type":"private"},"date":1773748195,"text":"Welcome to the bookie bot!","reply_markup":{"inline_keyboard":[[{"text":"\ud83d\udcb0 Deposit","callback_data":"DEPOSIT"},{"text":"\ud83d\udcca Balance","callback_data":"BALANCE"}],[{"text":"\ud83c\udfe7 Withdraw","callback_data":"WITHDRAW"},{"text":"\ud83d\udd52 Active Request","callback_data":"ACTIVE_REQUESTS"}]]}},"chat_instance":"-8022870131296560198","data":"DEPOSIT"}}
[2026-03-17 11:49:57] Routing to handleCallback
[2026-03-17 11:50:02] Webhook hit. Token=8164448894:AAFbloa8DU6DxN8Jjo0nMYnP6bL33DzcBu4 Bookie=1
[2026-03-17 11:50:02] Input: {"update_id":896251150,
"message":{"message_id":776,"from":{"id":8152733609,"is_bot":false,"first_name":"Vijay48","language_code":"en"},"chat":{"id":8152733609,"first_name":"Vijay48","type":"private"},"date":1773748202,"text":"20"}}
[2026-03-17 11:50:02] Routing to handleMessage
[2026-03-17 11:50:02] Processing handleMessage loop, text: 20
[2026-03-17 11:50:04] Webhook hit. Token=8164448894:AAFbloa8DU6DxN8Jjo0nMYnP6bL33DzcBu4 Bookie=1
[2026-03-17 11:50:04] Input: {"update_id":896251151,
"callback_query":{"id":"7345608115770043912","from":{"id":8152733609,"is_bot":false,"first_name":"Vijay48","language_code":"en"},"message":{"message_id":777,"from":{"id":8164448894,"is_bot":true,"first_name":"Lbbot_01","username":"Gamerlb01bot"},"chat":{"id":8152733609,"first_name":"Vijay48","type":"private"},"date":1773748203,"text":"Please select the wallet you want to use for this $20 deposit:","reply_markup":{"inline_keyboard":[[{"text":"Wallet: venmo","callback_data":"DEPOSIT_METHOD_venmo"},{"text":"Wallet: paypal","callback_data":"DEPOSIT_METHOD_paypal"}]]}},"chat_instance":"-8022870131296560198","data":"DEPOSIT_METHOD_venmo"}}
[2026-03-17 11:50:04] Routing to handleCallback
[2026-03-17 11:50:22] Webhook hit. Token=8164448894:AAFbloa8DU6DxN8Jjo0nMYnP6bL33DzcBu4 Bookie=1
[2026-03-17 11:50:22] Input: {"update_id":896251152,
"message":{"message_id":779,"from":{"id":8152733609,"is_bot":false,"first_name":"Vijay48","language_code":"en"},"chat":{"id":8152733609,"first_name":"Vijay48","type":"private"},"date":1773748221,"photo":[{"file_id":"AgACAgUAAxkBAAIDC2m5P_3D8-mrTdFdewoEdPu9XudGAAL0DmsbKFzJVXC3LDePMQk9AQADAgADcwADOgQ","file_unique_id":"AQAD9A5rGyhcyVV4","file_size":739,"width":60,"height":90},{"file_id":"AgACAgUAAxkBAAIDC2m5P_3D8-mrTdFdewoEdPu9XudGAAL0DmsbKFzJVXC3LDePMQk9AQADAgADbQADOgQ","file_unique_id":"AQAD9A5rGyhcyVVy","file_size":7716,"width":213,"height":320},{"file_id":"AgACAgUAAxkBAAIDC2m5P_3D8-mrTdFdewoEdPu9XudGAAL0DmsbKFzJVXC3LDePMQk9AQADAgADeAADOgQ","file_unique_id":"AQAD9A5rGyhcyVV9","file_size":29738,"width":533,"height":800},{"file_id":"AgACAgUAAxkBAAIDC2m5P_3D8-mrTdFdewoEdPu9XudGAAL0DmsbKFzJVXC3LDePMQk9AQADAgADeQADOgQ","file_unique_id":"AQAD9A5rGyhcyVV-","file_size":56568,"width":853,"height":1280},{"file_id":"AgACAgUAAxkBAAIDC2m5P_3D8-mrTdFdewoEdPu9XudGAAL0DmsbKFzJVXC3LDePMQk9AQADAgADdwADOgQ","file_unique_id":"AQAD9A5rGyhcyVV8","file_size":67656,"width":1024,"height":1536}]}}
[2026-03-17 11:50:22] Routing to handleMessage
[2026-03-17 11:50:22] Processing handleMessage loop, text: 
[2026-03-17 11:50:40] Webhook hit. Token=8164448894:AAFbloa8DU6DxN8Jjo0nMYnP6bL33DzcBu4 Bookie=1
[2026-03-17 11:50:40] Input: {"update_id":896251153,
"callback_query":{"id":"7345608113325561958","from":{"id":8152733609,"is_bot":false,"first_name":"Vijay48","language_code":"en"},"message":{"message_id":781,"from":{"id":8164448894,"is_bot":true,"first_name":"Lbbot_01","username":"Gamerlb01bot"},"chat":{"id":8152733609,"first_name":"Vijay48","type":"private"},"date":1773748223,"text":"\u2705 All payment receipts have been submitted.\nYour deposit has been approved and your wallet is credited instantly! Recipients have 10 minutes to review the payment.","entities":[{"offset":2,"length":41,"type":"bold"}],"reply_markup":{"inline_keyboard":[[{"text":"Back to Menu","callback_data":"MAIN_MENU"}]]}},"chat_instance":"-8022870131296560198","data":"MAIN_MENU"}}
[2026-03-17 11:50:40] Routing to handleCallback
[2026-03-17 11:50:43] Webhook hit. Token=8164448894:AAFbloa8DU6DxN8Jjo0nMYnP6bL33DzcBu4 Bookie=1
[2026-03-17 11:50:43] Input: {"update_id":896251154,
"callback_query":{"id":"7345608115146042546","from":{"id":8152733609,"is_bot":false,"first_name":"Vijay48","language_code":"en"},"message":{"message_id":782,"from":{"id":8164448894,"is_bot":true,"first_name":"Lbbot_01","username":"Gamerlb01bot"},"chat":{"id":8152733609,"first_name":"Vijay48","type":"private"},"date":1773748242,"text":"Welcome to the bookie bot!","reply_markup":{"inline_keyboard":[[{"text":"\ud83d\udcb0 Deposit","callback_data":"DEPOSIT"},{"text":"\ud83d\udcca Balance","callback_data":"BALANCE"}],[{"text":"\ud83c\udfe7 Withdraw","callback_data":"WITHDRAW"},{"text":"\ud83d\udd52 Active Request","callback_data":"ACTIVE_REQUESTS"}]]}},"chat_instance":"-8022870131296560198","data":"BALANCE"}}
[2026-03-17 11:50:43] Routing to handleCallback
[2026-03-17 11:51:15] Webhook hit. Token=8164448894:AAFbloa8DU6DxN8Jjo0nMYnP6bL33DzcBu4 Bookie=1
[2026-03-17 11:51:15] Input: {"update_id":896251155,
"callback_query":{"id":"7569131863704327214","from":{"id":8204776787,"is_bot":false,"first_name":"Rajani","username":"Rajani1708","language_code":"en"},"message":{"message_id":780,"from":{"id":8164448894,"is_bot":true,"first_name":"Lbbot_01","username":"Gamerlb01bot"},"chat":{"id":8204776787,"first_name":"Rajani","username":"Rajani1708","type":"private"},"date":1773748223,"photo":[{"file_id":"AgACAgUAAxkBAAIDC2m5P_3D8-mrTdFdewoEdPu9XudGAAL0DmsbKFzJVXC3LDePMQk9AQADAgADcwADOgQ","file_unique_id":"AQAD9A5rGyhcyVV4","file_size":739,"width":60,"height":90},{"file_id":"AgACAgUAAxkBAAIDC2m5P_3D8-mrTdFdewoEdPu9XudGAAL0DmsbKFzJVXC3LDePMQk9AQADAgADbQADOgQ","file_unique_id":"AQAD9A5rGyhcyVVy","file_size":7716,"width":213,"height":320},{"file_id":"AgACAgUAAxkBAAIDC2m5P_3D8-mrTdFdewoEdPu9XudGAAL0DmsbKFzJVXC3LDePMQk9AQADAgADeAADOgQ","file_unique_id":"AQAD9A5rGyhcyVV9","file_size":29738,"width":533,"height":800},{"file_id":"AgACAgUAAxkBAAIDC2m5P_3D8-mrTdFdewoEdPu9XudGAAL0DmsbKFzJVXC3LDePMQk9AQADAgADeQADOgQ","file_unique_id":"AQAD9A5rGyhcyVV-","file_size":56568,"width":853,"height":1280},{"file_id":"AgACAgUAAxkBAAIDC2m5P_3D8-mrTdFdewoEdPu9XudGAAL0DmsbKFzJVXC3LDePMQk9AQADAgADdwADOgQ","file_unique_id":"AQAD9A5rGyhcyVV8","file_size":67656,"width":1024,"height":1536}],"caption":"\ud83d\udcb0 Withdrawal Credited\n\nPlayer Vijay48 has sent $20.00 toward your withdrawal request.\nThis amount has been deposited into your account.\n\nThis payment: $20.00\nTotal requested: $100.00\nPaid so far: $70.00 of $100.00\nRemaining: $30.00\n\nPayment method: venmo\nReference: WD-2 / PART-5\n\nPlease wait at least 10 minutes before pressing 'Didn't Receive' as notifications and transfers can sometimes take a few minutes to process.\n\nReceipt attached below.","caption_entities":[{"offset":0,"length":22,"type":"bold"},{"offset":31,"length":7,"type":"bold"},{"offset":48,"length":6,"type":"bold"},{"offset":108,"length":27,"type":"bold"},{"offset":152,"length":6,"type":"bold"},{"offset":176,"length":7,"type":"bold"},{"offset":197,"length":6,"type":"bold"},{"offset":226,"length":6,"type":"bold"},{"offset":282,"length":140,"type":"italic"}],"reply_markup":{"inline_keyboard":[[{"text":"\ud83d\udea8 Didn't Receive","callback_data":"DISPUTE_SPLIT_5"},{"text":"Back to Menu","callback_data":"MAIN_MENU"}]]}},"chat_instance":"6698031621898929507","data":"DISPUTE_SPLIT_5"}}
[2026-03-17 11:51:15] Routing to handleCallback
[2026-03-17 11:51:27] Webhook hit. Token=8164448894:AAFbloa8DU6DxN8Jjo0nMYnP6bL33DzcBu4 Bookie=1
[2026-03-17 11:51:27] Input: {"update_id":896251156,
"message":{"message_id":786,"from":{"id":8204776787,"is_bot":false,"first_name":"Rajani","username":"Rajani1708","language_code":"en"},"chat":{"id":8204776787,"first_name":"Rajani","username":"Rajani1708","type":"private"},"date":1773748287,"text":"/start","entities":[{"offset":0,"length":6,"type":"bot_command"}]}}
[2026-03-17 11:51:27] Routing to handleMessage
[2026-03-17 11:51:27] Processing handleMessage loop, text: /start
[2026-03-17 11:51:28] Telegram response: Array
[2026-03-17 11:51:30] Webhook hit. Token=8164448894:AAFbloa8DU6DxN8Jjo0nMYnP6bL33DzcBu4 Bookie=1
[2026-03-17 11:51:30] Input: {"update_id":896251157,
"callback_query":{"id":"7569131861161986009","from":{"id":8204776787,"is_bot":false,"first_name":"Rajani","username":"Rajani1708","language_code":"en"},"message":{"message_id":787,"from":{"id":8164448894,"is_bot":true,"first_name":"Lbbot_01","username":"Gamerlb01bot"},"chat":{"id":8204776787,"first_name":"Rajani","username":"Rajani1708","type":"private"},"date":1773748288,"text":"Welcome to Rajani's bookie bot!","entities":[{"offset":11,"length":6,"type":"bold"}],"reply_markup":{"inline_keyboard":[[{"text":"\ud83d\udcb0 Deposit","callback_data":"DEPOSIT"},{"text":"\ud83d\udcca Balance","callback_data":"BALANCE"}],[{"text":"\ud83c\udfe7 Withdraw","callback_data":"WITHDRAW"},{"text":"\ud83d\udd52 Active Request","callback_data":"ACTIVE_REQUESTS"}]]}},"chat_instance":"6698031621898929507","data":"BALANCE"}}
[2026-03-17 11:51:30] Routing to handleCallback
[2026-03-17 11:51:34] Webhook hit. Token=8164448894:AAFbloa8DU6DxN8Jjo0nMYnP6bL33DzcBu4 Bookie=1
[2026-03-17 11:51:34] Input: {"update_id":896251158,
"callback_query":{"id":"7345608116214375038","from":{"id":8152733609,"is_bot":false,"first_name":"Vijay48","language_code":"en"},"message":{"message_id":782,"from":{"id":8164448894,"is_bot":true,"first_name":"Lbbot_01","username":"Gamerlb01bot"},"chat":{"id":8152733609,"first_name":"Vijay48","type":"private"},"date":1773748242,"edit_date":1773748244,"text":"\ud83d\udcb0 Balance is : $170.00","entities":[{"offset":0,"length":23,"type":"bold"}],"reply_markup":{"inline_keyboard":[[{"text":"Back to Menu","callback_data":"MAIN_MENU"}]]}},"chat_instance":"-8022870131296560198","data":"MAIN_MENU"}}
[2026-03-17 11:51:34] Routing to handleCallback
[2026-03-17 11:51:38] Webhook hit. Token=8164448894:AAFbloa8DU6DxN8Jjo0nMYnP6bL33DzcBu4 Bookie=1
[2026-03-17 11:51:38] Input: {"update_id":896251159,
"callback_query":{"id":"7345608113329531318","from":{"id":8152733609,"is_bot":false,"first_name":"Vijay48","language_code":"en"},"message":{"message_id":788,"from":{"id":8164448894,"is_bot":true,"first_name":"Lbbot_01","username":"Gamerlb01bot"},"chat":{"id":8152733609,"first_name":"Vijay48","type":"private"},"date":1773748296,"text":"Welcome to the bookie bot!","reply_markup":{"inline_keyboard":[[{"text":"\ud83d\udcb0 Deposit","callback_data":"DEPOSIT"},{"text":"\ud83d\udcca Balance","callback_data":"BALANCE"}],[{"text":"\ud83c\udfe7 Withdraw","callback_data":"WITHDRAW"},{"text":"\ud83d\udd52 Active Request","callback_data":"ACTIVE_REQUESTS"}]]}},"chat_instance":"-8022870131296560198","data":"BALANCE"}}
[2026-03-17 11:51:38] Routing to handleCallback
[2026-03-17 11:54:35] Webhook hit. Token=8164448894:AAFbloa8DU6DxN8Jjo0nMYnP6bL33DzcBu4 Bookie=1
[2026-03-17 11:54:35] Input: {"update_id":896251160,
"callback_query":{"id":"7345608113370731633","from":{"id":8152733609,"is_bot":false,"first_name":"Vijay48","language_code":"en"},"message":{"message_id":788,"from":{"id":8164448894,"is_bot":true,"first_name":"Lbbot_01","username":"Gamerlb01bot"},"chat":{"id":8152733609,"first_name":"Vijay48","type":"private"},"date":1773748296,"edit_date":1773748300,"text":"\ud83d\udcb0 Balance is : $150.00","entities":[{"offset":0,"length":23,"type":"bold"}],"reply_markup":{"inline_keyboard":[[{"text":"Back to Menu","callback_data":"MAIN_MENU"}]]}},"chat_instance":"-8022870131296560198","data":"MAIN_MENU"}}
[2026-03-17 11:54:35] Routing to handleCallback
[2026-03-17 11:54:38] Webhook hit. Token=8164448894:AAFbloa8DU6DxN8Jjo0nMYnP6bL33DzcBu4 Bookie=1
[2026-03-17 11:54:38] Input: {"update_id":896251161,
"callback_query":{"id":"7345608115272445321","from":{"id":8152733609,"is_bot":false,"first_name":"Vijay48","language_code":"en"},"message":{"message_id":790,"from":{"id":8164448894,"is_bot":true,"first_name":"Lbbot_01","username":"Gamerlb01bot"},"chat":{"id":8152733609,"first_name":"Vijay48","type":"private"},"date":1773748476,"text":"Welcome to the bookie bot!","reply_markup":{"inline_keyboard":[[{"text":"\ud83d\udcb0 Deposit","callback_data":"DEPOSIT"},{"text":"\ud83d\udcca Balance","callback_data":"BALANCE"}],[{"text":"\ud83c\udfe7 Withdraw","callback_data":"WITHDRAW"},{"text":"\ud83d\udd52 Active Request","callback_data":"ACTIVE_REQUESTS"}]]}},"chat_instance":"-8022870131296560198","data":"BALANCE"}}
[2026-03-17 11:54:38] Routing to handleCallback
[2026-03-17 11:55:18] Webhook hit. Token=8164448894:AAFbloa8DU6DxN8Jjo0nMYnP6bL33DzcBu4 Bookie=1
[2026-03-17 11:55:18] Input: {"update_id":896251162,
"callback_query":{"id":"7345608117014630528","from":{"id":8152733609,"is_bot":false,"first_name":"Vijay48","language_code":"en"},"message":{"message_id":790,"from":{"id":8164448894,"is_bot":true,"first_name":"Lbbot_01","username":"Gamerlb01bot"},"chat":{"id":8152733609,"first_name":"Vijay48","type":"private"},"date":1773748476,"edit_date":1773748479,"text":"\ud83d\udcb0 Balance is : $150.00","entities":[{"offset":0,"length":23,"type":"bold"}],"reply_markup":{"inline_keyboard":[[{"text":"Back to Menu","callback_data":"MAIN_MENU"}]]}},"chat_instance":"-8022870131296560198","data":"MAIN_MENU"}}
[2026-03-17 11:55:18] Routing to handleCallback
[2026-03-17 11:55:21] Webhook hit. Token=8164448894:AAFbloa8DU6DxN8Jjo0nMYnP6bL33DzcBu4 Bookie=1
[2026-03-17 11:55:21] Input: {"update_id":896251163,
"callback_query":{"id":"7345608114148010060","from":{"id":8152733609,"is_bot":false,"first_name":"Vijay48","language_code":"en"},"message":{"message_id":791,"from":{"id":8164448894,"is_bot":true,"first_name":"Lbbot_01","username":"Gamerlb01bot"},"chat":{"id":8152733609,"first_name":"Vijay48","type":"private"},"date":1773748519,"text":"Welcome to the bookie bot!","reply_markup":{"inline_keyboard":[[{"text":"\ud83d\udcb0 Deposit","callback_data":"DEPOSIT"},{"text":"\ud83d\udcca Balance","callback_data":"BALANCE"}],[{"text":"\ud83c\udfe7 Withdraw","callback_data":"WITHDRAW"},{"text":"\ud83d\udd52 Active Request","callback_data":"ACTIVE_REQUESTS"}]]}},"chat_instance":"-8022870131296560198","data":"BALANCE"}}
[2026-03-17 11:55:21] Routing to handleCallback
[2026-03-17 12:14:37] Webhook hit. Token=8164448894:AAFbloa8DU6DxN8Jjo0nMYnP6bL33DzcBu4 Bookie=1
[2026-03-17 12:14:37] Input: {"update_id":896251164,
"callback_query":{"id":"7345608115680657944","from":{"id":8152733609,"is_bot":false,"first_name":"Vijay48","language_code":"en"},"message":{"message_id":791,"from":{"id":8164448894,"is_bot":true,"first_name":"Lbbot_01","username":"Gamerlb01bot"},"chat":{"id":8152733609,"first_name":"Vijay48","type":"private"},"date":1773748519,"edit_date":1773748522,"text":"\ud83d\udcb0 Balance is : $150.00","entities":[{"offset":0,"length":23,"type":"bold"}],"reply_markup":{"inline_keyboard":[[{"text":"Back to Menu","callback_data":"MAIN_MENU"}]]}},"chat_instance":"-8022870131296560198","data":"MAIN_MENU"}}
[2026-03-17 12:14:37] Routing to handleCallback
[2026-03-17 12:14:40] Webhook hit. Token=8164448894:AAFbloa8DU6DxN8Jjo0nMYnP6bL33DzcBu4 Bookie=1
[2026-03-17 12:14:40] Input: {"update_id":896251165,
"callback_query":{"id":"7345608114419749490","from":{"id":8152733609,"is_bot":false,"first_name":"Vijay48","language_code":"en"},"message":{"message_id":792,"from":{"id":8164448894,"is_bot":true,"first_name":"Lbbot_01","username":"Gamerlb01bot"},"chat":{"id":8152733609,"first_name":"Vijay48","type":"private"},"date":1773749678,"text":"Welcome to the bookie bot!","reply_markup":{"inline_keyboard":[[{"text":"\ud83d\udcb0 Deposit","callback_data":"DEPOSIT"},{"text":"\ud83d\udcca Balance","callback_data":"BALANCE"}],[{"text":"\ud83c\udfe7 Withdraw","callback_data":"WITHDRAW"},{"text":"\ud83d\udd52 Active Request","callback_data":"ACTIVE_REQUESTS"}]]}},"chat_instance":"-8022870131296560198","data":"BALANCE"}}
[2026-03-17 12:14:40] Routing to handleCallback
[2026-03-17 12:14:46] Webhook hit. Token=8164448894:AAFbloa8DU6DxN8Jjo0nMYnP6bL33DzcBu4 Bookie=1
[2026-03-17 12:14:46] Input: {"update_id":896251166,
"callback_query":{"id":"7569131863454563995","from":{"id":8204776787,"is_bot":false,"first_name":"Rajani","username":"Rajani1708","language_code":"en"},"message":{"message_id":787,"from":{"id":8164448894,"is_bot":true,"first_name":"Lbbot_01","username":"Gamerlb01bot"},"chat":{"id":8204776787,"first_name":"Rajani","username":"Rajani1708","type":"private"},"date":1773748288,"edit_date":1773748291,"text":"\ud83d\udcb0 Balance is : $150.00","entities":[{"offset":0,"length":23,"type":"bold"}],"reply_markup":{"inline_keyboard":[[{"text":"Back to Menu","callback_data":"MAIN_MENU"}]]}},"chat_instance":"6698031621898929507","data":"MAIN_MENU"}}
[2026-03-17 12:14:46] Routing to handleCallback
[2026-03-17 12:14:49] Webhook hit. Token=8164448894:AAFbloa8DU6DxN8Jjo0nMYnP6bL33DzcBu4 Bookie=1
[2026-03-17 12:14:49] Input: {"update_id":896251167,
"callback_query":{"id":"7569131862211901847","from":{"id":8204776787,"is_bot":false,"first_name":"Rajani","username":"Rajani1708","language_code":"en"},"message":{"message_id":793,"from":{"id":8164448894,"is_bot":true,"first_name":"Lbbot_01","username":"Gamerlb01bot"},"chat":{"id":8204776787,"first_name":"Rajani","username":"Rajani1708","type":"private"},"date":1773749688,"text":"Welcome to the bookie bot!","reply_markup":{"inline_keyboard":[[{"text":"\ud83d\udcb0 Deposit","callback_data":"DEPOSIT"},{"text":"\ud83d\udcca Balance","callback_data":"BALANCE"}],[{"text":"\ud83c\udfe7 Withdraw","callback_data":"WITHDRAW"},{"text":"\ud83d\udd52 Active Request","callback_data":"ACTIVE_REQUESTS"}]]}},"chat_instance":"6698031621898929507","data":"BALANCE"}}
[2026-03-17 12:14:49] Routing to handleCallback
[2026-03-17 12:16:06] Webhook hit. Token=8164448894:AAFbloa8DU6DxN8Jjo0nMYnP6bL33DzcBu4 Bookie=1
[2026-03-17 12:16:06] Input: {"update_id":896251168,
"callback_query":{"id":"7569131861932353501","from":{"id":8204776787,"is_bot":false,"first_name":"Rajani","username":"Rajani1708","language_code":"en"},"message":{"message_id":793,"from":{"id":8164448894,"is_bot":true,"first_name":"Lbbot_01","username":"Gamerlb01bot"},"chat":{"id":8204776787,"first_name":"Rajani","username":"Rajani1708","type":"private"},"date":1773749688,"edit_date":1773749691,"text":"\ud83d\udcb0 Balance is : $150.00","entities":[{"offset":0,"length":23,"type":"bold"}],"reply_markup":{"inline_keyboard":[[{"text":"Back to Menu","callback_data":"MAIN_MENU"}]]}},"chat_instance":"6698031621898929507","data":"MAIN_MENU"}}
[2026-03-17 12:16:06] Routing to handleCallback
[2026-03-17 12:16:09] Webhook hit. Token=8164448894:AAFbloa8DU6DxN8Jjo0nMYnP6bL33DzcBu4 Bookie=1
[2026-03-17 12:16:09] Input: {"update_id":896251169,
"callback_query":{"id":"7569131861158455220","from":{"id":8204776787,"is_bot":false,"first_name":"Rajani","username":"Rajani1708","language_code":"en"},"message":{"message_id":794,"from":{"id":8164448894,"is_bot":true,"first_name":"Lbbot_01","username":"Gamerlb01bot"},"chat":{"id":8204776787,"first_name":"Rajani","username":"Rajani1708","type":"private"},"date":1773749768,"text":"Welcome to the bookie bot!","reply_markup":{"inline_keyboard":[[{"text":"\ud83d\udcb0 Deposit","callback_data":"DEPOSIT"},{"text":"\ud83d\udcca Balance","callback_data":"BALANCE"}],[{"text":"\ud83c\udfe7 Withdraw","callback_data":"WITHDRAW"},{"text":"\ud83d\udd52 Active Request","callback_data":"ACTIVE_REQUESTS"}]]}},"chat_instance":"6698031621898929507","data":"DEPOSIT"}}
[2026-03-17 12:16:09] Routing to handleCallback
[2026-03-17 12:16:14] Webhook hit. Token=8164448894:AAFbloa8DU6DxN8Jjo0nMYnP6bL33DzcBu4 Bookie=1
[2026-03-17 12:16:14] Input: {"update_id":896251170,
"message":{"message_id":796,"from":{"id":8204776787,"is_bot":false,"first_name":"Rajani","username":"Rajani1708","language_code":"en"},"chat":{"id":8204776787,"first_name":"Rajani","username":"Rajani1708","type":"private"},"date":1773749774,"text":"100"}}
[2026-03-17 12:16:14] Routing to handleMessage
[2026-03-17 12:16:14] Processing handleMessage loop, text: 100
[2026-03-17 12:16:16] Webhook hit. Token=8164448894:AAFbloa8DU6DxN8Jjo0nMYnP6bL33DzcBu4 Bookie=1
[2026-03-17 12:16:16] Input: {"update_id":896251171,
"callback_query":{"id":"7569131862894518728","from":{"id":8204776787,"is_bot":false,"first_name":"Rajani","username":"Rajani1708","language_code":"en"},"message":{"message_id":797,"from":{"id":8164448894,"is_bot":true,"first_name":"Lbbot_01","username":"Gamerlb01bot"},"chat":{"id":8204776787,"first_name":"Rajani","username":"Rajani1708","type":"private"},"date":1773749775,"text":"Please select the wallet you want to use for this $100 deposit:","reply_markup":{"inline_keyboard":[[{"text":"Wallet: venmo","callback_data":"DEPOSIT_METHOD_venmo"},{"text":"Wallet: paypal","callback_data":"DEPOSIT_METHOD_paypal"}]]}},"chat_instance":"6698031621898929507","data":"DEPOSIT_METHOD_venmo"}}
[2026-03-17 12:16:16] Routing to handleCallback
[2026-03-17 12:16:25] Webhook hit. Token=8164448894:AAFbloa8DU6DxN8Jjo0nMYnP6bL33DzcBu4 Bookie=1
[2026-03-17 12:16:25] Input: {"update_id":896251172,
"message":{"message_id":799,"from":{"id":8204776787,"is_bot":false,"first_name":"Rajani","username":"Rajani1708","language_code":"en"},"chat":{"id":8204776787,"first_name":"Rajani","username":"Rajani1708","type":"private"},"date":1773749785,"text":"@rajani34","entities":[{"offset":0,"length":9,"type":"mention"}]}}
[2026-03-17 12:16:25] Routing to handleMessage
[2026-03-17 12:16:25] Processing handleMessage loop, text: @rajani34
[2026-03-17 17:33:42] Webhook hit. Token=8164448894:AAFbloa8DU6DxN8Jjo0nMYnP6bL33DzcBu4 Bookie=1
[2026-03-17 17:33:42] Input: {"update_id":896251173,
"message":{"message_id":801,"from":{"id":8204776787,"is_bot":false,"first_name":"Rajani","username":"Rajani1708","language_code":"en"},"chat":{"id":8204776787,"first_name":"Rajani","username":"Rajani1708","type":"private"},"date":1773768822,"text":"/Start","entities":[{"offset":0,"length":6,"type":"bot_command"}]}}
[2026-03-17 17:33:42] Routing to handleMessage
[2026-03-17 17:33:42] Processing handleMessage loop, text: /Start
[2026-03-17 17:34:03] Webhook hit. Token=8164448894:AAFbloa8DU6DxN8Jjo0nMYnP6bL33DzcBu4 Bookie=1
[2026-03-17 17:34:03] Input: {"update_id":896251174,
"message":{"message_id":802,"from":{"id":8204776787,"is_bot":false,"first_name":"Rajani","username":"Rajani1708","language_code":"en"},"chat":{"id":8204776787,"first_name":"Rajani","username":"Rajani1708","type":"private"},"date":1773768843,"text":"/start","entities":[{"offset":0,"length":6,"type":"bot_command"}]}}
[2026-03-17 17:34:03] Routing to handleMessage
[2026-03-17 17:34:03] Processing handleMessage loop, text: /start
[2026-03-17 17:34:04] Telegram response: Array
[2026-03-17 17:34:13] Webhook hit. Token=8164448894:AAFbloa8DU6DxN8Jjo0nMYnP6bL33DzcBu4 Bookie=1
[2026-03-17 17:34:13] Input: {"update_id":896251175,
"callback_query":{"id":"7569131861565984284","from":{"id":8204776787,"is_bot":false,"first_name":"Rajani","username":"Rajani1708","language_code":"en"},"message":{"message_id":803,"from":{"id":8164448894,"is_bot":true,"first_name":"Lbbot_01","username":"Gamerlb01bot"},"chat":{"id":8204776787,"first_name":"Rajani","username":"Rajani1708","type":"private"},"date":1773768844,"text":"Welcome to Rajani's bookie bot!","entities":[{"offset":11,"length":6,"type":"bold"}],"reply_markup":{"inline_keyboard":[[{"text":"\ud83d\udcb0 Deposit","callback_data":"DEPOSIT"},{"text":"\ud83d\udcca Balance","callback_data":"BALANCE"}],[{"text":"\ud83c\udfe7 Withdraw","callback_data":"WITHDRAW"},{"text":"\ud83d\udd52 Active Request","callback_data":"ACTIVE_REQUESTS"}]]}},"chat_instance":"6698031621898929507","data":"DEPOSIT"}}
[2026-03-17 17:34:13] Routing to handleCallback
[2026-03-17 17:34:22] Webhook hit. Token=8164448894:AAFbloa8DU6DxN8Jjo0nMYnP6bL33DzcBu4 Bookie=1
[2026-03-17 17:34:22] Input: {"update_id":896251176,
"message":{"message_id":805,"from":{"id":8204776787,"is_bot":false,"first_name":"Rajani","username":"Rajani1708","language_code":"en"},"chat":{"id":8204776787,"first_name":"Rajani","username":"Rajani1708","type":"private"},"date":1773768862,"text":"300"}}
[2026-03-17 17:34:22] Routing to handleMessage
[2026-03-17 17:34:22] Processing handleMessage loop, text: 300
[2026-03-17 17:34:25] Webhook hit. Token=8164448894:AAFbloa8DU6DxN8Jjo0nMYnP6bL33DzcBu4 Bookie=1
[2026-03-17 17:34:25] Input: {"update_id":896251177,
"callback_query":{"id":"7569131861935418962","from":{"id":8204776787,"is_bot":false,"first_name":"Rajani","username":"Rajani1708","language_code":"en"},"message":{"message_id":806,"from":{"id":8164448894,"is_bot":true,"first_name":"Lbbot_01","username":"Gamerlb01bot"},"chat":{"id":8204776787,"first_name":"Rajani","username":"Rajani1708","type":"private"},"date":1773768863,"text":"Please select the wallet you want to use for this $300 deposit:","reply_markup":{"inline_keyboard":[[{"text":"Wallet: venmo","callback_data":"DEPOSIT_METHOD_venmo"},{"text":"Wallet: paypal","callback_data":"DEPOSIT_METHOD_paypal"}]]}},"chat_instance":"6698031621898929507","data":"DEPOSIT_METHOD_venmo"}}
[2026-03-17 17:34:25] Routing to handleCallback
[2026-03-17 17:34:41] Webhook hit. Token=8164448894:AAFbloa8DU6DxN8Jjo0nMYnP6bL33DzcBu4 Bookie=1
[2026-03-17 17:34:41] Input: {"update_id":896251178,
"message":{"message_id":808,"from":{"id":8204776787,"is_bot":false,"first_name":"Rajani","username":"Rajani1708","language_code":"en"},"chat":{"id":8204776787,"first_name":"Rajani","username":"Rajani1708","type":"private"},"date":1773768881,"photo":[{"file_id":"AgACAgUAAxkBAAIDKGm5kLHC7wp4pC89A7k8mtDBlbfuAALmDmsbnlrIVVBYEjoBqVBbAQADAgADcwADOgQ","file_unique_id":"AQAD5g5rG55ayFV4","file_size":2084,"width":90,"height":90},{"file_id":"AgACAgUAAxkBAAIDKGm5kLHC7wp4pC89A7k8mtDBlbfuAALmDmsbnlrIVVBYEjoBqVBbAQADAgADeAADOgQ","file_unique_id":"AQAD5g5rG55ayFV9","file_size":8838,"width":580,"height":580},{"file_id":"AgACAgUAAxkBAAIDKGm5kLHC7wp4pC89A7k8mtDBlbfuAALmDmsbnlrIVVBYEjoBqVBbAQADAgADbQADOgQ","file_unique_id":"AQAD5g5rG55ayFVy","file_size":11771,"width":320,"height":320}]}}
[2026-03-17 17:34:41] Routing to handleMessage
[2026-03-17 17:34:41] Processing handleMessage loop, text: 
[2026-03-17 17:36:43] Webhook hit. Token=8164448894:AAFbloa8DU6DxN8Jjo0nMYnP6bL33DzcBu4 Bookie=1
[2026-03-17 17:36:43] Input: {"update_id":896251179,
"callback_query":{"id":"7569131864314950778","from":{"id":8204776787,"is_bot":false,"first_name":"Rajani","username":"Rajani1708","language_code":"en"},"message":{"message_id":810,"from":{"id":8164448894,"is_bot":true,"first_name":"Lbbot_01","username":"Gamerlb01bot"},"chat":{"id":8204776787,"first_name":"Rajani","username":"Rajani1708","type":"private"},"date":1773768883,"text":"\u2705 All payment receipts have been submitted.\nYour deposit has been approved and your wallet is credited instantly! Recipients have 10 minutes to review the payment.","entities":[{"offset":2,"length":41,"type":"bold"}],"reply_markup":{"inline_keyboard":[[{"text":"Back to Menu","callback_data":"MAIN_MENU"}]]}},"chat_instance":"6698031621898929507","data":"MAIN_MENU"}}
[2026-03-17 17:36:43] Routing to handleCallback
[2026-03-17 17:36:50] Webhook hit. Token=8164448894:AAFbloa8DU6DxN8Jjo0nMYnP6bL33DzcBu4 Bookie=1
[2026-03-17 17:36:50] Input: {"update_id":896251180,
"callback_query":{"id":"7569131863605542658","from":{"id":8204776787,"is_bot":false,"first_name":"Rajani","username":"Rajani1708","language_code":"en"},"message":{"message_id":811,"from":{"id":8164448894,"is_bot":true,"first_name":"Lbbot_01","username":"Gamerlb01bot"},"chat":{"id":8204776787,"first_name":"Rajani","username":"Rajani1708","type":"private"},"date":1773769006,"text":"Welcome to the bookie bot!","reply_markup":{"inline_keyboard":[[{"text":"\ud83d\udcb0 Deposit","callback_data":"DEPOSIT"},{"text":"\ud83d\udcca Balance","callback_data":"BALANCE"}],[{"text":"\ud83c\udfe7 Withdraw","callback_data":"WITHDRAW"},{"text":"\ud83d\udd52 Active Request","callback_data":"ACTIVE_REQUESTS"}]]}},"chat_instance":"6698031621898929507","data":"BALANCE"}}
[2026-03-17 17:36:50] Routing to handleCallback
[2026-03-17 17:36:57] Webhook hit. Token=8164448894:AAFbloa8DU6DxN8Jjo0nMYnP6bL33DzcBu4 Bookie=1
[2026-03-17 17:36:57] Input: {"update_id":896251181,
"callback_query":{"id":"7569131862402154084","from":{"id":8204776787,"is_bot":false,"first_name":"Rajani","username":"Rajani1708","language_code":"en"},"message":{"message_id":811,"from":{"id":8164448894,"is_bot":true,"first_name":"Lbbot_01","username":"Gamerlb01bot"},"chat":{"id":8204776787,"first_name":"Rajani","username":"Rajani1708","type":"private"},"date":1773769006,"edit_date":1773769012,"text":"\ud83d\udcb0 Balance is : $300.00","entities":[{"offset":0,"length":23,"type":"bold"}],"reply_markup":{"inline_keyboard":[[{"text":"Back to Menu","callback_data":"MAIN_MENU"}]]}},"chat_instance":"6698031621898929507","data":"MAIN_MENU"}}
[2026-03-17 17:36:57] Routing to handleCallback
[2026-03-17 17:37:02] Webhook hit. Token=8164448894:AAFbloa8DU6DxN8Jjo0nMYnP6bL33DzcBu4 Bookie=1
[2026-03-17 17:37:02] Input: {"update_id":896251182,
"callback_query":{"id":"7569131861976179555","from":{"id":8204776787,"is_bot":false,"first_name":"Rajani","username":"Rajani1708","language_code":"en"},"message":{"message_id":812,"from":{"id":8164448894,"is_bot":true,"first_name":"Lbbot_01","username":"Gamerlb01bot"},"chat":{"id":8204776787,"first_name":"Rajani","username":"Rajani1708","type":"private"},"date":1773769019,"text":"Welcome to the bookie bot!","reply_markup":{"inline_keyboard":[[{"text":"\ud83d\udcb0 Deposit","callback_data":"DEPOSIT"},{"text":"\ud83d\udcca Balance","callback_data":"BALANCE"}],[{"text":"\ud83c\udfe7 Withdraw","callback_data":"WITHDRAW"},{"text":"\ud83d\udd52 Active Request","callback_data":"ACTIVE_REQUESTS"}]]}},"chat_instance":"6698031621898929507","data":"WITHDRAW"}}
[2026-03-17 17:37:02] Routing to handleCallback
[2026-03-17 17:37:03] Fatal Error: Class 'App\Modules\Telegram\Controllers\PDO' not found
#0 C:\MAMP\htdocs\telegram\app\Modules\Telegram\Controllers\TelegramWebhookController.php(45): App\Modules\Telegram\Controllers\TelegramWebhookController->handleCallback(Array, Object(App\Modules\Telegram\Services\TelegramService), Object(App\Modules\Telegram\Repositories\PlayerRepository), 1)
#1 C:\MAMP\htdocs\telegram\app\Core\Router.php(41): App\Modules\Telegram\Controllers\TelegramWebhookController->handle(Array)
#2 C:\MAMP\htdocs\telegram\index.php(48): App\Core\Router->dispatch()
#3 {main}
[2026-03-17 17:37:11] Webhook hit. Token=8164448894:AAFbloa8DU6DxN8Jjo0nMYnP6bL33DzcBu4 Bookie=1
[2026-03-17 17:37:11] Input: {"update_id":896251183,
"callback_query":{"id":"7569131862389253469","from":{"id":8204776787,"is_bot":false,"first_name":"Rajani","username":"Rajani1708","language_code":"en"},"message":{"message_id":812,"from":{"id":8164448894,"is_bot":true,"first_name":"Lbbot_01","username":"Gamerlb01bot"},"chat":{"id":8204776787,"first_name":"Rajani","username":"Rajani1708","type":"private"},"date":1773769019,"text":"Welcome to the bookie bot!","reply_markup":{"inline_keyboard":[[{"text":"\ud83d\udcb0 Deposit","callback_data":"DEPOSIT"},{"text":"\ud83d\udcca Balance","callback_data":"BALANCE"}],[{"text":"\ud83c\udfe7 Withdraw","callback_data":"WITHDRAW"},{"text":"\ud83d\udd52 Active Request","callback_data":"ACTIVE_REQUESTS"}]]}},"chat_instance":"6698031621898929507","data":"WITHDRAW"}}
[2026-03-17 17:37:11] Routing to handleCallback
[2026-03-17 17:37:12] Fatal Error: Class 'App\Modules\Telegram\Controllers\PDO' not found
#0 C:\MAMP\htdocs\telegram\app\Modules\Telegram\Controllers\TelegramWebhookController.php(45): App\Modules\Telegram\Controllers\TelegramWebhookController->handleCallback(Array, Object(App\Modules\Telegram\Services\TelegramService), Object(App\Modules\Telegram\Repositories\PlayerRepository), 1)
#1 C:\MAMP\htdocs\telegram\app\Core\Router.php(41): App\Modules\Telegram\Controllers\TelegramWebhookController->handle(Array)
#2 C:\MAMP\htdocs\telegram\index.php(48): App\Core\Router->dispatch()
#3 {main}
[2026-03-17 17:39:13] Webhook hit. Token=8164448894:AAFbloa8DU6DxN8Jjo0nMYnP6bL33DzcBu4 Bookie=1
[2026-03-17 17:39:13] Input: {"update_id":896251184,
"callback_query":{"id":"7569131860798691691","from":{"id":8204776787,"is_bot":false,"first_name":"Rajani","username":"Rajani1708","language_code":"en"},"message":{"message_id":812,"from":{"id":8164448894,"is_bot":true,"first_name":"Lbbot_01","username":"Gamerlb01bot"},"chat":{"id":8204776787,"first_name":"Rajani","username":"Rajani1708","type":"private"},"date":1773769019,"text":"Welcome to the bookie bot!","reply_markup":{"inline_keyboard":[[{"text":"\ud83d\udcb0 Deposit","callback_data":"DEPOSIT"},{"text":"\ud83d\udcca Balance","callback_data":"BALANCE"}],[{"text":"\ud83c\udfe7 Withdraw","callback_data":"WITHDRAW"},{"text":"\ud83d\udd52 Active Request","callback_data":"ACTIVE_REQUESTS"}]]}},"chat_instance":"6698031621898929507","data":"WITHDRAW"}}
[2026-03-17 17:39:13] Routing to handleCallback
[2026-03-17 17:39:32] Webhook hit. Token=8164448894:AAFbloa8DU6DxN8Jjo0nMYnP6bL33DzcBu4 Bookie=1
[2026-03-17 17:39:32] Input: {"update_id":896251185,
"message":{"message_id":814,"from":{"id":8204776787,"is_bot":false,"first_name":"Rajani","username":"Rajani1708","language_code":"en"},"chat":{"id":8204776787,"first_name":"Rajani","username":"Rajani1708","type":"private"},"date":1773769172,"text":"50"}}
[2026-03-17 17:39:32] Routing to handleMessage
[2026-03-17 17:39:32] Processing handleMessage loop, text: 50
[2026-03-17 17:39:38] Webhook hit. Token=8164448894:AAFbloa8DU6DxN8Jjo0nMYnP6bL33DzcBu4 Bookie=1
[2026-03-17 17:39:38] Input: {"update_id":896251186,
"callback_query":{"id":"7569131864648034828","from":{"id":8204776787,"is_bot":false,"first_name":"Rajani","username":"Rajani1708","language_code":"en"},"message":{"message_id":815,"from":{"id":8164448894,"is_bot":true,"first_name":"Lbbot_01","username":"Gamerlb01bot"},"chat":{"id":8204776787,"first_name":"Rajani","username":"Rajani1708","type":"private"},"date":1773769174,"text":"Please select a payout method to receive your $50:","reply_markup":{"inline_keyboard":[[{"text":"venmo","callback_data":"SET_METHOD_NAME_venmo"},{"text":"paypal","callback_data":"SET_METHOD_NAME_paypal"}],[{"text":"\u2795 Other Method","callback_data":"ADD_PAYOUT_METHOD"}]]}},"chat_instance":"6698031621898929507","data":"SET_METHOD_NAME_venmo"}}
[2026-03-17 17:39:38] Routing to handleCallback
[2026-03-17 17:39:49] Webhook hit. Token=8164448894:AAFbloa8DU6DxN8Jjo0nMYnP6bL33DzcBu4 Bookie=1
[2026-03-17 17:39:49] Input: {"update_id":896251187,
"message":{"message_id":817,"from":{"id":8204776787,"is_bot":false,"first_name":"Rajani","username":"Rajani1708","language_code":"en"},"chat":{"id":8204776787,"first_name":"Rajani","username":"Rajani1708","type":"private"},"date":1773769188,"text":"4rajini45"}}
[2026-03-17 17:39:49] Routing to handleMessage
[2026-03-17 17:39:49] Processing handleMessage loop, text: 4rajini45
[2026-03-17 17:40:11] Webhook hit. Token=8164448894:AAFbloa8DU6DxN8Jjo0nMYnP6bL33DzcBu4 Bookie=1
[2026-03-17 17:40:11] Input: {"update_id":896251188,
"callback_query":{"id":"7569131863858284411","from":{"id":8204776787,"is_bot":false,"first_name":"Rajani","username":"Rajani1708","language_code":"en"},"message":{"message_id":818,"from":{"id":8164448894,"is_bot":true,"first_name":"Lbbot_01","username":"Gamerlb01bot"},"chat":{"id":8204776787,"first_name":"Rajani","username":"Rajani1708","type":"private"},"date":1773769190,"text":"Please confirm your payout details:\n\n\ud83d\udcb0 Amount: $50.00\n\ud83c\udfe6 Method: venmo\n\ud83d\udc64 Account: 4rajini45\n\nIs this correct?","entities":[{"offset":0,"length":35,"type":"bold"},{"offset":48,"length":6,"type":"bold"},{"offset":66,"length":5,"type":"bold"},{"offset":84,"length":9,"type":"code"}],"reply_markup":{"inline_keyboard":[[{"text":"\u2705 Yes, Proceed","callback_data":"CONFIRM_PAYOUT_YES"},{"text":"\u274c No, Change","callback_data":"CONFIRM_PAYOUT_NO"}]]}},"chat_instance":"6698031621898929507","data":"CONFIRM_PAYOUT_YES"}}
[2026-03-17 17:40:11] Routing to handleCallback
[2026-03-17 17:41:01] Webhook hit. Token=8164448894:AAFbloa8DU6DxN8Jjo0nMYnP6bL33DzcBu4 Bookie=1
[2026-03-17 17:41:01] Input: {"update_id":896251189,
"message":{"message_id":821,"from":{"id":8152733609,"is_bot":false,"first_name":"Vijay48","language_code":"en"},"chat":{"id":8152733609,"first_name":"Vijay48","type":"private"},"date":1773769260,"text":"/start","entities":[{"offset":0,"length":6,"type":"bot_command"}]}}
[2026-03-17 17:41:01] Routing to handleMessage
[2026-03-17 17:41:01] Processing handleMessage loop, text: /start
[2026-03-17 17:41:01] Telegram response: Array
[2026-03-17 17:41:04] Webhook hit. Token=8164448894:AAFbloa8DU6DxN8Jjo0nMYnP6bL33DzcBu4 Bookie=1
[2026-03-17 17:41:04] Input: {"update_id":896251190,
"callback_query":{"id":"7345608116045539794","from":{"id":8152733609,"is_bot":false,"first_name":"Vijay48","language_code":"en"},"message":{"message_id":822,"from":{"id":8164448894,"is_bot":true,"first_name":"Lbbot_01","username":"Gamerlb01bot"},"chat":{"id":8152733609,"first_name":"Vijay48","type":"private"},"date":1773769261,"text":"Welcome to Vijay48's bookie bot!","entities":[{"offset":11,"length":7,"type":"bold"}],"reply_markup":{"inline_keyboard":[[{"text":"\ud83d\udcb0 Deposit","callback_data":"DEPOSIT"},{"text":"\ud83d\udcca Balance","callback_data":"BALANCE"}],[{"text":"\ud83c\udfe7 Withdraw","callback_data":"WITHDRAW"},{"text":"\ud83d\udd52 Active Request","callback_data":"ACTIVE_REQUESTS"}]]}},"chat_instance":"-8022870131296560198","data":"DEPOSIT"}}
[2026-03-17 17:41:04] Routing to handleCallback
[2026-03-17 17:41:12] Webhook hit. Token=8164448894:AAFbloa8DU6DxN8Jjo0nMYnP6bL33DzcBu4 Bookie=1
[2026-03-17 17:41:12] Input: {"update_id":896251191,
"callback_query":{"id":"7569131863675364069","from":{"id":8204776787,"is_bot":false,"first_name":"Rajani","username":"Rajani1708","language_code":"en"},"message":{"message_id":819,"from":{"id":8164448894,"is_bot":true,"first_name":"Lbbot_01","username":"Gamerlb01bot"},"chat":{"id":8204776787,"first_name":"Rajani","username":"Rajani1708","type":"private"},"date":1773769214,"text":"\u2705 Withdrawal Requested!\n$50 has been locked and added to the payout queue. We will notify you when it is processed.","entities":[{"offset":2,"length":21,"type":"bold"}],"reply_markup":{"inline_keyboard":[[{"text":"Back to Menu","callback_data":"MAIN_MENU"}]]}},"chat_instance":"6698031621898929507","data":"MAIN_MENU"}}
[2026-03-17 17:41:12] Routing to handleCallback
[2026-03-17 17:41:18] Webhook hit. Token=8164448894:AAFbloa8DU6DxN8Jjo0nMYnP6bL33DzcBu4 Bookie=1
[2026-03-17 17:41:18] Input: {"update_id":896251192,
"callback_query":{"id":"7569131863128145206","from":{"id":8204776787,"is_bot":false,"first_name":"Rajani","username":"Rajani1708","language_code":"en"},"message":{"message_id":824,"from":{"id":8164448894,"is_bot":true,"first_name":"Lbbot_01","username":"Gamerlb01bot"},"chat":{"id":8204776787,"first_name":"Rajani","username":"Rajani1708","type":"private"},"date":1773769274,"text":"Welcome to the bookie bot!","reply_markup":{"inline_keyboard":[[{"text":"\ud83d\udcb0 Deposit","callback_data":"DEPOSIT"},{"text":"\ud83d\udcca Balance","callback_data":"BALANCE"}],[{"text":"\ud83c\udfe7 Withdraw","callback_data":"WITHDRAW"},{"text":"\ud83d\udd52 Active Request","callback_data":"ACTIVE_REQUESTS"}]]}},"chat_instance":"6698031621898929507","data":"BALANCE"}}
[2026-03-17 17:41:18] Routing to handleCallback
[2026-03-17 17:42:11] Webhook hit. Token=8164448894:AAFbloa8DU6DxN8Jjo0nMYnP6bL33DzcBu4 Bookie=1
[2026-03-17 17:42:11] Input: {"update_id":896251193,
"message":{"message_id":825,"from":{"id":8152733609,"is_bot":false,"first_name":"Vijay48","language_code":"en"},"chat":{"id":8152733609,"first_name":"Vijay48","type":"private"},"date":1773769331,"text":"50"}}
[2026-03-17 17:42:11] Routing to handleMessage
[2026-03-17 17:42:11] Processing handleMessage loop, text: 50
[2026-03-17 17:42:15] Webhook hit. Token=8164448894:AAFbloa8DU6DxN8Jjo0nMYnP6bL33DzcBu4 Bookie=1
[2026-03-17 17:42:15] Input: {"update_id":896251194,
"callback_query":{"id":"7345608114478219865","from":{"id":8152733609,"is_bot":false,"first_name":"Vijay48","language_code":"en"},"message":{"message_id":826,"from":{"id":8164448894,"is_bot":true,"first_name":"Lbbot_01","username":"Gamerlb01bot"},"chat":{"id":8152733609,"first_name":"Vijay48","type":"private"},"date":1773769332,"text":"Please select the wallet you want to use for this $50 deposit:","reply_markup":{"inline_keyboard":[[{"text":"Wallet: venmo","callback_data":"DEPOSIT_METHOD_venmo"},{"text":"Wallet: paypal","callback_data":"DEPOSIT_METHOD_paypal"}]]}},"chat_instance":"-8022870131296560198","data":"DEPOSIT_METHOD_venmo"}}
[2026-03-17 17:42:15] Routing to handleCallback
[2026-03-17 17:42:40] Webhook hit. Token=8164448894:AAFbloa8DU6DxN8Jjo0nMYnP6bL33DzcBu4 Bookie=1
[2026-03-17 17:42:40] Input: {"update_id":896251195,
"message":{"message_id":828,"from":{"id":8152733609,"is_bot":false,"first_name":"Vijay48","language_code":"en"},"chat":{"id":8152733609,"first_name":"Vijay48","type":"private"},"date":1773769360,"photo":[{"file_id":"AgACAgUAAxkBAAIC3Gm5OBeW02nwo6Q_BRhVvGWJb8IGAALODmsbKFzJVbNZP4zbYO-dAQADAgADcwADOgQ","file_unique_id":"AQADzg5rGyhcyVV4","file_size":976,"width":66,"height":90},{"file_id":"AgACAgUAAxkBAAIC3Gm5OBeW02nwo6Q_BRhVvGWJb8IGAALODmsbKFzJVbNZP4zbYO-dAQADAgADbQADOgQ","file_unique_id":"AQADzg5rGyhcyVVy","file_size":9346,"width":236,"height":320},{"file_id":"AgACAgUAAxkBAAIC3Gm5OBeW02nwo6Q_BRhVvGWJb8IGAALODmsbKFzJVbNZP4zbYO-dAQADAgADeAADOgQ","file_unique_id":"AQADzg5rGyhcyVV9","file_size":31197,"width":590,"height":800},{"file_id":"AgACAgUAAxkBAAIC3Gm5OBeW02nwo6Q_BRhVvGWJb8IGAALODmsbKFzJVbNZP4zbYO-dAQADAgADeQADOgQ","file_unique_id":"AQADzg5rGyhcyVV-","file_size":57500,"width":944,"height":1280},{"file_id":"AgACAgUAAxkBAAIC3Gm5OBeW02nwo6Q_BRhVvGWJb8IGAALODmsbKFzJVbNZP4zbYO-dAQADAgADdwADOgQ","file_unique_id":"AQADzg5rGyhcyVV8","file_size":70681,"width":1206,"height":1635}]}}
[2026-03-17 17:42:40] Routing to handleMessage
[2026-03-17 17:42:40] Processing handleMessage loop, text: 
[2026-03-17 17:43:36] Webhook hit. Token=8164448894:AAFbloa8DU6DxN8Jjo0nMYnP6bL33DzcBu4 Bookie=1
[2026-03-17 17:43:36] Input: {"update_id":896251196,
"callback_query":{"id":"7569131864614603374","from":{"id":8204776787,"is_bot":false,"first_name":"Rajani","username":"Rajani1708","language_code":"en"},"message":{"message_id":829,"from":{"id":8164448894,"is_bot":true,"first_name":"Lbbot_01","username":"Gamerlb01bot"},"chat":{"id":8204776787,"first_name":"Rajani","username":"Rajani1708","type":"private"},"date":1773769362,"photo":[{"file_id":"AgACAgUAAxkBAAIC3Gm5OBeW02nwo6Q_BRhVvGWJb8IGAALODmsbKFzJVbNZP4zbYO-dAQADAgADcwADOgQ","file_unique_id":"AQADzg5rGyhcyVV4","file_size":976,"width":66,"height":90},{"file_id":"AgACAgUAAxkBAAIC3Gm5OBeW02nwo6Q_BRhVvGWJb8IGAALODmsbKFzJVbNZP4zbYO-dAQADAgADbQADOgQ","file_unique_id":"AQADzg5rGyhcyVVy","file_size":9346,"width":236,"height":320},{"file_id":"AgACAgUAAxkBAAIC3Gm5OBeW02nwo6Q_BRhVvGWJb8IGAALODmsbKFzJVbNZP4zbYO-dAQADAgADeAADOgQ","file_unique_id":"AQADzg5rGyhcyVV9","file_size":31197,"width":590,"height":800},{"file_id":"AgACAgUAAxkBAAIC3Gm5OBeW02nwo6Q_BRhVvGWJb8IGAALODmsbKFzJVbNZP4zbYO-dAQADAgADeQADOgQ","file_unique_id":"AQADzg5rGyhcyVV-","file_size":57500,"width":944,"height":1280},{"file_id":"AgACAgUAAxkBAAIC3Gm5OBeW02nwo6Q_BRhVvGWJb8IGAALODmsbKFzJVbNZP4zbYO-dAQADAgADdwADOgQ","file_unique_id":"AQADzg5rGyhcyVV8","file_size":70681,"width":1206,"height":1635}],"caption":"\ud83d\udcb0 Withdrawal Credited\n\nPlayer Vijay48 has sent $50.00 toward your withdrawal request.\nThis amount has been deposited into your account.\n\nThis payment: $50.00\nTotal requested: $50.00\nPaid so far: $50.00 of $50.00\nRemaining: $0.00\n\nPayment method: venmo\nReference: WD-1 / PART-2\n\nPlease wait at least 10 minutes before pressing 'Didn't Receive' as notifications and transfers can sometimes take a few minutes to process.\n\nReceipt attached below.","caption_entities":[{"offset":0,"length":22,"type":"bold"},{"offset":31,"length":7,"type":"bold"},{"offset":48,"length":6,"type":"bold"},{"offset":108,"length":27,"type":"bold"},{"offset":152,"length":6,"type":"bold"},{"offset":176,"length":6,"type":"bold"},{"offset":196,"length":6,"type":"bold"},{"offset":224,"length":5,"type":"bold"},{"offset":279,"length":140,"type":"italic"}],"reply_markup":{"inline_keyboard":[[{"text":"\ud83d\udea8 Didn't Receive","callback_data":"DISPUTE_SPLIT_2"},{"text":"Back to Menu","callback_data":"MAIN_MENU"}]]}},"chat_instance":"6698031621898929507","data":"MAIN_MENU"}}
[2026-03-17 17:43:36] Routing to handleCallback
[2026-03-17 17:44:16] Webhook hit. Token=8164448894:AAFbloa8DU6DxN8Jjo0nMYnP6bL33DzcBu4 Bookie=1
[2026-03-17 17:44:16] Input: {"update_id":896251197,
"callback_query":{"id":"7569131860752870749","from":{"id":8204776787,"is_bot":false,"first_name":"Rajani","username":"Rajani1708","language_code":"en"},"message":{"message_id":831,"from":{"id":8164448894,"is_bot":true,"first_name":"Lbbot_01","username":"Gamerlb01bot"},"chat":{"id":8204776787,"first_name":"Rajani","username":"Rajani1708","type":"private"},"date":1773769418,"text":"Welcome to the bookie bot!","reply_markup":{"inline_keyboard":[[{"text":"\ud83d\udcb0 Deposit","callback_data":"DEPOSIT"},{"text":"\ud83d\udcca Balance","callback_data":"BALANCE"}],[{"text":"\ud83c\udfe7 Withdraw","callback_data":"WITHDRAW"},{"text":"\ud83d\udd52 Active Request","callback_data":"ACTIVE_REQUESTS"}]]}},"chat_instance":"6698031621898929507","data":"WITHDRAW"}}
[2026-03-17 17:44:16] Routing to handleCallback
[2026-03-17 17:44:24] Webhook hit. Token=8164448894:AAFbloa8DU6DxN8Jjo0nMYnP6bL33DzcBu4 Bookie=1
[2026-03-17 17:44:24] Input: {"update_id":896251198,
"message":{"message_id":833,"from":{"id":8204776787,"is_bot":false,"first_name":"Rajani","username":"Rajani1708","language_code":"en"},"chat":{"id":8204776787,"first_name":"Rajani","username":"Rajani1708","type":"private"},"date":1773769464,"text":"50"}}
[2026-03-17 17:44:24] Routing to handleMessage
[2026-03-17 17:44:24] Processing handleMessage loop, text: 50
[2026-03-17 17:44:30] Webhook hit. Token=8164448894:AAFbloa8DU6DxN8Jjo0nMYnP6bL33DzcBu4 Bookie=1
[2026-03-17 17:44:30] Input: {"update_id":896251199,
"callback_query":{"id":"7569131860940537630","from":{"id":8204776787,"is_bot":false,"first_name":"Rajani","username":"Rajani1708","language_code":"en"},"message":{"message_id":834,"from":{"id":8164448894,"is_bot":true,"first_name":"Lbbot_01","username":"Gamerlb01bot"},"chat":{"id":8204776787,"first_name":"Rajani","username":"Rajani1708","type":"private"},"date":1773769465,"text":"Please select a payout method to receive your $50:","reply_markup":{"inline_keyboard":[[{"text":"venmo","callback_data":"SET_METHOD_NAME_venmo"},{"text":"paypal","callback_data":"SET_METHOD_NAME_paypal"}],[{"text":"\u2795 Other Method","callback_data":"ADD_PAYOUT_METHOD"}]]}},"chat_instance":"6698031621898929507","data":"SET_METHOD_NAME_venmo"}}
[2026-03-17 17:44:30] Routing to handleCallback
[2026-03-17 17:44:39] Webhook hit. Token=8164448894:AAFbloa8DU6DxN8Jjo0nMYnP6bL33DzcBu4 Bookie=1
[2026-03-17 17:44:39] Input: {"update_id":896251200,
"message":{"message_id":836,"from":{"id":8204776787,"is_bot":false,"first_name":"Rajani","username":"Rajani1708","language_code":"en"},"chat":{"id":8204776787,"first_name":"Rajani","username":"Rajani1708","type":"private"},"date":1773769479,"text":"$raj67"}}
[2026-03-17 17:44:39] Routing to handleMessage
[2026-03-17 17:44:39] Processing handleMessage loop, text: $raj67
[2026-03-17 17:44:47] Webhook hit. Token=8164448894:AAFbloa8DU6DxN8Jjo0nMYnP6bL33DzcBu4 Bookie=1
[2026-03-17 17:44:47] Input: {"update_id":896251201,
"callback_query":{"id":"7569131860804372932","from":{"id":8204776787,"is_bot":false,"first_name":"Rajani","username":"Rajani1708","language_code":"en"},"message":{"message_id":837,"from":{"id":8164448894,"is_bot":true,"first_name":"Lbbot_01","username":"Gamerlb01bot"},"chat":{"id":8204776787,"first_name":"Rajani","username":"Rajani1708","type":"private"},"date":1773769480,"text":"Please confirm your payout details:\n\n\ud83d\udcb0 Amount: $50.00\n\ud83c\udfe6 Method: venmo\n\ud83d\udc64 Account: $raj67\n\nIs this correct?","entities":[{"offset":0,"length":35,"type":"bold"},{"offset":48,"length":6,"type":"bold"},{"offset":66,"length":5,"type":"bold"},{"offset":84,"length":6,"type":"code"}],"reply_markup":{"inline_keyboard":[[{"text":"\u2705 Yes, Proceed","callback_data":"CONFIRM_PAYOUT_YES"},{"text":"\u274c No, Change","callback_data":"CONFIRM_PAYOUT_NO"}]]}},"chat_instance":"6698031621898929507","data":"CONFIRM_PAYOUT_YES"}}
[2026-03-17 17:44:47] Routing to handleCallback
[2026-03-17 17:45:03] Webhook hit. Token=8164448894:AAFbloa8DU6DxN8Jjo0nMYnP6bL33DzcBu4 Bookie=1
[2026-03-17 17:45:03] Input: {"update_id":896251202,
"callback_query":{"id":"7345608113287607173","from":{"id":8152733609,"is_bot":false,"first_name":"Vijay48","language_code":"en"},"message":{"message_id":830,"from":{"id":8164448894,"is_bot":true,"first_name":"Lbbot_01","username":"Gamerlb01bot"},"chat":{"id":8152733609,"first_name":"Vijay48","type":"private"},"date":1773769362,"text":"\u2705 All payment receipts have been submitted.\nYour deposit has been approved and your wallet is credited instantly! Recipients have 10 minutes to review the payment.","entities":[{"offset":2,"length":41,"type":"bold"}],"reply_markup":{"inline_keyboard":[[{"text":"Back to Menu","callback_data":"MAIN_MENU"}]]}},"chat_instance":"-8022870131296560198","data":"MAIN_MENU"}}
[2026-03-17 17:45:03] Routing to handleCallback
[2026-03-17 17:45:09] Webhook hit. Token=8164448894:AAFbloa8DU6DxN8Jjo0nMYnP6bL33DzcBu4 Bookie=1
[2026-03-17 17:45:09] Input: {"update_id":896251203,
"callback_query":{"id":"7345608116153312072","from":{"id":8152733609,"is_bot":false,"first_name":"Vijay48","language_code":"en"},"message":{"message_id":840,"from":{"id":8164448894,"is_bot":true,"first_name":"Lbbot_01","username":"Gamerlb01bot"},"chat":{"id":8152733609,"first_name":"Vijay48","type":"private"},"date":1773769505,"text":"Welcome to the bookie bot!","reply_markup":{"inline_keyboard":[[{"text":"\ud83d\udcb0 Deposit","callback_data":"DEPOSIT"},{"text":"\ud83d\udcca Balance","callback_data":"BALANCE"}],[{"text":"\ud83c\udfe7 Withdraw","callback_data":"WITHDRAW"},{"text":"\ud83d\udd52 Active Request","callback_data":"ACTIVE_REQUESTS"}]]}},"chat_instance":"-8022870131296560198","data":"DEPOSIT"}}
[2026-03-17 17:45:09] Routing to handleCallback
[2026-03-17 17:45:16] Webhook hit. Token=8164448894:AAFbloa8DU6DxN8Jjo0nMYnP6bL33DzcBu4 Bookie=1
[2026-03-17 17:45:16] Input: {"update_id":896251204,
"message":{"message_id":842,"from":{"id":8152733609,"is_bot":false,"first_name":"Vijay48","language_code":"en"},"chat":{"id":8152733609,"first_name":"Vijay48","type":"private"},"date":1773769516,"text":"50"}}
[2026-03-17 17:45:16] Routing to handleMessage
[2026-03-17 17:45:16] Processing handleMessage loop, text: 50
[2026-03-17 17:45:56] Webhook hit. Token=8164448894:AAFbloa8DU6DxN8Jjo0nMYnP6bL33DzcBu4 Bookie=1
[2026-03-17 17:45:56] Input: {"update_id":896251205,
"message":{"message_id":844,"from":{"id":8152733609,"is_bot":false,"first_name":"Vijay48","language_code":"en"},"chat":{"id":8152733609,"first_name":"Vijay48","type":"private"},"date":1773769555,"text":"/start","entities":[{"offset":0,"length":6,"type":"bot_command"}]}}
[2026-03-17 17:45:56] Routing to handleMessage
[2026-03-17 17:45:56] Processing handleMessage loop, text: /start
[2026-03-17 17:45:56] Telegram response: Array
[2026-03-17 17:45:58] Webhook hit. Token=8164448894:AAFbloa8DU6DxN8Jjo0nMYnP6bL33DzcBu4 Bookie=1
[2026-03-17 17:45:58] Input: {"update_id":896251206,
"callback_query":{"id":"7345608114188512517","from":{"id":8152733609,"is_bot":false,"first_name":"Vijay48","language_code":"en"},"message":{"message_id":845,"from":{"id":8164448894,"is_bot":true,"first_name":"Lbbot_01","username":"Gamerlb01bot"},"chat":{"id":8152733609,"first_name":"Vijay48","type":"private"},"date":1773769556,"text":"Welcome to Vijay48's bookie bot!","entities":[{"offset":11,"length":7,"type":"bold"}],"reply_markup":{"inline_keyboard":[[{"text":"\ud83d\udcb0 Deposit","callback_data":"DEPOSIT"},{"text":"\ud83d\udcca Balance","callback_data":"BALANCE"}],[{"text":"\ud83c\udfe7 Withdraw","callback_data":"WITHDRAW"},{"text":"\ud83d\udd52 Active Request","callback_data":"ACTIVE_REQUESTS"}]]}},"chat_instance":"-8022870131296560198","data":"BALANCE"}}
[2026-03-17 17:45:58] Routing to handleCallback
[2026-03-17 17:46:02] Webhook hit. Token=8164448894:AAFbloa8DU6DxN8Jjo0nMYnP6bL33DzcBu4 Bookie=1
[2026-03-17 17:46:02] Input: {"update_id":896251207,
"callback_query":{"id":"7345608116722103515","from":{"id":8152733609,"is_bot":false,"first_name":"Vijay48","language_code":"en"},"message":{"message_id":845,"from":{"id":8164448894,"is_bot":true,"first_name":"Lbbot_01","username":"Gamerlb01bot"},"chat":{"id":8152733609,"first_name":"Vijay48","type":"private"},"date":1773769556,"edit_date":1773769560,"text":"\ud83d\udcb0 Balance is : $50.00","entities":[{"offset":0,"length":22,"type":"bold"}],"reply_markup":{"inline_keyboard":[[{"text":"Back to Menu","callback_data":"MAIN_MENU"}]]}},"chat_instance":"-8022870131296560198","data":"MAIN_MENU"}}
[2026-03-17 17:46:02] Routing to handleCallback
[2026-03-17 17:46:05] Webhook hit. Token=8164448894:AAFbloa8DU6DxN8Jjo0nMYnP6bL33DzcBu4 Bookie=1
[2026-03-17 17:46:05] Input: {"update_id":896251208,
"callback_query":{"id":"7345608114578157902","from":{"id":8152733609,"is_bot":false,"first_name":"Vijay48","language_code":"en"},"message":{"message_id":846,"from":{"id":8164448894,"is_bot":true,"first_name":"Lbbot_01","username":"Gamerlb01bot"},"chat":{"id":8152733609,"first_name":"Vijay48","type":"private"},"date":1773769564,"text":"Welcome to the bookie bot!","reply_markup":{"inline_keyboard":[[{"text":"\ud83d\udcb0 Deposit","callback_data":"DEPOSIT"},{"text":"\ud83d\udcca Balance","callback_data":"BALANCE"}],[{"text":"\ud83c\udfe7 Withdraw","callback_data":"WITHDRAW"},{"text":"\ud83d\udd52 Active Request","callback_data":"ACTIVE_REQUESTS"}]]}},"chat_instance":"-8022870131296560198","data":"DEPOSIT"}}
[2026-03-17 17:46:05] Routing to handleCallback
[2026-03-17 17:46:11] Webhook hit. Token=8164448894:AAFbloa8DU6DxN8Jjo0nMYnP6bL33DzcBu4 Bookie=1
[2026-03-17 17:46:11] Input: {"update_id":896251209,
"message":{"message_id":848,"from":{"id":8152733609,"is_bot":false,"first_name":"Vijay48","language_code":"en"},"chat":{"id":8152733609,"first_name":"Vijay48","type":"private"},"date":1773769571,"text":"100"}}
[2026-03-17 17:46:11] Routing to handleMessage
[2026-03-17 17:46:11] Processing handleMessage loop, text: 100
[2026-03-17 17:46:13] Webhook hit. Token=8164448894:AAFbloa8DU6DxN8Jjo0nMYnP6bL33DzcBu4 Bookie=1
[2026-03-17 17:46:13] Input: {"update_id":896251210,
"callback_query":{"id":"7345608115217699366","from":{"id":8152733609,"is_bot":false,"first_name":"Vijay48","language_code":"en"},"message":{"message_id":849,"from":{"id":8164448894,"is_bot":true,"first_name":"Lbbot_01","username":"Gamerlb01bot"},"chat":{"id":8152733609,"first_name":"Vijay48","type":"private"},"date":1773769571,"text":"Please select the wallet you want to use for this $100 deposit:","reply_markup":{"inline_keyboard":[[{"text":"Wallet: venmo","callback_data":"DEPOSIT_METHOD_venmo"},{"text":"Wallet: paypal","callback_data":"DEPOSIT_METHOD_paypal"}]]}},"chat_instance":"-8022870131296560198","data":"DEPOSIT_METHOD_venmo"}}
[2026-03-17 17:46:13] Routing to handleCallback
[2026-03-17 17:46:35] Webhook hit. Token=8164448894:AAFbloa8DU6DxN8Jjo0nMYnP6bL33DzcBu4 Bookie=1
[2026-03-17 17:46:35] Input: {"update_id":896251211,
"message":{"message_id":851,"from":{"id":8152733609,"is_bot":false,"first_name":"Vijay48","language_code":"en"},"chat":{"id":8152733609,"first_name":"Vijay48","type":"private"},"date":1773769595,"photo":[{"file_id":"AgACAgUAAxkBAAIDU2m5k3u90jiFn9bVDy6Jfp8EI397AAK2D2sbKFzJVSdhSaBwBg7XAQADAgADcwADOgQ","file_unique_id":"AQADtg9rGyhcyVV4","file_size":1324,"width":60,"height":90},{"file_id":"AgACAgUAAxkBAAIDU2m5k3u90jiFn9bVDy6Jfp8EI397AAK2D2sbKFzJVSdhSaBwBg7XAQADAgADbQADOgQ","file_unique_id":"AQADtg9rGyhcyVVy","file_size":12685,"width":213,"height":320},{"file_id":"AgACAgUAAxkBAAIDU2m5k3u90jiFn9bVDy6Jfp8EI397AAK2D2sbKFzJVSdhSaBwBg7XAQADAgADeAADOgQ","file_unique_id":"AQADtg9rGyhcyVV9","file_size":45828,"width":533,"height":800},{"file_id":"AgACAgUAAxkBAAIDU2m5k3u90jiFn9bVDy6Jfp8EI397AAK2D2sbKFzJVSdhSaBwBg7XAQADAgADeQADOgQ","file_unique_id":"AQADtg9rGyhcyVV-","file_size":88642,"width":853,"height":1280},{"file_id":"AgACAgUAAxkBAAIDU2m5k3u90jiFn9bVDy6Jfp8EI397AAK2D2sbKFzJVSdhSaBwBg7XAQADAgADdwADOgQ","file_unique_id":"AQADtg9rGyhcyVV8","file_size":109486,"width":1024,"height":1536}]}}
[2026-03-17 17:46:35] Routing to handleMessage
[2026-03-17 17:46:35] Processing handleMessage loop, text: 
[2026-03-17 17:47:00] Webhook hit. Token=8164448894:AAFbloa8DU6DxN8Jjo0nMYnP6bL33DzcBu4 Bookie=1
[2026-03-17 17:47:00] Input: {"update_id":896251212,
"message":{"message_id":854,"from":{"id":8152733609,"is_bot":false,"first_name":"Vijay48","language_code":"en"},"chat":{"id":8152733609,"first_name":"Vijay48","type":"private"},"date":1773769620,"photo":[{"file_id":"AgACAgUAAxkBAAIDVmm5k5SeGIFI5UOhzWYBHNBMpzefAAK3D2sbKFzJVUuTl81FpvPnAQADAgADcwADOgQ","file_unique_id":"AQADtw9rGyhcyVV4","file_size":2084,"width":90,"height":90},{"file_id":"AgACAgUAAxkBAAIDVmm5k5SeGIFI5UOhzWYBHNBMpzefAAK3D2sbKFzJVUuTl81FpvPnAQADAgADeAADOgQ","file_unique_id":"AQADtw9rGyhcyVV9","file_size":8838,"width":580,"height":580},{"file_id":"AgACAgUAAxkBAAIDVmm5k5SeGIFI5UOhzWYBHNBMpzefAAK3D2sbKFzJVUuTl81FpvPnAQADAgADbQADOgQ","file_unique_id":"AQADtw9rGyhcyVVy","file_size":11771,"width":320,"height":320}]}}
[2026-03-17 17:47:00] Routing to handleMessage
[2026-03-17 17:47:00] Processing handleMessage loop, text: 
[2026-03-17 17:47:25] Webhook hit. Token=8164448894:AAFbloa8DU6DxN8Jjo0nMYnP6bL33DzcBu4 Bookie=1
[2026-03-17 17:47:25] Input: {"update_id":896251213,
"callback_query":{"id":"7569131862728670712","from":{"id":8204776787,"is_bot":false,"first_name":"Rajani","username":"Rajani1708","language_code":"en"},"message":{"message_id":852,"from":{"id":8164448894,"is_bot":true,"first_name":"Lbbot_01","username":"Gamerlb01bot"},"chat":{"id":8204776787,"first_name":"Rajani","username":"Rajani1708","type":"private"},"date":1773769596,"photo":[{"file_id":"AgACAgUAAxkBAAIDU2m5k3u90jiFn9bVDy6Jfp8EI397AAK2D2sbKFzJVSdhSaBwBg7XAQADAgADcwADOgQ","file_unique_id":"AQADtg9rGyhcyVV4","file_size":1324,"width":60,"height":90},{"file_id":"AgACAgUAAxkBAAIDU2m5k3u90jiFn9bVDy6Jfp8EI397AAK2D2sbKFzJVSdhSaBwBg7XAQADAgADbQADOgQ","file_unique_id":"AQADtg9rGyhcyVVy","file_size":12685,"width":213,"height":320},{"file_id":"AgACAgUAAxkBAAIDU2m5k3u90jiFn9bVDy6Jfp8EI397AAK2D2sbKFzJVSdhSaBwBg7XAQADAgADeAADOgQ","file_unique_id":"AQADtg9rGyhcyVV9","file_size":45828,"width":533,"height":800},{"file_id":"AgACAgUAAxkBAAIDU2m5k3u90jiFn9bVDy6Jfp8EI397AAK2D2sbKFzJVSdhSaBwBg7XAQADAgADeQADOgQ","file_unique_id":"AQADtg9rGyhcyVV-","file_size":88642,"width":853,"height":1280},{"file_id":"AgACAgUAAxkBAAIDU2m5k3u90jiFn9bVDy6Jfp8EI397AAK2D2sbKFzJVSdhSaBwBg7XAQADAgADdwADOgQ","file_unique_id":"AQADtg9rGyhcyVV8","file_size":109486,"width":1024,"height":1536}],"caption":"\ud83d\udcb0 Withdrawal Credited\n\nPlayer Vijay48 has sent $50.00 toward your withdrawal request.\nThis amount has been deposited into your account.\n\nThis payment: $50.00\nTotal requested: $50.00\nPaid so far: $50.00 of $50.00\nRemaining: $0.00\n\nPayment method: venmo\nReference: WD-2 / PART-3\n\nPlease wait at least 10 minutes before pressing 'Didn't Receive' as notifications and transfers can sometimes take a few minutes to process.\n\nReceipt attached below.","caption_entities":[{"offset":0,"length":22,"type":"bold"},{"offset":31,"length":7,"type":"bold"},{"offset":48,"length":6,"type":"bold"},{"offset":108,"length":27,"type":"bold"},{"offset":152,"length":6,"type":"bold"},{"offset":176,"length":6,"type":"bold"},{"offset":196,"length":6,"type":"bold"},{"offset":224,"length":5,"type":"bold"},{"offset":279,"length":140,"type":"italic"}],"reply_markup":{"inline_keyboard":[[{"text":"\ud83d\udea8 Didn't Receive","callback_data":"DISPUTE_SPLIT_3"},{"text":"Back to Menu","callback_data":"MAIN_MENU"}]]}},"chat_instance":"6698031621898929507","data":"DISPUTE_SPLIT_3"}}
[2026-03-17 17:47:25] Routing to handleCallback
[2026-03-17 17:47:58] Webhook hit. Token=8164448894:AAFbloa8DU6DxN8Jjo0nMYnP6bL33DzcBu4 Bookie=1
[2026-03-17 17:47:58] Input: {"update_id":896251214,
"message":{"message_id":860,"from":{"id":8204776787,"is_bot":false,"first_name":"Rajani","username":"Rajani1708","language_code":"en"},"chat":{"id":8204776787,"first_name":"Rajani","username":"Rajani1708","type":"private"},"date":1773769678,"text":"/start","entities":[{"offset":0,"length":6,"type":"bot_command"}]}}
[2026-03-17 17:47:58] Routing to handleMessage
[2026-03-17 17:47:58] Processing handleMessage loop, text: /start
[2026-03-17 17:47:59] Telegram response: Array
[2026-03-17 17:48:05] Webhook hit. Token=8164448894:AAFbloa8DU6DxN8Jjo0nMYnP6bL33DzcBu4 Bookie=1
[2026-03-17 17:48:05] Input: {"update_id":896251215,
"callback_query":{"id":"7569131860737908256","from":{"id":8204776787,"is_bot":false,"first_name":"Rajani","username":"Rajani1708","language_code":"en"},"message":{"message_id":861,"from":{"id":8164448894,"is_bot":true,"first_name":"Lbbot_01","username":"Gamerlb01bot"},"chat":{"id":8204776787,"first_name":"Rajani","username":"Rajani1708","type":"private"},"date":1773769679,"text":"Welcome to Rajani's bookie bot!","entities":[{"offset":11,"length":6,"type":"bold"}],"reply_markup":{"inline_keyboard":[[{"text":"\ud83d\udcb0 Deposit","callback_data":"DEPOSIT"},{"text":"\ud83d\udcca Balance","callback_data":"BALANCE"}],[{"text":"\ud83c\udfe7 Withdraw","callback_data":"WITHDRAW"},{"text":"\ud83d\udd52 Active Request","callback_data":"ACTIVE_REQUESTS"}]]}},"chat_instance":"6698031621898929507","data":"BALANCE"}}
[2026-03-17 17:48:05] Routing to handleCallback
[2026-03-17 17:48:33] Webhook hit. Token=8164448894:AAFbloa8DU6DxN8Jjo0nMYnP6bL33DzcBu4 Bookie=1
[2026-03-17 17:48:33] Input: {"update_id":896251216,
"callback_query":{"id":"7345608115617547054","from":{"id":8152733609,"is_bot":false,"first_name":"Vijay48","language_code":"en"},"message":{"message_id":856,"from":{"id":8164448894,"is_bot":true,"first_name":"Lbbot_01","username":"Gamerlb01bot"},"chat":{"id":8152733609,"first_name":"Vijay48","type":"private"},"date":1773769622,"text":"\u2705 All payment receipts have been submitted.\nYour deposit has been approved and your wallet is credited instantly! Recipients have 10 minutes to review the payment.","entities":[{"offset":2,"length":41,"type":"bold"}],"reply_markup":{"inline_keyboard":[[{"text":"Back to Menu","callback_data":"MAIN_MENU"}]]}},"chat_instance":"-8022870131296560198","data":"MAIN_MENU"}}
[2026-03-17 17:48:33] Routing to handleCallback
[2026-03-17 17:48:37] Webhook hit. Token=8164448894:AAFbloa8DU6DxN8Jjo0nMYnP6bL33DzcBu4 Bookie=1
[2026-03-17 17:48:37] Input: {"update_id":896251217,
"callback_query":{"id":"7345608115671286289","from":{"id":8152733609,"is_bot":false,"first_name":"Vijay48","language_code":"en"},"message":{"message_id":862,"from":{"id":8164448894,"is_bot":true,"first_name":"Lbbot_01","username":"Gamerlb01bot"},"chat":{"id":8152733609,"first_name":"Vijay48","type":"private"},"date":1773769715,"text":"Welcome to the bookie bot!","reply_markup":{"inline_keyboard":[[{"text":"\ud83d\udcb0 Deposit","callback_data":"DEPOSIT"},{"text":"\ud83d\udcca Balance","callback_data":"BALANCE"}],[{"text":"\ud83c\udfe7 Withdraw","callback_data":"WITHDRAW"},{"text":"\ud83d\udd52 Active Request","callback_data":"ACTIVE_REQUESTS"}]]}},"chat_instance":"-8022870131296560198","data":"BALANCE"}}
[2026-03-17 17:48:37] Routing to handleCallback
[2026-03-17 17:50:25] Webhook hit. Token=8164448894:AAFbloa8DU6DxN8Jjo0nMYnP6bL33DzcBu4 Bookie=1
[2026-03-17 17:50:25] Input: {"update_id":896251218,
"callback_query":{"id":"7345608113984220679","from":{"id":8152733609,"is_bot":false,"first_name":"Vijay48","language_code":"en"},"message":{"message_id":862,"from":{"id":8164448894,"is_bot":true,"first_name":"Lbbot_01","username":"Gamerlb01bot"},"chat":{"id":8152733609,"first_name":"Vijay48","type":"private"},"date":1773769715,"edit_date":1773769718,"text":"\ud83d\udcb0 Balance is : $100.00","entities":[{"offset":0,"length":23,"type":"bold"}],"reply_markup":{"inline_keyboard":[[{"text":"Back to Menu","callback_data":"MAIN_MENU"}]]}},"chat_instance":"-8022870131296560198","data":"MAIN_MENU"}}
[2026-03-17 17:50:25] Routing to handleCallback
[2026-03-17 17:50:29] Webhook hit. Token=8164448894:AAFbloa8DU6DxN8Jjo0nMYnP6bL33DzcBu4 Bookie=1
[2026-03-17 17:50:29] Input: {"update_id":896251219,
"callback_query":{"id":"7345608114361723474","from":{"id":8152733609,"is_bot":false,"first_name":"Vijay48","language_code":"en"},"message":{"message_id":864,"from":{"id":8164448894,"is_bot":true,"first_name":"Lbbot_01","username":"Gamerlb01bot"},"chat":{"id":8152733609,"first_name":"Vijay48","type":"private"},"date":1773769827,"text":"Welcome to the bookie bot!","reply_markup":{"inline_keyboard":[[{"text":"\ud83d\udcb0 Deposit","callback_data":"DEPOSIT"},{"text":"\ud83d\udcca Balance","callback_data":"BALANCE"}],[{"text":"\ud83c\udfe7 Withdraw","callback_data":"WITHDRAW"},{"text":"\ud83d\udd52 Active Request","callback_data":"ACTIVE_REQUESTS"}]]}},"chat_instance":"-8022870131296560198","data":"BALANCE"}}
[2026-03-17 17:50:29] Routing to handleCallback
[2026-03-17 17:50:39] Webhook hit. Token=8164448894:AAFbloa8DU6DxN8Jjo0nMYnP6bL33DzcBu4 Bookie=1
[2026-03-17 17:50:39] Input: {"update_id":896251220,
"callback_query":{"id":"7569131861786508146","from":{"id":8204776787,"is_bot":false,"first_name":"Rajani","username":"Rajani1708","language_code":"en"},"message":{"message_id":861,"from":{"id":8164448894,"is_bot":true,"first_name":"Lbbot_01","username":"Gamerlb01bot"},"chat":{"id":8204776787,"first_name":"Rajani","username":"Rajani1708","type":"private"},"date":1773769679,"edit_date":1773769687,"text":"\ud83d\udcb0 Balance is : $200.00","entities":[{"offset":0,"length":23,"type":"bold"}],"reply_markup":{"inline_keyboard":[[{"text":"Back to Menu","callback_data":"MAIN_MENU"}]]}},"chat_instance":"6698031621898929507","data":"MAIN_MENU"}}
[2026-03-17 17:50:39] Routing to handleCallback
[2026-03-17 17:50:44] Webhook hit. Token=8164448894:AAFbloa8DU6DxN8Jjo0nMYnP6bL33DzcBu4 Bookie=1
[2026-03-17 17:50:44] Input: {"update_id":896251221,
"callback_query":{"id":"7569131862734325884","from":{"id":8204776787,"is_bot":false,"first_name":"Rajani","username":"Rajani1708","language_code":"en"},"message":{"message_id":865,"from":{"id":8164448894,"is_bot":true,"first_name":"Lbbot_01","username":"Gamerlb01bot"},"chat":{"id":8204776787,"first_name":"Rajani","username":"Rajani1708","type":"private"},"date":1773769840,"text":"Welcome to the bookie bot!","reply_markup":{"inline_keyboard":[[{"text":"\ud83d\udcb0 Deposit","callback_data":"DEPOSIT"},{"text":"\ud83d\udcca Balance","callback_data":"BALANCE"}],[{"text":"\ud83c\udfe7 Withdraw","callback_data":"WITHDRAW"},{"text":"\ud83d\udd52 Active Request","callback_data":"ACTIVE_REQUESTS"}]]}},"chat_instance":"6698031621898929507","data":"BALANCE"}}
[2026-03-17 17:50:44] Routing to handleCallback
[2026-03-17 17:51:08] Webhook hit. Token=8164448894:AAFbloa8DU6DxN8Jjo0nMYnP6bL33DzcBu4 Bookie=1
[2026-03-17 17:51:08] Input: {"update_id":896251222,
"callback_query":{"id":"7569131862496796912","from":{"id":8204776787,"is_bot":false,"first_name":"Rajani","username":"Rajani1708","language_code":"en"},"message":{"message_id":865,"from":{"id":8164448894,"is_bot":true,"first_name":"Lbbot_01","username":"Gamerlb01bot"},"chat":{"id":8204776787,"first_name":"Rajani","username":"Rajani1708","type":"private"},"date":1773769840,"edit_date":1773769846,"text":"\ud83d\udcb0 Balance is : $200.00","entities":[{"offset":0,"length":23,"type":"bold"}],"reply_markup":{"inline_keyboard":[[{"text":"Back to Menu","callback_data":"MAIN_MENU"}]]}},"chat_instance":"6698031621898929507","data":"MAIN_MENU"}}
[2026-03-17 17:51:08] Routing to handleCallback
[2026-03-17 17:51:18] Webhook hit. Token=8164448894:AAFbloa8DU6DxN8Jjo0nMYnP6bL33DzcBu4 Bookie=1
[2026-03-17 17:51:18] Input: {"update_id":896251223,
"callback_query":{"id":"7569131864055625870","from":{"id":8204776787,"is_bot":false,"first_name":"Rajani","username":"Rajani1708","language_code":"en"},"message":{"message_id":866,"from":{"id":8164448894,"is_bot":true,"first_name":"Lbbot_01","username":"Gamerlb01bot"},"chat":{"id":8204776787,"first_name":"Rajani","username":"Rajani1708","type":"private"},"date":1773769870,"text":"Welcome to the bookie bot!","reply_markup":{"inline_keyboard":[[{"text":"\ud83d\udcb0 Deposit","callback_data":"DEPOSIT"},{"text":"\ud83d\udcca Balance","callback_data":"BALANCE"}],[{"text":"\ud83c\udfe7 Withdraw","callback_data":"WITHDRAW"},{"text":"\ud83d\udd52 Active Request","callback_data":"ACTIVE_REQUESTS"}]]}},"chat_instance":"6698031621898929507","data":"WITHDRAW"}}
[2026-03-17 17:51:18] Routing to handleCallback
[2026-03-17 17:51:28] Webhook hit. Token=8164448894:AAFbloa8DU6DxN8Jjo0nMYnP6bL33DzcBu4 Bookie=1
[2026-03-17 17:51:28] Input: {"update_id":896251224,
"message":{"message_id":868,"from":{"id":8204776787,"is_bot":false,"first_name":"Rajani","username":"Rajani1708","language_code":"en"},"chat":{"id":8204776787,"first_name":"Rajani","username":"Rajani1708","type":"private"},"date":1773769887,"text":"50"}}
[2026-03-17 17:51:28] Routing to handleMessage
[2026-03-17 17:51:28] Processing handleMessage loop, text: 50
[2026-03-17 17:51:30] Webhook hit. Token=8164448894:AAFbloa8DU6DxN8Jjo0nMYnP6bL33DzcBu4 Bookie=1
[2026-03-17 17:51:30] Input: {"update_id":896251225,
"callback_query":{"id":"7569131863461623542","from":{"id":8204776787,"is_bot":false,"first_name":"Rajani","username":"Rajani1708","language_code":"en"},"message":{"message_id":869,"from":{"id":8164448894,"is_bot":true,"first_name":"Lbbot_01","username":"Gamerlb01bot"},"chat":{"id":8204776787,"first_name":"Rajani","username":"Rajani1708","type":"private"},"date":1773769889,"text":"Please select a payout method to receive your $50:","reply_markup":{"inline_keyboard":[[{"text":"venmo","callback_data":"SET_METHOD_NAME_venmo"},{"text":"paypal","callback_data":"SET_METHOD_NAME_paypal"}],[{"text":"\u2795 Other Method","callback_data":"ADD_PAYOUT_METHOD"}]]}},"chat_instance":"6698031621898929507","data":"SET_METHOD_NAME_venmo"}}
[2026-03-17 17:51:30] Routing to handleCallback
[2026-03-17 17:51:37] Webhook hit. Token=8164448894:AAFbloa8DU6DxN8Jjo0nMYnP6bL33DzcBu4 Bookie=1
[2026-03-17 17:51:37] Input: {"update_id":896251226,
"message":{"message_id":871,"from":{"id":8204776787,"is_bot":false,"first_name":"Rajani","username":"Rajani1708","language_code":"en"},"chat":{"id":8204776787,"first_name":"Rajani","username":"Rajani1708","type":"private"},"date":1773769897,"text":"$raj78"}}
[2026-03-17 17:51:37] Routing to handleMessage
[2026-03-17 17:51:37] Processing handleMessage loop, text: $raj78
[2026-03-17 17:51:40] Webhook hit. Token=8164448894:AAFbloa8DU6DxN8Jjo0nMYnP6bL33DzcBu4 Bookie=1
[2026-03-17 17:51:40] Input: {"update_id":896251227,
"callback_query":{"id":"7569131862252040285","from":{"id":8204776787,"is_bot":false,"first_name":"Rajani","username":"Rajani1708","language_code":"en"},"message":{"message_id":872,"from":{"id":8164448894,"is_bot":true,"first_name":"Lbbot_01","username":"Gamerlb01bot"},"chat":{"id":8204776787,"first_name":"Rajani","username":"Rajani1708","type":"private"},"date":1773769898,"text":"Please confirm your payout details:\n\n\ud83d\udcb0 Amount: $50.00\n\ud83c\udfe6 Method: venmo\n\ud83d\udc64 Account: $raj78\n\nIs this correct?","entities":[{"offset":0,"length":35,"type":"bold"},{"offset":48,"length":6,"type":"bold"},{"offset":66,"length":5,"type":"bold"},{"offset":84,"length":6,"type":"code"}],"reply_markup":{"inline_keyboard":[[{"text":"\u2705 Yes, Proceed","callback_data":"CONFIRM_PAYOUT_YES"},{"text":"\u274c No, Change","callback_data":"CONFIRM_PAYOUT_NO"}]]}},"chat_instance":"6698031621898929507","data":"CONFIRM_PAYOUT_YES"}}
[2026-03-17 17:51:40] Routing to handleCallback
[2026-03-17 17:51:47] Webhook hit. Token=8164448894:AAFbloa8DU6DxN8Jjo0nMYnP6bL33DzcBu4 Bookie=1
[2026-03-17 17:51:47] Input: {"update_id":896251228,
"callback_query":{"id":"7345608117301044566","from":{"id":8152733609,"is_bot":false,"first_name":"Vijay48","language_code":"en"},"message":{"message_id":864,"from":{"id":8164448894,"is_bot":true,"first_name":"Lbbot_01","username":"Gamerlb01bot"},"chat":{"id":8152733609,"first_name":"Vijay48","type":"private"},"date":1773769827,"edit_date":1773769831,"text":"\ud83d\udcb0 Balance is : $100.00","entities":[{"offset":0,"length":23,"type":"bold"}],"reply_markup":{"inline_keyboard":[[{"text":"Back to Menu","callback_data":"MAIN_MENU"}]]}},"chat_instance":"-8022870131296560198","data":"MAIN_MENU"}}
[2026-03-17 17:51:47] Routing to handleCallback
[2026-03-17 17:51:52] Webhook hit. Token=8164448894:AAFbloa8DU6DxN8Jjo0nMYnP6bL33DzcBu4 Bookie=1
[2026-03-17 17:51:52] Input: {"update_id":896251229,
"callback_query":{"id":"7345608113585404880","from":{"id":8152733609,"is_bot":false,"first_name":"Vijay48","language_code":"en"},"message":{"message_id":875,"from":{"id":8164448894,"is_bot":true,"first_name":"Lbbot_01","username":"Gamerlb01bot"},"chat":{"id":8152733609,"first_name":"Vijay48","type":"private"},"date":1773769909,"text":"Welcome to the bookie bot!","reply_markup":{"inline_keyboard":[[{"text":"\ud83d\udcb0 Deposit","callback_data":"DEPOSIT"},{"text":"\ud83d\udcca Balance","callback_data":"BALANCE"}],[{"text":"\ud83c\udfe7 Withdraw","callback_data":"WITHDRAW"},{"text":"\ud83d\udd52 Active Request","callback_data":"ACTIVE_REQUESTS"}]]}},"chat_instance":"-8022870131296560198","data":"DEPOSIT"}}
[2026-03-17 17:51:52] Routing to handleCallback
[2026-03-17 17:51:58] Webhook hit. Token=8164448894:AAFbloa8DU6DxN8Jjo0nMYnP6bL33DzcBu4 Bookie=1
[2026-03-17 17:51:58] Input: {"update_id":896251230,
"message":{"message_id":877,"from":{"id":8152733609,"is_bot":false,"first_name":"Vijay48","language_code":"en"},"chat":{"id":8152733609,"first_name":"Vijay48","type":"private"},"date":1773769918,"text":"20"}}
[2026-03-17 17:51:58] Routing to handleMessage
[2026-03-17 17:51:58] Processing handleMessage loop, text: 20
[2026-03-17 17:52:00] Webhook hit. Token=8164448894:AAFbloa8DU6DxN8Jjo0nMYnP6bL33DzcBu4 Bookie=1
[2026-03-17 17:52:00] Input: {"update_id":896251231,
"callback_query":{"id":"7345608114936431536","from":{"id":8152733609,"is_bot":false,"first_name":"Vijay48","language_code":"en"},"message":{"message_id":878,"from":{"id":8164448894,"is_bot":true,"first_name":"Lbbot_01","username":"Gamerlb01bot"},"chat":{"id":8152733609,"first_name":"Vijay48","type":"private"},"date":1773769918,"text":"Please select the wallet you want to use for this $20 deposit:","reply_markup":{"inline_keyboard":[[{"text":"Wallet: venmo","callback_data":"DEPOSIT_METHOD_venmo"},{"text":"Wallet: paypal","callback_data":"DEPOSIT_METHOD_paypal"}]]}},"chat_instance":"-8022870131296560198","data":"DEPOSIT_METHOD_venmo"}}
[2026-03-17 17:52:00] Routing to handleCallback
[2026-03-17 17:52:18] Webhook hit. Token=8164448894:AAFbloa8DU6DxN8Jjo0nMYnP6bL33DzcBu4 Bookie=1
[2026-03-17 17:52:18] Input: {"update_id":896251232,
"message":{"message_id":880,"from":{"id":8152733609,"is_bot":false,"first_name":"Vijay48","language_code":"en"},"chat":{"id":8152733609,"first_name":"Vijay48","type":"private"},"date":1773769937,"photo":[{"file_id":"AgACAgUAAxkBAAIDcGm5lNECoev0EvRdCAtb_TzE-8XlAAK4D2sbKFzJVbE9Mq5-pfhfAQADAgADcwADOgQ","file_unique_id":"AQADuA9rGyhcyVV4","file_size":2098,"width":90,"height":90},{"file_id":"AgACAgUAAxkBAAIDcGm5lNECoev0EvRdCAtb_TzE-8XlAAK4D2sbKFzJVbE9Mq5-pfhfAQADAgADeAADOgQ","file_unique_id":"AQADuA9rGyhcyVV9","file_size":8893,"width":580,"height":580},{"file_id":"AgACAgUAAxkBAAIDcGm5lNECoev0EvRdCAtb_TzE-8XlAAK4D2sbKFzJVbE9Mq5-pfhfAQADAgADbQADOgQ","file_unique_id":"AQADuA9rGyhcyVVy","file_size":12388,"width":320,"height":320}]}}
[2026-03-17 17:52:18] Routing to handleMessage
[2026-03-17 17:52:18] Processing handleMessage loop, text: 
[2026-03-17 17:52:33] Webhook hit. Token=8164448894:AAFbloa8DU6DxN8Jjo0nMYnP6bL33DzcBu4 Bookie=1
[2026-03-17 17:52:33] Input: {"update_id":896251233,
"callback_query":{"id":"7569131864202683264","from":{"id":8204776787,"is_bot":false,"first_name":"Rajani","username":"Rajani1708","language_code":"en"},"message":{"message_id":881,"from":{"id":8164448894,"is_bot":true,"first_name":"Lbbot_01","username":"Gamerlb01bot"},"chat":{"id":8204776787,"first_name":"Rajani","username":"Rajani1708","type":"private"},"date":1773769939,"photo":[{"file_id":"AgACAgUAAxkBAAIDcGm5lNECoev0EvRdCAtb_TzE-8XlAAK4D2sbKFzJVbE9Mq5-pfhfAQADAgADcwADOgQ","file_unique_id":"AQADuA9rGyhcyVV4","file_size":2098,"width":90,"height":90},{"file_id":"AgACAgUAAxkBAAIDcGm5lNECoev0EvRdCAtb_TzE-8XlAAK4D2sbKFzJVbE9Mq5-pfhfAQADAgADeAADOgQ","file_unique_id":"AQADuA9rGyhcyVV9","file_size":8893,"width":580,"height":580},{"file_id":"AgACAgUAAxkBAAIDcGm5lNECoev0EvRdCAtb_TzE-8XlAAK4D2sbKFzJVbE9Mq5-pfhfAQADAgADbQADOgQ","file_unique_id":"AQADuA9rGyhcyVVy","file_size":12388,"width":320,"height":320}],"caption":"\ud83d\udcb0 Withdrawal Credited\n\nPlayer Vijay48 has sent $20.00 toward your withdrawal request.\nThis amount has been deposited into your account.\n\nThis payment: $20.00\nTotal requested: $50.00\nPaid so far: $20.00 of $50.00\nRemaining: $30.00\n\nPayment method: venmo\nReference: WD-3 / PART-5\n\nPlease wait at least 10 minutes before pressing 'Didn't Receive' as notifications and transfers can sometimes take a few minutes to process.\n\nReceipt attached below.","caption_entities":[{"offset":0,"length":22,"type":"bold"},{"offset":31,"length":7,"type":"bold"},{"offset":48,"length":6,"type":"bold"},{"offset":108,"length":27,"type":"bold"},{"offset":152,"length":6,"type":"bold"},{"offset":176,"length":6,"type":"bold"},{"offset":196,"length":6,"type":"bold"},{"offset":224,"length":6,"type":"bold"},{"offset":280,"length":140,"type":"italic"}],"reply_markup":{"inline_keyboard":[[{"text":"\ud83d\udea8 Didn't Receive","callback_data":"DISPUTE_SPLIT_5"},{"text":"Back to Menu","callback_data":"MAIN_MENU"}]]}},"chat_instance":"6698031621898929507","data":"MAIN_MENU"}}
[2026-03-17 17:52:33] Routing to handleCallback
[2026-03-17 17:52:40] Webhook hit. Token=8164448894:AAFbloa8DU6DxN8Jjo0nMYnP6bL33DzcBu4 Bookie=1
[2026-03-17 17:52:40] Input: {"update_id":896251234,
"callback_query":{"id":"7569131861195646844","from":{"id":8204776787,"is_bot":false,"first_name":"Rajani","username":"Rajani1708","language_code":"en"},"message":{"message_id":883,"from":{"id":8164448894,"is_bot":true,"first_name":"Lbbot_01","username":"Gamerlb01bot"},"chat":{"id":8204776787,"first_name":"Rajani","username":"Rajani1708","type":"private"},"date":1773769954,"text":"Welcome to the bookie bot!","reply_markup":{"inline_keyboard":[[{"text":"\ud83d\udcb0 Deposit","callback_data":"DEPOSIT"},{"text":"\ud83d\udcca Balance","callback_data":"BALANCE"}],[{"text":"\ud83c\udfe7 Withdraw","callback_data":"WITHDRAW"},{"text":"\ud83d\udd52 Active Request","callback_data":"ACTIVE_REQUESTS"}]]}},"chat_instance":"6698031621898929507","data":"WITHDRAW"}}
[2026-03-17 17:52:40] Routing to handleCallback
[2026-03-17 17:53:44] Webhook hit. Token=8164448894:AAFbloa8DU6DxN8Jjo0nMYnP6bL33DzcBu4 Bookie=1
[2026-03-17 17:53:44] Input: {"update_id":896251235,
"callback_query":{"id":"7569131864363336297","from":{"id":8204776787,"is_bot":false,"first_name":"Rajani","username":"Rajani1708","language_code":"en"},"message":{"message_id":884,"from":{"id":8164448894,"is_bot":true,"first_name":"Lbbot_01","username":"Gamerlb01bot"},"chat":{"id":8204776787,"first_name":"Rajani","username":"Rajani1708","type":"private"},"date":1773769962,"text":"\u26a0\ufe0f Action Blocked\n\nYour earlier withdrawal request is still pending ($30.00), so you cannot request another withdrawal request.\n\nIf you want urgent withdrawal, talk to Bookie directly.","entities":[{"offset":3,"length":14,"type":"bold"},{"offset":69,"length":6,"type":"bold"}],"reply_markup":{"inline_keyboard":[[{"text":"Back to Menu","callback_data":"MAIN_MENU"}]]}},"chat_instance":"6698031621898929507","data":"MAIN_MENU"}}
[2026-03-17 17:53:44] Routing to handleCallback
[2026-03-17 17:53:49] Webhook hit. Token=8164448894:AAFbloa8DU6DxN8Jjo0nMYnP6bL33DzcBu4 Bookie=1
[2026-03-17 17:53:49] Input: {"update_id":896251236,
"callback_query":{"id":"7569131861060177600","from":{"id":8204776787,"is_bot":false,"first_name":"Rajani","username":"Rajani1708","language_code":"en"},"message":{"message_id":885,"from":{"id":8164448894,"is_bot":true,"first_name":"Lbbot_01","username":"Gamerlb01bot"},"chat":{"id":8204776787,"first_name":"Rajani","username":"Rajani1708","type":"private"},"date":1773770026,"text":"Welcome to the bookie bot!","reply_markup":{"inline_keyboard":[[{"text":"\ud83d\udcb0 Deposit","callback_data":"DEPOSIT"},{"text":"\ud83d\udcca Balance","callback_data":"BALANCE"}],[{"text":"\ud83c\udfe7 Withdraw","callback_data":"WITHDRAW"},{"text":"\ud83d\udd52 Active Request","callback_data":"ACTIVE_REQUESTS"}]]}},"chat_instance":"6698031621898929507","data":"BALANCE"}}
[2026-03-17 17:53:49] Routing to handleCallback
[2026-03-18 11:14:55] Webhook hit. Token=8164448894:AAFbloa8DU6DxN8Jjo0nMYnP6bL33DzcBu4 Bookie=1
[2026-03-18 11:14:55] Input: {"update_id":896251237,
"callback_query":{"id":"7345608115876022344","from":{"id":8152733609,"is_bot":false,"first_name":"Vijay48","language_code":"en"},"message":{"message_id":882,"from":{"id":8164448894,"is_bot":true,"first_name":"Lbbot_01","username":"Gamerlb01bot"},"chat":{"id":8152733609,"first_name":"Vijay48","type":"private"},"date":1773769939,"text":"\u2705 All payment receipts have been submitted.\nYour deposit has been approved and your wallet is credited instantly! Recipients have 10 minutes to review the payment.","entities":[{"offset":2,"length":41,"type":"bold"}],"reply_markup":{"inline_keyboard":[[{"text":"Back to Menu","callback_data":"MAIN_MENU"}]]}},"chat_instance":"-8022870131296560198","data":"MAIN_MENU"}}
[2026-03-18 11:14:55] Routing to handleCallback
[2026-03-18 11:14:59] Webhook hit. Token=8164448894:AAFbloa8DU6DxN8Jjo0nMYnP6bL33DzcBu4 Bookie=1
[2026-03-18 11:14:59] Input: {"update_id":896251238,
"callback_query":{"id":"7345608115000578722","from":{"id":8152733609,"is_bot":false,"first_name":"Vijay48","language_code":"en"},"message":{"message_id":886,"from":{"id":8164448894,"is_bot":true,"first_name":"Lbbot_01","username":"Gamerlb01bot"},"chat":{"id":8152733609,"first_name":"Vijay48","type":"private"},"date":1773832497,"text":"Welcome to the bookie bot!","reply_markup":{"inline_keyboard":[[{"text":"\ud83d\udcb0 Deposit","callback_data":"DEPOSIT"},{"text":"\ud83d\udcca Balance","callback_data":"BALANCE"}],[{"text":"\ud83c\udfe7 Withdraw","callback_data":"WITHDRAW"},{"text":"\ud83d\udd52 Active Request","callback_data":"ACTIVE_REQUESTS"}]]}},"chat_instance":"-8022870131296560198","data":"BALANCE"}}
[2026-03-18 11:14:59] Routing to handleCallback
[2026-03-18 12:09:37] Webhook hit. Token=8164448894:AAFbloa8DU6DxN8Jjo0nMYnP6bL33DzcBu4 Bookie=1
[2026-03-18 12:09:37] Input: {"update_id":896251239,
"callback_query":{"id":"7345608113521317594","from":{"id":8152733609,"is_bot":false,"first_name":"Vijay48","language_code":"en"},"message":{"message_id":886,"from":{"id":8164448894,"is_bot":true,"first_name":"Lbbot_01","username":"Gamerlb01bot"},"chat":{"id":8152733609,"first_name":"Vijay48","type":"private"},"date":1773832497,"edit_date":1773832501,"text":"\ud83d\udcb0 Balance is : $120.00","entities":[{"offset":0,"length":23,"type":"bold"}],"reply_markup":{"inline_keyboard":[[{"text":"Back to Menu","callback_data":"MAIN_MENU"}]]}},"chat_instance":"-8022870131296560198","data":"MAIN_MENU"}}
[2026-03-18 12:09:37] Routing to handleCallback
[2026-03-18 12:09:41] Webhook hit. Token=8164448894:AAFbloa8DU6DxN8Jjo0nMYnP6bL33DzcBu4 Bookie=1
[2026-03-18 12:09:41] Input: {"update_id":896251240,
"callback_query":{"id":"7345608116687104584","from":{"id":8152733609,"is_bot":false,"first_name":"Vijay48","language_code":"en"},"message":{"message_id":887,"from":{"id":8164448894,"is_bot":true,"first_name":"Lbbot_01","username":"Gamerlb01bot"},"chat":{"id":8152733609,"first_name":"Vijay48","type":"private"},"date":1773835779,"text":"Welcome to the bookie bot!","reply_markup":{"inline_keyboard":[[{"text":"\ud83d\udcb0 Deposit","callback_data":"DEPOSIT"},{"text":"\ud83d\udcca Balance","callback_data":"BALANCE"}],[{"text":"\ud83c\udfe7 Withdraw","callback_data":"WITHDRAW"},{"text":"\ud83d\udd52 Active Request","callback_data":"ACTIVE_REQUESTS"}]]}},"chat_instance":"-8022870131296560198","data":"BALANCE"}}
[2026-03-18 12:09:41] Routing to handleCallback
[2026-03-18 12:15:23] Webhook hit. Token=8164448894:AAFbloa8DU6DxN8Jjo0nMYnP6bL33DzcBu4 Bookie=1
[2026-03-18 12:15:23] Input: {"update_id":896251241,
"callback_query":{"id":"7569131860735837572","from":{"id":8204776787,"is_bot":false,"first_name":"Rajani","username":"Rajani1708","language_code":"en"},"message":{"message_id":885,"from":{"id":8164448894,"is_bot":true,"first_name":"Lbbot_01","username":"Gamerlb01bot"},"chat":{"id":8204776787,"first_name":"Rajani","username":"Rajani1708","type":"private"},"date":1773770026,"edit_date":1773770031,"text":"\ud83d\udcb0 Balance is : $150.00","entities":[{"offset":0,"length":23,"type":"bold"}],"reply_markup":{"inline_keyboard":[[{"text":"Back to Menu","callback_data":"MAIN_MENU"}]]}},"chat_instance":"6698031621898929507","data":"MAIN_MENU"}}
[2026-03-18 12:15:23] Routing to handleCallback
[2026-03-23 03:02:52] Webhook hit. Token=8164448894:AAFbloa8DU6DxN8Jjo0nMYnP6bL33DzcBu4 Bookie=1
[2026-03-23 03:02:52] Input: {"update_id":896251244,
"callback_query":{"id":"8764701366384320077","from":{"id":6335658356,"is_bot":false,"first_name":"Alejandra","last_name":"Rosales","language_code":"en"},"message":{"message_id":679,"from":{"id":8164448894,"is_bot":true,"first_name":"Lbbot_01","username":"Gamerlb01bot"},"chat":{"id":6335658356,"first_name":"Alejandra","last_name":"Rosales","type":"private"},"date":1773644069,"text":"Welcome to the bookie bot!","reply_markup":{"inline_keyboard":[[{"text":"\ud83d\udcb0 Deposit","callback_data":"DEPOSIT"},{"text":"\ud83d\udcca Balance","callback_data":"BALANCE"}],[{"text":"\ud83c\udfe7 Withdraw","callback_data":"WITHDRAW"},{"text":"\ud83d\udd52 Active Request","callback_data":"ACTIVE_REQUESTS"}]]}},"chat_instance":"4082085802790994207","data":"BALANCE"}}
[2026-03-23 03:02:52] Routing to handleCallback
[2026-03-23 03:02:55] Webhook hit. Token=8164448894:AAFbloa8DU6DxN8Jjo0nMYnP6bL33DzcBu4 Bookie=1
[2026-03-23 03:02:55] Input: {"update_id":896251245,
"callback_query":{"id":"8764701365731140493","from":{"id":6335658356,"is_bot":false,"first_name":"Alejandra","last_name":"Rosales","language_code":"en"},"message":{"message_id":679,"from":{"id":8164448894,"is_bot":true,"first_name":"Lbbot_01","username":"Gamerlb01bot"},"chat":{"id":6335658356,"first_name":"Alejandra","last_name":"Rosales","type":"private"},"date":1773644069,"text":"Welcome to the bookie bot!","reply_markup":{"inline_keyboard":[[{"text":"\ud83d\udcb0 Deposit","callback_data":"DEPOSIT"},{"text":"\ud83d\udcca Balance","callback_data":"BALANCE"}],[{"text":"\ud83c\udfe7 Withdraw","callback_data":"WITHDRAW"},{"text":"\ud83d\udd52 Active Request","callback_data":"ACTIVE_REQUESTS"}]]}},"chat_instance":"4082085802790994207","data":"BALANCE"}}
[2026-03-23 03:02:55] Routing to handleCallback
[2026-03-23 03:51:44] Webhook hit. Token=8164448894:AAFbloa8DU6DxN8Jjo0nMYnP6bL33DzcBu4 Bookie=1
[2026-03-23 03:51:44] Input: {"update_id":896251246,
"callback_query":{"id":"7345608116118782063","from":{"id":8152733609,"is_bot":false,"first_name":"Vijay48","language_code":"en"},"message":{"message_id":887,"from":{"id":8164448894,"is_bot":true,"first_name":"Lbbot_01","username":"Gamerlb01bot"},"chat":{"id":8152733609,"first_name":"Vijay48","type":"private"},"date":1773835779,"edit_date":1773835783,"text":"\ud83d\udcb0 Balance is : $170.00","entities":[{"offset":0,"length":23,"type":"bold"}],"reply_markup":{"inline_keyboard":[[{"text":"Back to Menu","callback_data":"MAIN_MENU"}]]}},"chat_instance":"-8022870131296560198","data":"MAIN_MENU"}}
[2026-03-23 03:51:44] Routing to handleCallback
[2026-03-23 03:51:48] Webhook hit. Token=8164448894:AAFbloa8DU6DxN8Jjo0nMYnP6bL33DzcBu4 Bookie=1
[2026-03-23 03:51:48] Input: {"update_id":896251247,
"callback_query":{"id":"7345608116143508158","from":{"id":8152733609,"is_bot":false,"first_name":"Vijay48","language_code":"en"},"message":{"message_id":890,"from":{"id":8164448894,"is_bot":true,"first_name":"Lbbot_01","username":"Gamerlb01bot"},"chat":{"id":8152733609,"first_name":"Vijay48","type":"private"},"date":1774237907,"text":"Welcome to the bookie bot!","reply_markup":{"inline_keyboard":[[{"text":"\ud83d\udcb0 Deposit","callback_data":"DEPOSIT"},{"text":"\ud83d\udcca Balance","callback_data":"BALANCE"}],[{"text":"\ud83c\udfe7 Withdraw","callback_data":"WITHDRAW"},{"text":"\ud83d\udd52 Active Request","callback_data":"ACTIVE_REQUESTS"}]]}},"chat_instance":"-8022870131296560198","data":"BALANCE"}}
[2026-03-23 03:51:48] Routing to handleCallback
[2026-03-23 03:51:55] Webhook hit. Token=8164448894:AAFbloa8DU6DxN8Jjo0nMYnP6bL33DzcBu4 Bookie=1
[2026-03-23 03:51:55] Input: {"update_id":896251248,
"callback_query":{"id":"7569131862168193996","from":{"id":8204776787,"is_bot":false,"first_name":"Rajani","username":"Rajani1708","language_code":"en"},"message":{"message_id":888,"from":{"id":8164448894,"is_bot":true,"first_name":"Lbbot_01","username":"Gamerlb01bot"},"chat":{"id":8204776787,"first_name":"Rajani","username":"Rajani1708","type":"private"},"date":1773836125,"text":"Welcome to the bookie bot!","reply_markup":{"inline_keyboard":[[{"text":"\ud83d\udcb0 Deposit","callback_data":"DEPOSIT"},{"text":"\ud83d\udcca Balance","callback_data":"BALANCE"}],[{"text":"\ud83c\udfe7 Withdraw","callback_data":"WITHDRAW"},{"text":"\ud83d\udd52 Active Request","callback_data":"ACTIVE_REQUESTS"}]]}},"chat_instance":"6698031621898929507","data":"BALANCE"}}
[2026-03-23 03:51:55] Routing to handleCallback
[2026-03-23 03:55:03] Webhook hit. Token=8164448894:AAFbloa8DU6DxN8Jjo0nMYnP6bL33DzcBu4 Bookie=1
[2026-03-23 03:55:03] Input: {"update_id":896251249,
"callback_query":{"id":"7569131860586403561","from":{"id":8204776787,"is_bot":false,"first_name":"Rajani","username":"Rajani1708","language_code":"en"},"message":{"message_id":888,"from":{"id":8164448894,"is_bot":true,"first_name":"Lbbot_01","username":"Gamerlb01bot"},"chat":{"id":8204776787,"first_name":"Rajani","username":"Rajani1708","type":"private"},"date":1773836125,"edit_date":1774237917,"text":"\ud83d\udcb0 Balance is : $150.00","entities":[{"offset":0,"length":23,"type":"bold"}],"reply_markup":{"inline_keyboard":[[{"text":"Back to Menu","callback_data":"MAIN_MENU"}]]}},"chat_instance":"6698031621898929507","data":"MAIN_MENU"}}
[2026-03-23 03:55:03] Routing to handleCallback
[2026-03-23 03:55:05] Webhook hit. Token=8164448894:AAFbloa8DU6DxN8Jjo0nMYnP6bL33DzcBu4 Bookie=1
[2026-03-23 03:55:05] Input: {"update_id":896251250,
"callback_query":{"id":"7569131862754556859","from":{"id":8204776787,"is_bot":false,"first_name":"Rajani","username":"Rajani1708","language_code":"en"},"message":{"message_id":888,"from":{"id":8164448894,"is_bot":true,"first_name":"Lbbot_01","username":"Gamerlb01bot"},"chat":{"id":8204776787,"first_name":"Rajani","username":"Rajani1708","type":"private"},"date":1773836125,"edit_date":1774237917,"text":"\ud83d\udcb0 Balance is : $150.00","entities":[{"offset":0,"length":23,"type":"bold"}],"reply_markup":{"inline_keyboard":[[{"text":"Back to Menu","callback_data":"MAIN_MENU"}]]}},"chat_instance":"6698031621898929507","data":"MAIN_MENU"}}
[2026-03-23 03:55:05] Routing to handleCallback
[2026-03-23 03:55:07] Webhook hit. Token=8164448894:AAFbloa8DU6DxN8Jjo0nMYnP6bL33DzcBu4 Bookie=1
[2026-03-23 03:55:07] Input: {"update_id":896251251,
"callback_query":{"id":"7569131862119533063","from":{"id":8204776787,"is_bot":false,"first_name":"Rajani","username":"Rajani1708","language_code":"en"},"message":{"message_id":888,"from":{"id":8164448894,"is_bot":true,"first_name":"Lbbot_01","username":"Gamerlb01bot"},"chat":{"id":8204776787,"first_name":"Rajani","username":"Rajani1708","type":"private"},"date":1773836125,"edit_date":1774237917,"text":"\ud83d\udcb0 Balance is : $150.00","entities":[{"offset":0,"length":23,"type":"bold"}],"reply_markup":{"inline_keyboard":[[{"text":"Back to Menu","callback_data":"MAIN_MENU"}]]}},"chat_instance":"6698031621898929507","data":"MAIN_MENU"}}
[2026-03-23 03:55:07] Routing to handleCallback
[2026-03-23 03:55:17] Webhook hit. Token=8164448894:AAFbloa8DU6DxN8Jjo0nMYnP6bL33DzcBu4 Bookie=1
[2026-03-23 03:55:17] Input: {"update_id":896251252,
"callback_query":{"id":"7569131864302635830","from":{"id":8204776787,"is_bot":false,"first_name":"Rajani","username":"Rajani1708","language_code":"en"},"message":{"message_id":893,"from":{"id":8164448894,"is_bot":true,"first_name":"Lbbot_01","username":"Gamerlb01bot"},"chat":{"id":8204776787,"first_name":"Rajani","username":"Rajani1708","type":"private"},"date":1774238109,"text":"Welcome to the bookie bot!","reply_markup":{"inline_keyboard":[[{"text":"\ud83d\udcb0 Deposit","callback_data":"DEPOSIT"},{"text":"\ud83d\udcca Balance","callback_data":"BALANCE"}],[{"text":"\ud83c\udfe7 Withdraw","callback_data":"WITHDRAW"},{"text":"\ud83d\udd52 Active Request","callback_data":"ACTIVE_REQUESTS"}]]}},"chat_instance":"6698031621898929507","data":"ACTIVE_REQUESTS"}}
[2026-03-23 03:55:17] Routing to handleCallback
[2026-03-23 03:55:25] Webhook hit. Token=8164448894:AAFbloa8DU6DxN8Jjo0nMYnP6bL33DzcBu4 Bookie=1
[2026-03-23 03:55:25] Input: {"update_id":896251253,
"callback_query":{"id":"7569131863260202568","from":{"id":8204776787,"is_bot":false,"first_name":"Rajani","username":"Rajani1708","language_code":"en"},"message":{"message_id":894,"from":{"id":8164448894,"is_bot":true,"first_name":"Lbbot_01","username":"Gamerlb01bot"},"chat":{"id":8204776787,"first_name":"Rajani","username":"Rajani1708","type":"private"},"date":1774238120,"text":"\ud83d\udd52 Your Active Requests\n\nYou have no active deposits or withdrawals at the moment.","entities":[{"offset":0,"length":23,"type":"bold"}],"reply_markup":{"inline_keyboard":[[{"text":"Back to Menu","callback_data":"MAIN_MENU"}]]}},"chat_instance":"6698031621898929507","data":"MAIN_MENU"}}
[2026-03-23 03:55:25] Routing to handleCallback
[2026-03-23 03:56:06] Webhook hit. Token=8164448894:AAFbloa8DU6DxN8Jjo0nMYnP6bL33DzcBu4 Bookie=1
[2026-03-23 03:56:06] Input: {"update_id":896251254,
"callback_query":{"id":"7345608113791735051","from":{"id":8152733609,"is_bot":false,"first_name":"Vijay48","language_code":"en"},"message":{"message_id":890,"from":{"id":8164448894,"is_bot":true,"first_name":"Lbbot_01","username":"Gamerlb01bot"},"chat":{"id":8152733609,"first_name":"Vijay48","type":"private"},"date":1774237907,"edit_date":1774237910,"text":"\ud83d\udcb0 Balance is : $170.00","entities":[{"offset":0,"length":23,"type":"bold"}],"reply_markup":{"inline_keyboard":[[{"text":"Back to Menu","callback_data":"MAIN_MENU"}]]}},"chat_instance":"-8022870131296560198","data":"MAIN_MENU"}}
[2026-03-23 03:56:06] Routing to handleCallback
[2026-03-23 03:56:11] Webhook hit. Token=8164448894:AAFbloa8DU6DxN8Jjo0nMYnP6bL33DzcBu4 Bookie=1
[2026-03-23 03:56:11] Input: {"update_id":896251255,
"callback_query":{"id":"7345608114699540192","from":{"id":8152733609,"is_bot":false,"first_name":"Vijay48","language_code":"en"},"message":{"message_id":896,"from":{"id":8164448894,"is_bot":true,"first_name":"Lbbot_01","username":"Gamerlb01bot"},"chat":{"id":8152733609,"first_name":"Vijay48","type":"private"},"date":1774238168,"text":"Welcome to the bookie bot!","reply_markup":{"inline_keyboard":[[{"text":"\ud83d\udcb0 Deposit","callback_data":"DEPOSIT"},{"text":"\ud83d\udcca Balance","callback_data":"BALANCE"}],[{"text":"\ud83c\udfe7 Withdraw","callback_data":"WITHDRAW"},{"text":"\ud83d\udd52 Active Request","callback_data":"ACTIVE_REQUESTS"}]]}},"chat_instance":"-8022870131296560198","data":"WITHDRAW"}}
[2026-03-23 03:56:11] Routing to handleCallback
[2026-03-23 03:56:21] Webhook hit. Token=8164448894:AAFbloa8DU6DxN8Jjo0nMYnP6bL33DzcBu4 Bookie=1
[2026-03-23 03:56:21] Input: {"update_id":896251256,
"message":{"message_id":898,"from":{"id":8152733609,"is_bot":false,"first_name":"Vijay48","language_code":"en"},"chat":{"id":8152733609,"first_name":"Vijay48","type":"private"},"date":1774238181,"text":"20"}}
[2026-03-23 03:56:21] Routing to handleMessage
[2026-03-23 03:56:21] Processing handleMessage loop, text: 20
[2026-03-23 03:56:24] Webhook hit. Token=8164448894:AAFbloa8DU6DxN8Jjo0nMYnP6bL33DzcBu4 Bookie=1
[2026-03-23 03:56:24] Input: {"update_id":896251257,
"callback_query":{"id":"7345608116932051759","from":{"id":8152733609,"is_bot":false,"first_name":"Vijay48","language_code":"en"},"message":{"message_id":899,"from":{"id":8164448894,"is_bot":true,"first_name":"Lbbot_01","username":"Gamerlb01bot"},"chat":{"id":8152733609,"first_name":"Vijay48","type":"private"},"date":1774238182,"text":"Please select a payout method to receive your $20:","reply_markup":{"inline_keyboard":[[{"text":"venmo","callback_data":"SET_METHOD_NAME_venmo"},{"text":"paypal","callback_data":"SET_METHOD_NAME_paypal"}],[{"text":"\u2795 Other Method","callback_data":"ADD_PAYOUT_METHOD"}]]}},"chat_instance":"-8022870131296560198","data":"SET_METHOD_NAME_venmo"}}
[2026-03-23 03:56:24] Routing to handleCallback
[2026-03-23 03:56:44] Webhook hit. Token=8164448894:AAFbloa8DU6DxN8Jjo0nMYnP6bL33DzcBu4 Bookie=1
[2026-03-23 03:56:44] Input: {"update_id":896251258,
"message":{"message_id":901,"from":{"id":8152733609,"is_bot":false,"first_name":"Vijay48","language_code":"en"},"chat":{"id":8152733609,"first_name":"Vijay48","type":"private"},"date":1774238204,"text":"$rajaniyu"}}
[2026-03-23 03:56:44] Routing to handleMessage
[2026-03-23 03:56:44] Processing handleMessage loop, text: $rajaniyu
[2026-03-23 03:56:50] Webhook hit. Token=8164448894:AAFbloa8DU6DxN8Jjo0nMYnP6bL33DzcBu4 Bookie=1
[2026-03-23 03:56:50] Input: {"update_id":896251259,
"callback_query":{"id":"7345608114541215385","from":{"id":8152733609,"is_bot":false,"first_name":"Vijay48","language_code":"en"},"message":{"message_id":902,"from":{"id":8164448894,"is_bot":true,"first_name":"Lbbot_01","username":"Gamerlb01bot"},"chat":{"id":8152733609,"first_name":"Vijay48","type":"private"},"date":1774238205,"text":"Please confirm your payout details:\n\n\ud83d\udcb0 Amount: $20.00\n\ud83c\udfe6 Method: venmo\n\ud83d\udc64 Account: $rajaniyu\n\nIs this correct?","entities":[{"offset":0,"length":35,"type":"bold"},{"offset":48,"length":6,"type":"bold"},{"offset":66,"length":5,"type":"bold"},{"offset":84,"length":9,"type":"code"}],"reply_markup":{"inline_keyboard":[[{"text":"\u2705 Yes, Proceed","callback_data":"CONFIRM_PAYOUT_YES"},{"text":"\u274c No, Change","callback_data":"CONFIRM_PAYOUT_NO"}]]}},"chat_instance":"-8022870131296560198","data":"CONFIRM_PAYOUT_YES"}}
[2026-03-23 03:56:50] Routing to handleCallback
[2026-03-23 03:57:00] Webhook hit. Token=8164448894:AAFbloa8DU6DxN8Jjo0nMYnP6bL33DzcBu4 Bookie=1
[2026-03-23 03:57:00] Input: {"update_id":896251260,
"callback_query":{"id":"7345608116529892999","from":{"id":8152733609,"is_bot":false,"first_name":"Vijay48","language_code":"en"},"message":{"message_id":903,"from":{"id":8164448894,"is_bot":true,"first_name":"Lbbot_01","username":"Gamerlb01bot"},"chat":{"id":8152733609,"first_name":"Vijay48","type":"private"},"date":1774238213,"text":"\u2705 Withdrawal Requested!\n$20 has been locked and added to the payout queue. We will notify you when it is processed.","entities":[{"offset":2,"length":21,"type":"bold"}],"reply_markup":{"inline_keyboard":[[{"text":"Back to Menu","callback_data":"MAIN_MENU"}]]}},"chat_instance":"-8022870131296560198","data":"MAIN_MENU"}}
[2026-03-23 03:57:00] Routing to handleCallback
[2026-03-23 03:57:07] Webhook hit. Token=8164448894:AAFbloa8DU6DxN8Jjo0nMYnP6bL33DzcBu4 Bookie=1
[2026-03-23 03:57:07] Input: {"update_id":896251261,
"callback_query":{"id":"7345608113865480236","from":{"id":8152733609,"is_bot":false,"first_name":"Vijay48","language_code":"en"},"message":{"message_id":905,"from":{"id":8164448894,"is_bot":true,"first_name":"Lbbot_01","username":"Gamerlb01bot"},"chat":{"id":8152733609,"first_name":"Vijay48","type":"private"},"date":1774238223,"text":"Welcome to the bookie bot!","reply_markup":{"inline_keyboard":[[{"text":"\ud83d\udcb0 Deposit","callback_data":"DEPOSIT"},{"text":"\ud83d\udcca Balance","callback_data":"BALANCE"}],[{"text":"\ud83c\udfe7 Withdraw","callback_data":"WITHDRAW"},{"text":"\ud83d\udd52 Active Request","callback_data":"ACTIVE_REQUESTS"}]]}},"chat_instance":"-8022870131296560198","data":"BALANCE"}}
[2026-03-23 03:57:07] Routing to handleCallback
[2026-03-23 03:57:10] Webhook hit. Token=8164448894:AAFbloa8DU6DxN8Jjo0nMYnP6bL33DzcBu4 Bookie=1
[2026-03-23 03:57:10] Input: {"update_id":896251262,
"callback_query":{"id":"7345608117351361238","from":{"id":8152733609,"is_bot":false,"first_name":"Vijay48","language_code":"en"},"message":{"message_id":905,"from":{"id":8164448894,"is_bot":true,"first_name":"Lbbot_01","username":"Gamerlb01bot"},"chat":{"id":8152733609,"first_name":"Vijay48","type":"private"},"date":1774238223,"edit_date":1774238229,"text":"\ud83d\udcb0 Balance is : $150.00","entities":[{"offset":0,"length":23,"type":"bold"}],"reply_markup":{"inline_keyboard":[[{"text":"Back to Menu","callback_data":"MAIN_MENU"}]]}},"chat_instance":"-8022870131296560198","data":"MAIN_MENU"}}
[2026-03-23 03:57:10] Routing to handleCallback
[2026-03-23 03:57:21] Webhook hit. Token=8164448894:AAFbloa8DU6DxN8Jjo0nMYnP6bL33DzcBu4 Bookie=1
[2026-03-23 03:57:21] Input: {"update_id":896251263,
"callback_query":{"id":"7345608114608290166","from":{"id":8152733609,"is_bot":false,"first_name":"Vijay48","language_code":"en"},"message":{"message_id":906,"from":{"id":8164448894,"is_bot":true,"first_name":"Lbbot_01","username":"Gamerlb01bot"},"chat":{"id":8152733609,"first_name":"Vijay48","type":"private"},"date":1774238232,"text":"Welcome to the bookie bot!","reply_markup":{"inline_keyboard":[[{"text":"\ud83d\udcb0 Deposit","callback_data":"DEPOSIT"},{"text":"\ud83d\udcca Balance","callback_data":"BALANCE"}],[{"text":"\ud83c\udfe7 Withdraw","callback_data":"WITHDRAW"},{"text":"\ud83d\udd52 Active Request","callback_data":"ACTIVE_REQUESTS"}]]}},"chat_instance":"-8022870131296560198","data":"ACTIVE_REQUESTS"}}
[2026-03-23 03:57:21] Routing to handleCallback
[2026-03-23 03:58:20] Webhook hit. Token=8164448894:AAFbloa8DU6DxN8Jjo0nMYnP6bL33DzcBu4 Bookie=1
[2026-03-23 03:58:20] Input: {"update_id":896251264,
"callback_query":{"id":"7345608117040536927","from":{"id":8152733609,"is_bot":false,"first_name":"Vijay48","language_code":"en"},"message":{"message_id":907,"from":{"id":8164448894,"is_bot":true,"first_name":"Lbbot_01","username":"Gamerlb01bot"},"chat":{"id":8152733609,"first_name":"Vijay48","type":"private"},"date":1774238244,"text":"\ud83d\udd52 Your Active Requests\n\n\ud83c\udfe7 Pending Withdrawals:\n\u2022 #4 - $20.00 (Queued)","entities":[{"offset":0,"length":23,"type":"bold"},{"offset":25,"length":23,"type":"bold"},{"offset":56,"length":6,"type":"bold"}],"reply_markup":{"inline_keyboard":[[{"text":"\u274c Cancel Withdrawal #4","callback_data":"CANCEL_WITHDRAWAL_4"}],[{"text":"Back to Menu","callback_data":"MAIN_MENU"}]]}},"chat_instance":"-8022870131296560198","data":"CANCEL_WITHDRAWAL_4"}}
[2026-03-23 03:58:20] Routing to handleCallback
[2026-03-23 03:59:07] Webhook hit. Token=8164448894:AAFbloa8DU6DxN8Jjo0nMYnP6bL33DzcBu4 Bookie=1
[2026-03-23 03:59:07] Input: {"update_id":896251265,
"callback_query":{"id":"7345608117220635609","from":{"id":8152733609,"is_bot":false,"first_name":"Vijay48","language_code":"en"},"message":{"message_id":908,"from":{"id":8164448894,"is_bot":true,"first_name":"Lbbot_01","username":"Gamerlb01bot"},"chat":{"id":8152733609,"first_name":"Vijay48","type":"private"},"date":1774238302,"text":"\u26a0\ufe0f Cancel Withdrawal #4\n\nAre you sure you want to cancel this withdrawal? The funds will be credited back to your balance.\n\nThis request will expire automatically in 10 minutes if not confirmed.","entities":[{"offset":3,"length":20,"type":"bold"},{"offset":124,"length":70,"type":"italic"}],"reply_markup":{"inline_keyboard":[[{"text":"\u2705 Confirm Cancel","callback_data":"CONFIRM_CANCEL_WD_4"},{"text":"\u274c Keep Withdrawal","callback_data":"KEEP_WITHDRAWAL_4"}]]}},"chat_instance":"-8022870131296560198","data":"KEEP_WITHDRAWAL_4"}}
[2026-03-23 03:59:07] Routing to handleCallback
[2026-03-23 04:00:37] Webhook hit. Token=8164448894:AAFbloa8DU6DxN8Jjo0nMYnP6bL33DzcBu4 Bookie=1
[2026-03-23 04:00:37] Input: {"update_id":896251266,
"message":{"message_id":909,"from":{"id":8152733609,"is_bot":false,"first_name":"Vijay48","language_code":"en"},"chat":{"id":8152733609,"first_name":"Vijay48","type":"private"},"date":1774238437,"text":"/start","entities":[{"offset":0,"length":6,"type":"bot_command"}]}}
[2026-03-23 04:00:37] Routing to handleMessage
[2026-03-23 04:00:37] Processing handleMessage loop, text: /start
[2026-03-23 04:00:38] Telegram response: Array
[2026-03-23 04:00:41] Webhook hit. Token=8164448894:AAFbloa8DU6DxN8Jjo0nMYnP6bL33DzcBu4 Bookie=1
[2026-03-23 04:00:41] Input: {"update_id":896251267,
"callback_query":{"id":"7345608116038943258","from":{"id":8152733609,"is_bot":false,"first_name":"Vijay48","language_code":"en"},"message":{"message_id":910,"from":{"id":8164448894,"is_bot":true,"first_name":"Lbbot_01","username":"Gamerlb01bot"},"chat":{"id":8152733609,"first_name":"Vijay48","type":"private"},"date":1774238438,"text":"Welcome to Vijay48's bookie bot!","entities":[{"offset":11,"length":7,"type":"bold"}],"reply_markup":{"inline_keyboard":[[{"text":"\ud83d\udcb0 Deposit","callback_data":"DEPOSIT"},{"text":"\ud83d\udcca Balance","callback_data":"BALANCE"}],[{"text":"\ud83c\udfe7 Withdraw","callback_data":"WITHDRAW"},{"text":"\ud83d\udd52 Active Request","callback_data":"ACTIVE_REQUESTS"}]]}},"chat_instance":"-8022870131296560198","data":"BALANCE"}}
[2026-03-23 04:00:41] Routing to handleCallback
[2026-03-23 04:01:58] Webhook hit. Token=8164448894:AAFbloa8DU6DxN8Jjo0nMYnP6bL33DzcBu4 Bookie=1
[2026-03-23 04:01:58] Input: {"update_id":896251268,
"callback_query":{"id":"7345608116125187727","from":{"id":8152733609,"is_bot":false,"first_name":"Vijay48","language_code":"en"},"message":{"message_id":910,"from":{"id":8164448894,"is_bot":true,"first_name":"Lbbot_01","username":"Gamerlb01bot"},"chat":{"id":8152733609,"first_name":"Vijay48","type":"private"},"date":1774238438,"edit_date":1774238443,"text":"\ud83d\udcb0 Balance is : $150.00","entities":[{"offset":0,"length":23,"type":"bold"}],"reply_markup":{"inline_keyboard":[[{"text":"Back to Menu","callback_data":"MAIN_MENU"}]]}},"chat_instance":"-8022870131296560198","data":"MAIN_MENU"}}
[2026-03-23 04:01:58] Routing to handleCallback
[2026-03-23 04:02:04] Webhook hit. Token=8164448894:AAFbloa8DU6DxN8Jjo0nMYnP6bL33DzcBu4 Bookie=1
[2026-03-23 04:02:04] Input: {"update_id":896251269,
"callback_query":{"id":"7345608116519594395","from":{"id":8152733609,"is_bot":false,"first_name":"Vijay48","language_code":"en"},"message":{"message_id":911,"from":{"id":8164448894,"is_bot":true,"first_name":"Lbbot_01","username":"Gamerlb01bot"},"chat":{"id":8152733609,"first_name":"Vijay48","type":"private"},"date":1774238520,"text":"Welcome to the bookie bot!","reply_markup":{"inline_keyboard":[[{"text":"\ud83d\udcb0 Deposit","callback_data":"DEPOSIT"},{"text":"\ud83d\udcca Balance","callback_data":"BALANCE"}],[{"text":"\ud83c\udfe7 Withdraw","callback_data":"WITHDRAW"},{"text":"\ud83d\udd52 Active Request","callback_data":"ACTIVE_REQUESTS"}]]}},"chat_instance":"-8022870131296560198","data":"ACTIVE_REQUESTS"}}
[2026-03-23 04:02:04] Routing to handleCallback
[2026-03-23 04:02:13] Webhook hit. Token=8164448894:AAFbloa8DU6DxN8Jjo0nMYnP6bL33DzcBu4 Bookie=1
[2026-03-23 04:02:13] Input: {"update_id":896251270,
"callback_query":{"id":"7345608115693188987","from":{"id":8152733609,"is_bot":false,"first_name":"Vijay48","language_code":"en"},"message":{"message_id":912,"from":{"id":8164448894,"is_bot":true,"first_name":"Lbbot_01","username":"Gamerlb01bot"},"chat":{"id":8152733609,"first_name":"Vijay48","type":"private"},"date":1774238527,"text":"\ud83d\udd52 Your Active Requests\n\n\ud83c\udfe7 Pending Withdrawals:\n\u2022 #4 - $20.00 (Queued)","entities":[{"offset":0,"length":23,"type":"bold"},{"offset":25,"length":23,"type":"bold"},{"offset":56,"length":6,"type":"bold"}],"reply_markup":{"inline_keyboard":[[{"text":"\u274c Cancel Withdrawal #4","callback_data":"CANCEL_WITHDRAWAL_4"}],[{"text":"Back to Menu","callback_data":"MAIN_MENU"}]]}},"chat_instance":"-8022870131296560198","data":"CANCEL_WITHDRAWAL_4"}}
[2026-03-23 04:02:13] Routing to handleCallback
[2026-03-23 04:02:54] Webhook hit. Token=8164448894:AAFbloa8DU6DxN8Jjo0nMYnP6bL33DzcBu4 Bookie=1
[2026-03-23 04:02:54] Input: {"update_id":896251271,
"callback_query":{"id":"7345608113472568389","from":{"id":8152733609,"is_bot":false,"first_name":"Vijay48","language_code":"en"},"message":{"message_id":913,"from":{"id":8164448894,"is_bot":true,"first_name":"Lbbot_01","username":"Gamerlb01bot"},"chat":{"id":8152733609,"first_name":"Vijay48","type":"private"},"date":1774238535,"text":"\u26a0\ufe0f Cancel Withdrawal #4\n\nAre you sure you want to cancel this withdrawal? The funds will be credited back to your balance.\n\nThis request will expire automatically in 10 minutes if not confirmed.","entities":[{"offset":3,"length":20,"type":"bold"},{"offset":124,"length":70,"type":"italic"}],"reply_markup":{"inline_keyboard":[[{"text":"\u2705 Confirm Cancel","callback_data":"CONFIRM_CANCEL_WD_4"},{"text":"\u274c Keep Withdrawal","callback_data":"KEEP_WITHDRAWAL_4"}]]}},"chat_instance":"-8022870131296560198","data":"KEEP_WITHDRAWAL_4"}}
[2026-03-23 04:02:54] Routing to handleCallback
[2026-03-23 04:05:11] Webhook hit. Token=8164448894:AAFbloa8DU6DxN8Jjo0nMYnP6bL33DzcBu4 Bookie=1
[2026-03-23 04:05:11] Input: {"update_id":896251272,
"callback_query":{"id":"7345608115630122402","from":{"id":8152733609,"is_bot":false,"first_name":"Vijay48","language_code":"en"},"message":{"message_id":913,"from":{"id":8164448894,"is_bot":true,"first_name":"Lbbot_01","username":"Gamerlb01bot"},"chat":{"id":8152733609,"first_name":"Vijay48","type":"private"},"date":1774238535,"edit_date":1774238576,"text":"\u2705 Withdrawal Kept\n\nYour withdrawal is still safe in the queue.","entities":[{"offset":2,"length":15,"type":"bold"}],"reply_markup":{"inline_keyboard":[[{"text":"Back to Menu","callback_data":"MAIN_MENU"}]]}},"chat_instance":"-8022870131296560198","data":"MAIN_MENU"}}
[2026-03-23 04:05:11] Routing to handleCallback
[2026-03-23 04:05:19] Webhook hit. Token=8164448894:AAFbloa8DU6DxN8Jjo0nMYnP6bL33DzcBu4 Bookie=1
[2026-03-23 04:05:19] Input: {"update_id":896251273,
"callback_query":{"id":"7345608116091539556","from":{"id":8152733609,"is_bot":false,"first_name":"Vijay48","language_code":"en"},"message":{"message_id":914,"from":{"id":8164448894,"is_bot":true,"first_name":"Lbbot_01","username":"Gamerlb01bot"},"chat":{"id":8152733609,"first_name":"Vijay48","type":"private"},"date":1774238713,"text":"Welcome to the bookie bot!","reply_markup":{"inline_keyboard":[[{"text":"\ud83d\udcb0 Deposit","callback_data":"DEPOSIT"},{"text":"\ud83d\udcca Balance","callback_data":"BALANCE"}],[{"text":"\ud83c\udfe7 Withdraw","callback_data":"WITHDRAW"},{"text":"\ud83d\udd52 Active Request","callback_data":"ACTIVE_REQUESTS"}]]}},"chat_instance":"-8022870131296560198","data":"ACTIVE_REQUESTS"}}
[2026-03-23 04:05:19] Routing to handleCallback
[2026-03-23 04:05:32] Webhook hit. Token=8164448894:AAFbloa8DU6DxN8Jjo0nMYnP6bL33DzcBu4 Bookie=1
[2026-03-23 04:05:32] Input: {"update_id":896251274,
"callback_query":{"id":"7345608115309657507","from":{"id":8152733609,"is_bot":false,"first_name":"Vijay48","language_code":"en"},"message":{"message_id":915,"from":{"id":8164448894,"is_bot":true,"first_name":"Lbbot_01","username":"Gamerlb01bot"},"chat":{"id":8152733609,"first_name":"Vijay48","type":"private"},"date":1774238722,"text":"\ud83d\udd52 Your Active Requests\n\n\ud83c\udfe7 Pending Withdrawals:\n\u2022 #4 - $20.00 (Queued)","entities":[{"offset":0,"length":23,"type":"bold"},{"offset":25,"length":23,"type":"bold"},{"offset":56,"length":6,"type":"bold"}],"reply_markup":{"inline_keyboard":[[{"text":"\u274c Cancel Withdrawal #4","callback_data":"CANCEL_WITHDRAWAL_4"}],[{"text":"Back to Menu","callback_data":"MAIN_MENU"}]]}},"chat_instance":"-8022870131296560198","data":"CANCEL_WITHDRAWAL_4"}}
[2026-03-23 04:05:32] Routing to handleCallback
[2026-03-23 04:13:26] Webhook hit. Token=8164448894:AAFbloa8DU6DxN8Jjo0nMYnP6bL33DzcBu4 Bookie=1
[2026-03-23 04:13:26] Input: {"update_id":896251275,
"callback_query":{"id":"7345608117153448807","from":{"id":8152733609,"is_bot":false,"first_name":"Vijay48","language_code":"en"},"message":{"message_id":916,"from":{"id":8164448894,"is_bot":true,"first_name":"Lbbot_01","username":"Gamerlb01bot"},"chat":{"id":8152733609,"first_name":"Vijay48","type":"private"},"date":1774238734,"text":"\u26a0\ufe0f Cancel Withdrawal #4\n\nAre you sure you want to cancel this withdrawal? The funds will be credited back to your balance.\n\nThis request will expire automatically in 10 minutes if not confirmed.","entities":[{"offset":3,"length":20,"type":"bold"},{"offset":124,"length":70,"type":"italic"}],"reply_markup":{"inline_keyboard":[[{"text":"\u2705 Confirm Cancel","callback_data":"CONFIRM_CANCEL_WD_4"},{"text":"\u274c Keep Withdrawal","callback_data":"KEEP_WITHDRAWAL_4"}]]}},"chat_instance":"-8022870131296560198","data":"KEEP_WITHDRAWAL_4"}}
[2026-03-23 04:13:26] Routing to handleCallback
[2026-03-23 04:13:33] Webhook hit. Token=8164448894:AAFbloa8DU6DxN8Jjo0nMYnP6bL33DzcBu4 Bookie=1
[2026-03-23 04:13:33] Input: {"update_id":896251276,
"callback_query":{"id":"8764701366875594271","from":{"id":6335658356,"is_bot":false,"first_name":"Alejandra","last_name":"Rosales","language_code":"en"},"message":{"message_id":679,"from":{"id":8164448894,"is_bot":true,"first_name":"Lbbot_01","username":"Gamerlb01bot"},"chat":{"id":6335658356,"first_name":"Alejandra","last_name":"Rosales","type":"private"},"date":1773644069,"edit_date":1774234975,"text":"\ud83d\udcb0 Balance is : $0.00","entities":[{"offset":0,"length":21,"type":"bold"}],"reply_markup":{"inline_keyboard":[[{"text":"Back to Menu","callback_data":"MAIN_MENU"}]]}},"chat_instance":"4082085802790994207","data":"MAIN_MENU"}}
[2026-03-23 04:13:33] Routing to handleCallback
[2026-03-23 04:13:34] Webhook hit. Token=8164448894:AAFbloa8DU6DxN8Jjo0nMYnP6bL33DzcBu4 Bookie=1
[2026-03-23 04:13:34] Input: {"update_id":896251277,
"callback_query":{"id":"8764701365494680036","from":{"id":6335658356,"is_bot":false,"first_name":"Alejandra","last_name":"Rosales","language_code":"en"},"message":{"message_id":679,"from":{"id":8164448894,"is_bot":true,"first_name":"Lbbot_01","username":"Gamerlb01bot"},"chat":{"id":6335658356,"first_name":"Alejandra","last_name":"Rosales","type":"private"},"date":1773644069,"edit_date":1774234975,"text":"\ud83d\udcb0 Balance is : $0.00","entities":[{"offset":0,"length":21,"type":"bold"}],"reply_markup":{"inline_keyboard":[[{"text":"Back to Menu","callback_data":"MAIN_MENU"}]]}},"chat_instance":"4082085802790994207","data":"MAIN_MENU"}}
[2026-03-23 04:13:34] Routing to handleCallback
[2026-03-23 04:13:46] Webhook hit. Token=8164448894:AAFbloa8DU6DxN8Jjo0nMYnP6bL33DzcBu4 Bookie=1
[2026-03-23 04:13:46] Input: {"update_id":896251278,
"callback_query":{"id":"7345608113853932287","from":{"id":8152733609,"is_bot":false,"first_name":"Vijay48","language_code":"en"},"message":{"message_id":916,"from":{"id":8164448894,"is_bot":true,"first_name":"Lbbot_01","username":"Gamerlb01bot"},"chat":{"id":8152733609,"first_name":"Vijay48","type":"private"},"date":1774238734,"edit_date":1774239209,"text":"\u2705 Withdrawal Kept\n\nYour withdrawal is still safe in the queue.","entities":[{"offset":2,"length":15,"type":"bold"}],"reply_markup":{"inline_keyboard":[[{"text":"Back to Menu","callback_data":"MAIN_MENU"}]]}},"chat_instance":"-8022870131296560198","data":"MAIN_MENU"}}
[2026-03-23 04:13:46] Routing to handleCallback
[2026-03-23 04:13:55] Webhook hit. Token=8164448894:AAFbloa8DU6DxN8Jjo0nMYnP6bL33DzcBu4 Bookie=1
[2026-03-23 04:13:55] Input: {"update_id":896251279,
"callback_query":{"id":"7345608114446138389","from":{"id":8152733609,"is_bot":false,"first_name":"Vijay48","language_code":"en"},"message":{"message_id":919,"from":{"id":8164448894,"is_bot":true,"first_name":"Lbbot_01","username":"Gamerlb01bot"},"chat":{"id":8152733609,"first_name":"Vijay48","type":"private"},"date":1774239229,"text":"Welcome to the bookie bot!","reply_markup":{"inline_keyboard":[[{"text":"\ud83d\udcb0 Deposit","callback_data":"DEPOSIT"},{"text":"\ud83d\udcca Balance","callback_data":"BALANCE"}],[{"text":"\ud83c\udfe7 Withdraw","callback_data":"WITHDRAW"},{"text":"\ud83d\udd52 Active Request","callback_data":"ACTIVE_REQUESTS"}]]}},"chat_instance":"-8022870131296560198","data":"ACTIVE_REQUESTS"}}
[2026-03-23 04:13:55] Routing to handleCallback
[2026-03-23 04:14:00] Webhook hit. Token=8164448894:AAFbloa8DU6DxN8Jjo0nMYnP6bL33DzcBu4 Bookie=1
[2026-03-23 04:14:00] Input: {"update_id":896251280,
"callback_query":{"id":"7345608114907828890","from":{"id":8152733609,"is_bot":false,"first_name":"Vijay48","language_code":"en"},"message":{"message_id":920,"from":{"id":8164448894,"is_bot":true,"first_name":"Lbbot_01","username":"Gamerlb01bot"},"chat":{"id":8152733609,"first_name":"Vijay48","type":"private"},"date":1774239238,"text":"\ud83d\udd52 Your Active Requests\n\n\ud83c\udfe7 Pending Withdrawals:\n\u2022 #4 - $20.00 (Queued)","entities":[{"offset":0,"length":23,"type":"bold"},{"offset":25,"length":23,"type":"bold"},{"offset":56,"length":6,"type":"bold"}],"reply_markup":{"inline_keyboard":[[{"text":"\u274c Cancel Withdrawal #4","callback_data":"CANCEL_WITHDRAWAL_4"}],[{"text":"Back to Menu","callback_data":"MAIN_MENU"}]]}},"chat_instance":"-8022870131296560198","data":"CANCEL_WITHDRAWAL_4"}}
[2026-03-23 04:14:00] Routing to handleCallback
[2026-03-23 04:14:21] Webhook hit. Token=8164448894:AAFbloa8DU6DxN8Jjo0nMYnP6bL33DzcBu4 Bookie=1
[2026-03-23 04:14:21] Input: {"update_id":896251281,
"callback_query":{"id":"7345608116344713820","from":{"id":8152733609,"is_bot":false,"first_name":"Vijay48","language_code":"en"},"message":{"message_id":920,"from":{"id":8164448894,"is_bot":true,"first_name":"Lbbot_01","username":"Gamerlb01bot"},"chat":{"id":8152733609,"first_name":"Vijay48","type":"private"},"date":1774239238,"edit_date":1774239242,"text":"\u26a0\ufe0f Cancel Withdrawal #4\n\nSelected : Cancel Withdraw\n\nAre you sure you want to cancel this withdrawal? The funds will be credited back to your balance.\n\nThis request will expire automatically in 10 minutes if not confirmed.","entities":[{"offset":3,"length":20,"type":"bold"},{"offset":25,"length":10,"type":"bold"},{"offset":152,"length":70,"type":"italic"}],"reply_markup":{"inline_keyboard":[[{"text":"\u2705 Confirm Cancel","callback_data":"CONFIRM_CANCEL_WD_4"},{"text":"\u274c Keep Withdrawal","callback_data":"KEEP_WITHDRAWAL_4"}]]}},"chat_instance":"-8022870131296560198","data":"CONFIRM_CANCEL_WD_4"}}
[2026-03-23 04:14:21] Routing to handleCallback
[2026-03-23 04:14:37] Webhook hit. Token=8164448894:AAFbloa8DU6DxN8Jjo0nMYnP6bL33DzcBu4 Bookie=1
[2026-03-23 04:14:37] Input: {"update_id":896251282,
"message":{"message_id":921,"from":{"id":8152733609,"is_bot":false,"first_name":"Vijay48","language_code":"en"},"chat":{"id":8152733609,"first_name":"Vijay48","type":"private"},"date":1774239277,"text":"/start","entities":[{"offset":0,"length":6,"type":"bot_command"}]}}
[2026-03-23 04:14:37] Routing to handleMessage
[2026-03-23 04:14:37] Processing handleMessage loop, text: /start
[2026-03-23 04:14:38] Telegram response: Array
[2026-03-23 04:14:40] Webhook hit. Token=8164448894:AAFbloa8DU6DxN8Jjo0nMYnP6bL33DzcBu4 Bookie=1
[2026-03-23 04:14:40] Input: {"update_id":896251283,
"callback_query":{"id":"7345608114791413140","from":{"id":8152733609,"is_bot":false,"first_name":"Vijay48","language_code":"en"},"message":{"message_id":922,"from":{"id":8164448894,"is_bot":true,"first_name":"Lbbot_01","username":"Gamerlb01bot"},"chat":{"id":8152733609,"first_name":"Vijay48","type":"private"},"date":1774239278,"text":"Welcome to Vijay48's bookie bot!","entities":[{"offset":11,"length":7,"type":"bold"}],"reply_markup":{"inline_keyboard":[[{"text":"\ud83d\udcb0 Deposit","callback_data":"DEPOSIT"},{"text":"\ud83d\udcca Balance","callback_data":"BALANCE"}],[{"text":"\ud83c\udfe7 Withdraw","callback_data":"WITHDRAW"},{"text":"\ud83d\udd52 Active Request","callback_data":"ACTIVE_REQUESTS"}]]}},"chat_instance":"-8022870131296560198","data":"BALANCE"}}
[2026-03-23 04:14:40] Routing to handleCallback
[2026-03-23 04:15:00] Webhook hit. Token=8164448894:AAFbloa8DU6DxN8Jjo0nMYnP6bL33DzcBu4 Bookie=1
[2026-03-23 04:15:00] Input: {"update_id":896251284,
"callback_query":{"id":"8764701365222607229","from":{"id":6335658356,"is_bot":false,"first_name":"Alejandra","last_name":"Rosales","language_code":"en"},"message":{"message_id":917,"from":{"id":8164448894,"is_bot":true,"first_name":"Lbbot_01","username":"Gamerlb01bot"},"chat":{"id":6335658356,"first_name":"Alejandra","last_name":"Rosales","type":"private"},"date":1774239215,"text":"Welcome to the bookie bot!","reply_markup":{"inline_keyboard":[[{"text":"\ud83d\udcb0 Deposit","callback_data":"DEPOSIT"},{"text":"\ud83d\udcca Balance","callback_data":"BALANCE"}],[{"text":"\ud83c\udfe7 Withdraw","callback_data":"WITHDRAW"},{"text":"\ud83d\udd52 Active Request","callback_data":"ACTIVE_REQUESTS"}]]}},"chat_instance":"4082085802790994207","data":"DEPOSIT"}}
[2026-03-23 04:15:00] Routing to handleCallback
[2026-03-23 04:15:06] Webhook hit. Token=8164448894:AAFbloa8DU6DxN8Jjo0nMYnP6bL33DzcBu4 Bookie=1
[2026-03-23 04:15:06] Input: {"update_id":896251285,
"message":{"message_id":924,"from":{"id":6335658356,"is_bot":false,"first_name":"Alejandra","last_name":"Rosales","language_code":"en"},"chat":{"id":6335658356,"first_name":"Alejandra","last_name":"Rosales","type":"private"},"date":1774239307,"text":"100"}}
[2026-03-23 04:15:06] Routing to handleMessage
[2026-03-23 04:15:06] Processing handleMessage loop, text: 100
[2026-03-23 04:15:10] Webhook hit. Token=8164448894:AAFbloa8DU6DxN8Jjo0nMYnP6bL33DzcBu4 Bookie=1
[2026-03-23 04:15:10] Input: {"update_id":896251286,
"callback_query":{"id":"8764701367299916908","from":{"id":6335658356,"is_bot":false,"first_name":"Alejandra","last_name":"Rosales","language_code":"en"},"message":{"message_id":925,"from":{"id":8164448894,"is_bot":true,"first_name":"Lbbot_01","username":"Gamerlb01bot"},"chat":{"id":6335658356,"first_name":"Alejandra","last_name":"Rosales","type":"private"},"date":1774239308,"text":"Please select the wallet you want to use for this $100 deposit:","reply_markup":{"inline_keyboard":[[{"text":"Wallet: venmo","callback_data":"DEPOSIT_METHOD_venmo"},{"text":"Wallet: paypal","callback_data":"DEPOSIT_METHOD_paypal"}]]}},"chat_instance":"4082085802790994207","data":"DEPOSIT_METHOD_venmo"}}
[2026-03-23 04:15:10] Routing to handleCallback
